{
"type": "FeatureCollection",
"name": "SELECT",
"features": [
{"type":"Feature","properties":{"ibge_code_municipio":"2700300","name":"Centro","code":"2700300012"},"geometry":{"type":"MultiPolygon","coordinates":[[[[-36.6640368,-9.7555989],[-36.6639872,-9.755622],[-36.6638293,-9.7556955],[-36.6622092,-9.7564545],[-36.6614311,-9.7568143],[-36.6605827,-9.757191],[-36.6594897,-9.7577168],[-36.6594206,-9.75776],[-36.6593271,-9.7576371],[-36.659173,-9.7574618],[-36.6589088,-9.7572295],[-36.658604,-9.7575632],[-36.6580136,-9.7571005],[-36.6574175,-9.7566248],[-36.6567358,-9.756093],[-36.6563192,-9.755752],[-36.6553168,-9.755147],[-36.6556406,-9.7548269],[-36.6563709,-9.7540527],[-36.6571201,-9.7531782],[-36.6567657,-9.7529828],[-36.6572777,-9.7523638],[-36.6579575,-9.7515436],[-36.6585169,-9.75083],[-36.6592865,-9.7498412],[-36.6597665,-9.7487998],[-36.6598586,-9.7485538],[-36.6598949,-9.7483588],[-36.6598958,-9.7480268],[-36.6599049,-9.7476556],[-36.6599727,-9.7470059],[-36.6603916,-9.7471091],[-36.6611637,-9.7443532],[-36.6616692,-9.744497],[-36.6631736,-9.7449041],[-36.6638264,-9.7450932],[-36.6656746,-9.7455927],[-36.6659115,-9.7456871],[-36.665938,-9.7460137],[-36.665954,-9.7461645],[-36.6660248,-9.7469396],[-36.6661764,-9.7486372],[-36.6662703,-9.7496844],[-36.6663748,-9.7508826],[-36.6664836,-9.752101],[-36.6665223,-9.7527179],[-36.6665571,-9.7530054],[-36.6665705,-9.7532124],[-36.6665686,-9.7534148],[-36.6665465,-9.7535548],[-36.6665149,-9.7537037],[-36.6664566,-9.7539003],[-36.6664021,-9.7540516],[-36.6662983,-9.7542475],[-36.6662168,-9.7543897],[-36.6661059,-9.7545374],[-36.665968,-9.7546874],[-36.6658394,-9.7547928],[-36.6656333,-9.7549336],[-36.6654164,-9.7550389],[-36.6640662,-9.7556305],[-36.6640368,-9.7555989]]]]}},
{"type":"Feature","properties":{"ibge_code_municipio":"2700300","name":"Batingas","code":"2700300040"},"geometry":{"type":"MultiPolygon","coordinates":[[[[-36.6235629,-9.794678],[-36.6246352,-9.7921741],[-36.6248857,-9.7917151],[-36.6251344,-9.7913177],[-36.6253903,-9.7909763],[-36.6255341,-9.7908148],[-36.6257288,-9.7906035],[-36.625938,-9.7903896],[-36.6262483,-9.7901147],[-36.6265164,-9.7899079],[-36.6270005,-9.7895638],[-36.6276574,-9.7890961],[-36.6278132,-9.7898271],[-36.6274304,-9.7900465],[-36.6271727,-9.7902146],[-36.6267816,-9.7905106],[-36.6280419,-9.7909914],[-36.6285556,-9.7911745],[-36.6287754,-9.7912518],[-36.6290821,-9.7913532],[-36.629182,-9.7913878],[-36.6295872,-9.7915384],[-36.6299625,-9.7916915],[-36.6304833,-9.7918738],[-36.6310556,-9.7920981],[-36.6311563,-9.7921543],[-36.6313125,-9.7930656],[-36.6314596,-9.793994],[-36.6315557,-9.7945231],[-36.6316653,-9.7950539],[-36.6317545,-9.7953766],[-36.6318847,-9.7958523],[-36.6319929,-9.7963935],[-36.6320703,-9.7967744],[-36.6321089,-9.7971012],[-36.6321392,-9.7981001],[-36.6321589,-9.7985795],[-36.632216,-9.7994563],[-36.6322513,-9.7997809],[-36.6324512,-9.8007441],[-36.6325779,-9.8012171],[-36.6327604,-9.8017178],[-36.6331936,-9.8029194],[-36.6335518,-9.8038822],[-36.6337532,-9.8043633],[-36.6338828,-9.8045755],[-36.6340478,-9.8049036],[-36.634159,-9.8051702],[-36.634324,-9.8057302],[-36.6344351,-9.8061266],[-36.6345668,-9.8067025],[-36.6346341,-9.8070124],[-36.6346549,-9.8070998],[-36.6347186,-9.8074073],[-36.6348368,-9.8079348],[-36.6348805,-9.8081358],[-36.6349435,-9.8083],[-36.6350294,-9.8084944],[-36.6350886,-9.8086354],[-36.6351222,-9.808705],[-36.6351859,-9.8088341],[-36.6352404,-9.8089305],[-36.6353778,-9.809197],[-36.6354888,-9.8094071],[-36.6356034,-9.8095945],[-36.6356775,-9.8097187],[-36.635707,-9.8097682],[-36.6357734,-9.8098983],[-36.6358207,-9.8100002],[-36.6358902,-9.810191],[-36.6360219,-9.8104898],[-36.6362286,-9.8108506],[-36.6364057,-9.8110485],[-36.6365837,-9.8112297],[-36.637169,-9.8117225],[-36.6376333,-9.8121256],[-36.6378993,-9.8123492],[-36.6380576,-9.8125365],[-36.6382079,-9.8127735],[-36.6383955,-9.8131258],[-36.6385089,-9.8136739],[-36.6384542,-9.8136728],[-36.638405,-9.8136896],[-36.6383724,-9.8137108],[-36.6383188,-9.8137179],[-36.6382789,-9.8137216],[-36.6382155,-9.8137445],[-36.6381835,-9.8137381],[-36.6381492,-9.8137239],[-36.6381185,-9.8136924],[-36.6380936,-9.813675],[-36.6380683,-9.8136877],[-36.6380385,-9.8137262],[-36.6379982,-9.8137286],[-36.6379682,-9.8137414],[-36.6379455,-9.8137966],[-36.6379201,-9.813826],[-36.6378786,-9.8138552],[-36.6378514,-9.8138866],[-36.6378469,-9.8139147],[-36.637861,-9.8139276],[-36.6378566,-9.8139665],[-36.6378522,-9.8139946],[-36.6378642,-9.8140152],[-36.6378887,-9.8140345],[-36.6379134,-9.8140497],[-36.6379392,-9.8140618],[-36.637962,-9.8140648],[-36.6379818,-9.8140747],[-36.6379888,-9.8140922],[-36.6379899,-9.8141235],[-36.637982,-9.8141495],[-36.6379669,-9.8141754],[-36.6379614,-9.8142079],[-36.6379631,-9.8142382],[-36.6379851,-9.8142514],[-36.6379955,-9.8142749],[-36.6379838,-9.8143044],[-36.6379911,-9.8143323],[-36.6379941,-9.8143762],[-36.6379804,-9.814411],[-36.6379608,-9.8144424],[-36.6379306,-9.8144618],[-36.6378939,-9.814478],[-36.637854,-9.8144877],[-36.6378071,-9.8144812],[-36.6377659,-9.8144769],[-36.6377429,-9.8144835],[-36.6377384,-9.8145147],[-36.6377504,-9.8145354],[-36.6377763,-9.8145482],[-36.6377897,-9.8145622],[-36.6377848,-9.814586],[-36.6377996,-9.8146152],[-36.6378125,-9.8146454],[-36.6378047,-9.8146724],[-36.6377956,-9.8147086],[-36.6377728,-9.8147549],[-36.6377292,-9.8147916],[-36.6376944,-9.8148316],[-36.6376678,-9.8148738],[-36.6376576,-9.8149212],[-36.6376308,-9.8149438],[-36.6376027,-9.8149806],[-36.6376001,-9.8150381],[-36.6375598,-9.8150752],[-36.6375094,-9.815126],[-36.6374947,-9.8151681],[-36.6375018,-9.8152001],[-36.637496,-9.8152298],[-36.6374917,-9.8152681],[-36.6374628,-9.8152981],[-36.6374316,-9.8153306],[-36.637433,-9.8153691],[-36.6374528,-9.8154426],[-36.6374794,-9.8154624],[-36.6375184,-9.815468],[-36.6375527,-9.8154761],[-36.6375711,-9.8154484],[-36.6375663,-9.8154128],[-36.6375675,-9.8153729],[-36.6375688,-9.8153295],[-36.6375824,-9.815316],[-36.6376114,-9.8153115],[-36.6376464,-9.8153114],[-36.6376735,-9.8153091],[-36.6377034,-9.8153197],[-36.6377343,-9.8153306],[-36.6377668,-9.8153274],[-36.6377892,-9.8153306],[-36.6378015,-9.8153544],[-36.6377926,-9.8153846],[-36.6377736,-9.8154181],[-36.6377665,-9.8154548],[-36.6377593,-9.8154927],[-36.6377518,-9.8155413],[-36.6377275,-9.8155662],[-36.6377038,-9.81562],[-36.6376839,-9.8156711],[-36.6376552,-9.8157206],[-36.6376346,-9.815777],[-36.6376241,-9.8158147],[-36.6376317,-9.8158419],[-36.6376505,-9.8158668],[-36.6376651,-9.8158862],[-36.6376591,-9.81591],[-36.6376492,-9.8159391],[-36.6376308,-9.81595],[-36.637626,-9.8159812],[-36.6376044,-9.8159971],[-36.6375735,-9.8160072],[-36.6375504,-9.8160157],[-36.6375087,-9.8160688],[-36.6374781,-9.8160865],[-36.6374413,-9.8160806],[-36.6373995,-9.8160736],[-36.6373628,-9.8160544],[-36.6373321,-9.816048],[-36.6373196,-9.8160689],[-36.6373078,-9.816099],[-36.6373202,-9.8161318],[-36.6373592,-9.81615],[-36.6373776,-9.8161816],[-36.6373981,-9.816231],[-36.6374111,-9.8162828],[-36.6373754,-9.8163239],[-36.6373672,-9.8163696],[-36.6373657,-9.8164114],[-36.6373482,-9.8164538],[-36.6373175,-9.8164587],[-36.6372922,-9.8164406],[-36.6372676,-9.8164525],[-36.6372411,-9.816464],[-36.6372158,-9.8164324],[-36.6372015,-9.8163887],[-36.6372111,-9.8163514],[-36.6372123,-9.816325],[-36.6372098,-9.8162858],[-36.6372307,-9.8162461],[-36.6372312,-9.8162158],[-36.6372261,-9.8161736],[-36.6371756,-9.816171],[-36.6371085,-9.8161768],[-36.6370671,-9.8161912],[-36.6370486,-9.8162766],[-36.6370063,-9.8163036],[-36.6369896,-9.8163335],[-36.6369853,-9.8163579],[-36.6369574,-9.8163887],[-36.636953,-9.816426],[-36.6369443,-9.8164831],[-36.6369375,-9.8165738],[-36.6369123,-9.8166322],[-36.636881,-9.8166974],[-36.6368469,-9.8167194],[-36.636785,-9.8167149],[-36.6367348,-9.8167009],[-36.6367039,-9.8166868],[-36.6366705,-9.816695],[-36.6366376,-9.8167392],[-36.6366354,-9.8167911],[-36.6366675,-9.8168317],[-36.6366938,-9.816884],[-36.6367047,-9.8169312],[-36.6367305,-9.8169841],[-36.6367454,-9.8170497],[-36.6367194,-9.8170651],[-36.6366611,-9.8170668],[-36.6366016,-9.8170605],[-36.6365493,-9.8170187],[-36.6365075,-9.8169852],[-36.6364668,-9.8170036],[-36.6364157,-9.8170474],[-36.6363407,-9.8171143],[-36.6362963,-9.8171697],[-36.6362757,-9.8172244],[-36.6362319,-9.8173244],[-36.636173,-9.8173575],[-36.6361408,-9.817371],[-36.6361009,-9.8174348],[-36.6360453,-9.8174353],[-36.6360117,-9.8174157],[-36.6359702,-9.817414],[-36.6358687,-9.8173693],[-36.6358217,-9.8173494],[-36.635786,-9.8173707],[-36.635781,-9.8173998],[-36.6357606,-9.8174397],[-36.6357577,-9.8174826],[-36.6357863,-9.8175046],[-36.6358316,-9.8175133],[-36.6358696,-9.8175316],[-36.6359049,-9.8175601],[-36.635904,-9.8176075],[-36.6359106,-9.8176612],[-36.6358725,-9.8176714],[-36.6358309,-9.8176631],[-36.6357927,-9.8176668],[-36.63577,-9.8177078],[-36.6357984,-9.8177632],[-36.6358257,-9.8178154],[-36.6358518,-9.8178803],[-36.6358273,-9.8179631],[-36.6357775,-9.8180213],[-36.6357054,-9.8180601],[-36.6356624,-9.818071],[-36.6356382,-9.8181118],[-36.6356009,-9.8181749],[-36.6355689,-9.8182885],[-36.635635,-9.8183618],[-36.6356751,-9.8184185],[-36.6356743,-9.8185051],[-36.6356488,-9.818558],[-36.6356313,-9.8186012],[-36.6355982,-9.8186279],[-36.6356304,-9.8186666],[-36.6356651,-9.818714],[-36.6357123,-9.8187433],[-36.6357452,-9.8187669],[-36.635749,-9.8188177],[-36.6357317,-9.8188775],[-36.6357032,-9.8189046],[-36.6356915,-9.8189414],[-36.6357162,-9.8189802],[-36.6357537,-9.819009],[-36.635773,-9.8190443],[-36.6358317,-9.8190539],[-36.6359008,-9.8190579],[-36.6359571,-9.8190726],[-36.6359787,-9.8191331],[-36.6359245,-9.8192191],[-36.6358739,-9.8192695],[-36.6358423,-9.819293],[-36.6358247,-9.8193113],[-36.6358263,-9.8193406],[-36.6358371,-9.819384],[-36.6358539,-9.8194156],[-36.6358582,-9.8194485],[-36.635845,-9.8194859],[-36.6358578,-9.8195273],[-36.6358649,-9.8195628],[-36.6358628,-9.8196018],[-36.6358201,-9.819632],[-36.6357842,-9.819621],[-36.6357499,-9.8196284],[-36.6356819,-9.8196325],[-36.6356093,-9.8196436],[-36.6355401,-9.8196586],[-36.6354918,-9.8196699],[-36.6354542,-9.8196742],[-36.6354208,-9.8197027],[-36.6354035,-9.8197197],[-36.6353657,-9.8197049],[-36.6353269,-9.8197165],[-36.635297,-9.8197416],[-36.6352481,-9.819771],[-36.6352268,-9.8197595],[-36.6351973,-9.8197538],[-36.6351642,-9.8197673],[-36.6351188,-9.8197555],[-36.6350892,-9.8197391],[-36.6351103,-9.8196887],[-36.6351123,-9.8196511],[-36.6350791,-9.8196208],[-36.6350309,-9.8196088],[-36.6349064,-9.8196521],[-36.6348695,-9.8196831],[-36.6347867,-9.819721],[-36.6347096,-9.8197438],[-36.6346495,-9.8197718],[-36.6345935,-9.8198041],[-36.63455,-9.8198201],[-36.6345106,-9.8198306],[-36.6344664,-9.8198686],[-36.6344304,-9.819891],[-36.6343808,-9.8199091],[-36.6343481,-9.8199244],[-36.6343171,-9.8199431],[-36.6342873,-9.8199608],[-36.6342603,-9.8199845],[-36.6342143,-9.8199999],[-36.6341622,-9.8200159],[-36.6341071,-9.8200202],[-36.6340949,-9.8200599],[-36.6340676,-9.8200621],[-36.6340152,-9.8200846],[-36.6339894,-9.8201045],[-36.6339677,-9.8201467],[-36.6339786,-9.8201747],[-36.6339732,-9.8202071],[-36.6339842,-9.8202455],[-36.6340008,-9.8202844],[-36.6340286,-9.8203802],[-36.6340709,-9.8204077],[-36.6341066,-9.8204244],[-36.6341248,-9.8204446],[-36.6341364,-9.8204696],[-36.6341387,-9.8205029],[-36.6341201,-9.8205296],[-36.6340922,-9.8205534],[-36.6340596,-9.8205682],[-36.6340226,-9.820584],[-36.6339887,-9.8206065],[-36.6339649,-9.8206122],[-36.6339591,-9.8206476],[-36.6339483,-9.8206851],[-36.6339343,-9.8207146],[-36.6339331,-9.820747],[-36.633944,-9.8207653],[-36.6339678,-9.8207686],[-36.6340013,-9.820767],[-36.6340153,-9.8207945],[-36.6340152,-9.8208339],[-36.6339931,-9.8208653],[-36.6339602,-9.8208906],[-36.6339219,-9.8208998],[-36.633845,-9.820981],[-36.6338043,-9.8210187],[-36.633766,-9.8210499],[-36.6337371,-9.8210792],[-36.6337142,-9.8211046],[-36.6336993,-9.8211245],[-36.6336917,-9.8211519],[-36.6336867,-9.8211816],[-36.6336848,-9.8212083],[-36.6336826,-9.8212351],[-36.633664,-9.8212644],[-36.6336389,-9.821283],[-36.6336138,-9.8212897],[-36.6335876,-9.8212867],[-36.6335701,-9.8213014],[-36.6335497,-9.821331],[-36.6335269,-9.82135],[-36.633513,-9.82138],[-36.6335043,-9.8214055],[-36.6334952,-9.8214486],[-36.633493,-9.8214802],[-36.6334908,-9.8215115],[-36.6334639,-9.8215489],[-36.6334379,-9.8215774],[-36.6334087,-9.8216148],[-36.6333679,-9.8216404],[-36.6333321,-9.8216674],[-36.6333092,-9.8216893],[-36.6332976,-9.8217216],[-36.6332862,-9.821753],[-36.6332554,-9.8217848],[-36.633258,-9.8218233],[-36.6332608,-9.8218701],[-36.633237,-9.8218648],[-36.6332138,-9.8218701],[-36.6332078,-9.8219042],[-36.6331844,-9.8219269],[-36.6331668,-9.8219333],[-36.6331488,-9.8219505],[-36.6331509,-9.8219745],[-36.6331715,-9.8219816],[-36.6332245,-9.8219749],[-36.6332651,-9.8219755],[-36.6332924,-9.8219763],[-36.6333085,-9.8219935],[-36.6333171,-9.8220213],[-36.6333216,-9.8220531],[-36.6333142,-9.8220957],[-36.6332948,-9.8221129],[-36.6332419,-9.8221249],[-36.633176,-9.8221227],[-36.6331323,-9.8221066],[-36.6330939,-9.8220837],[-36.6330517,-9.8220665],[-36.6330071,-9.8220589],[-36.6329696,-9.8220514],[-36.6329463,-9.8220406],[-36.6329107,-9.8220369],[-36.6328864,-9.822074],[-36.6328745,-9.8221034],[-36.6328745,-9.8221373],[-36.6328785,-9.8221687],[-36.6328817,-9.8221905],[-36.6328941,-9.8222184],[-36.6328962,-9.8222458],[-36.6328831,-9.8222769],[-36.6328515,-9.8222947],[-36.6328096,-9.8223013],[-36.6327665,-9.8222923],[-36.6327296,-9.8222715],[-36.6326951,-9.8222475],[-36.632652,-9.8222347],[-36.6326185,-9.8222305],[-36.6325893,-9.822231],[-36.6325632,-9.8222451],[-36.6325313,-9.8222464],[-36.6325032,-9.8222176],[-36.6324814,-9.8221802],[-36.6324645,-9.8221496],[-36.6324428,-9.8221258],[-36.6324164,-9.8220861],[-36.6323945,-9.8220617],[-36.6323625,-9.8220338],[-36.6323348,-9.8220028],[-36.6323087,-9.8219957],[-36.6322695,-9.8219792],[-36.6322306,-9.8219653],[-36.6321807,-9.8219335],[-36.6321418,-9.8218853],[-36.6321242,-9.8218496],[-36.6321033,-9.8218319],[-36.6320758,-9.8218146],[-36.6320458,-9.8218022],[-36.6320168,-9.8217978],[-36.6319694,-9.8217952],[-36.631934,-9.8217835],[-36.6318905,-9.8217701],[-36.6318584,-9.8217547],[-36.6318374,-9.8217263],[-36.6318224,-9.8216984],[-36.6317958,-9.8216958],[-36.6317547,-9.8216896],[-36.6317222,-9.8216839],[-36.631689,-9.8216803],[-36.6316504,-9.8216706],[-36.6316268,-9.8216331],[-36.6315962,-9.8216039],[-36.6315838,-9.8215644],[-36.6315565,-9.8215599],[-36.6315144,-9.8215479],[-36.6314767,-9.8215277],[-36.6314454,-9.8215169],[-36.6314151,-9.8215165],[-36.6313872,-9.8215232],[-36.6313654,-9.8215227],[-36.6313513,-9.8215487],[-36.6313557,-9.8215817],[-36.6313623,-9.8216112],[-36.6313538,-9.8216397],[-36.6313235,-9.8216705],[-36.6313051,-9.8217042],[-36.6312945,-9.8217505],[-36.6312835,-9.8217756],[-36.6312569,-9.8217908],[-36.6312277,-9.8217929],[-36.6312059,-9.8217987],[-36.6311734,-9.8218114],[-36.6311416,-9.8218101],[-36.6310987,-9.8217937],[-36.6310646,-9.821802],[-36.6310351,-9.8218162],[-36.631004,-9.8218343],[-36.6309957,-9.8218588],[-36.6309924,-9.8218856],[-36.6309998,-9.8219171],[-36.6310071,-9.8219379],[-36.6310067,-9.8219657],[-36.6310148,-9.8219915],[-36.6310084,-9.822023],[-36.6310052,-9.8220457],[-36.6309817,-9.8220555],[-36.6309559,-9.822063],[-36.630913,-9.8220617],[-36.6308686,-9.8220654],[-36.6308266,-9.8220653],[-36.6307928,-9.8220574],[-36.6307528,-9.8220464],[-36.6307104,-9.8220116],[-36.6306869,-9.8220184],[-36.6306655,-9.8220339],[-36.6306584,-9.8220609],[-36.6306595,-9.82209],[-36.6306897,-9.8221176],[-36.63072,-9.8221418],[-36.6307603,-9.8221787],[-36.6307863,-9.8221992],[-36.6308016,-9.8222342],[-36.6307805,-9.8222589],[-36.6307514,-9.8222714],[-36.6307258,-9.8222974],[-36.6306955,-9.82232],[-36.6306532,-9.8223193],[-36.6306091,-9.8223115],[-36.630578,-9.8223185],[-36.6305601,-9.8223408],[-36.6305454,-9.8223794],[-36.6305321,-9.8224228],[-36.6305272,-9.8224654],[-36.6304967,-9.8224964],[-36.6304683,-9.8225354],[-36.6304229,-9.8225651],[-36.6303728,-9.822596],[-36.6303321,-9.82262],[-36.630298,-9.8226621],[-36.6302787,-9.822693],[-36.6302811,-9.8227181],[-36.6303157,-9.8227862],[-36.6303467,-9.8228028],[-36.6303695,-9.8228122],[-36.6304004,-9.8228144],[-36.6304841,-9.8228421],[-36.6305194,-9.8228615],[-36.6305207,-9.8228864],[-36.6305072,-9.8229161],[-36.6304803,-9.8229276],[-36.6304521,-9.8229445],[-36.6304271,-9.8229641],[-36.6304023,-9.8229806],[-36.6303915,-9.8230088],[-36.6303629,-9.8230052],[-36.630336,-9.8229901],[-36.6302852,-9.8229685],[-36.6302432,-9.8229522],[-36.6301985,-9.8229551],[-36.6301459,-9.8229662],[-36.6301021,-9.8229767],[-36.630095,-9.8229982],[-36.6300801,-9.8230291],[-36.6300702,-9.8230509],[-36.6300697,-9.8230806],[-36.6300688,-9.8231144],[-36.6300625,-9.823151],[-36.630047,-9.8231913],[-36.6300168,-9.8232161],[-36.6299771,-9.8232366],[-36.6299525,-9.8232558],[-36.6299361,-9.8232732],[-36.6299066,-9.8232756],[-36.6298751,-9.8232751],[-36.6298385,-9.8232842],[-36.6298043,-9.8232787],[-36.6297408,-9.8232918],[-36.6297113,-9.8232891],[-36.6296742,-9.8233068],[-36.6296657,-9.8233269],[-36.6296532,-9.8233517],[-36.6296457,-9.8233775],[-36.6296279,-9.8234003],[-36.6296255,-9.8234189],[-36.6296052,-9.8234306],[-36.6295987,-9.8234554],[-36.6295904,-9.823474],[-36.6295663,-9.8234932],[-36.6295583,-9.8235113],[-36.6295361,-9.8235298],[-36.6295008,-9.8235162],[-36.6294615,-9.8235418],[-36.629436,-9.8235603],[-36.6293985,-9.8235685],[-36.6293669,-9.8235965],[-36.6293212,-9.8236373],[-36.6292686,-9.8236505],[-36.6292368,-9.8236955],[-36.6292338,-9.8237305],[-36.6292017,-9.8237685],[-36.6291531,-9.8238085],[-36.6291434,-9.8238585],[-36.6291479,-9.8239216],[-36.629165,-9.82401],[-36.6291927,-9.8240893],[-36.6292039,-9.8241676],[-36.6292092,-9.8242341],[-36.6292331,-9.8242752],[-36.6292768,-9.8242791],[-36.6293064,-9.8242368],[-36.629339,-9.8241952],[-36.6293811,-9.8241633],[-36.6294053,-9.8241795],[-36.6293945,-9.8242335],[-36.6294018,-9.8242857],[-36.6293836,-9.8243246],[-36.629351,-9.8243489],[-36.6292894,-9.8243879],[-36.6292569,-9.8244352],[-36.6291756,-9.8244916],[-36.6291954,-9.8245512],[-36.6292526,-9.8246175],[-36.6293405,-9.8246731],[-36.6294248,-9.824725],[-36.6295411,-9.8247412],[-36.6296066,-9.8247613],[-36.6296939,-9.8247767],[-36.6297843,-9.8247677],[-36.6298657,-9.8247414],[-36.6299793,-9.824716],[-36.6300756,-9.8247049],[-36.6301391,-9.8247141],[-36.6301905,-9.8247579],[-36.6301969,-9.8247939],[-36.6301782,-9.8248398],[-36.6301258,-9.8248909],[-36.6300784,-9.8248782],[-36.630023,-9.8248665],[-36.6299858,-9.8248744],[-36.6299563,-9.8249151],[-36.6299211,-9.8249398],[-36.6298839,-9.8249718],[-36.6298674,-9.8249982],[-36.6298699,-9.8250577],[-36.6298933,-9.8251153],[-36.6299256,-9.825157],[-36.6299803,-9.825204],[-36.6300309,-9.8252562],[-36.6300519,-9.8253024],[-36.6300388,-9.8253973],[-36.6300391,-9.8254474],[-36.6300516,-9.8254934],[-36.6300482,-9.825553],[-36.6300244,-9.8256333],[-36.6300331,-9.825685],[-36.6300664,-9.8257224],[-36.6301206,-9.8257242],[-36.6301658,-9.8256896],[-36.6302053,-9.8256778],[-36.6302443,-9.8257103],[-36.6302839,-9.8257535],[-36.6303079,-9.8257856],[-36.6303394,-9.8258184],[-36.6303635,-9.8258663],[-36.6303768,-9.8259197],[-36.6303743,-9.8259868],[-36.6303587,-9.8260526],[-36.6303116,-9.8260829],[-36.6302745,-9.8261004],[-36.6302249,-9.8261093],[-36.6301933,-9.8261462],[-36.6302057,-9.8261917],[-36.6302414,-9.8262364],[-36.6302846,-9.8262746],[-36.6303504,-9.8263005],[-36.6303911,-9.8263243],[-36.6303541,-9.8263854],[-36.6303187,-9.8264254],[-36.6302825,-9.826468],[-36.6302495,-9.8264895],[-36.630224,-9.8265672],[-36.6302129,-9.8266581],[-36.6301676,-9.8266905],[-36.630142,-9.8267693],[-36.6301032,-9.8268213],[-36.6300719,-9.8269293],[-36.630052,-9.8270198],[-36.6300444,-9.8271642],[-36.630042,-9.8272392],[-36.6300698,-9.8272776],[-36.630127,-9.8272733],[-36.6301747,-9.8272841],[-36.6301968,-9.8273056],[-36.6301975,-9.8273683],[-36.6301517,-9.827416],[-36.6301,-9.8274738],[-36.6300472,-9.8275305],[-36.6300027,-9.8275863],[-36.6299709,-9.8276454],[-36.6299285,-9.8277026],[-36.6298915,-9.8277719],[-36.6298768,-9.8278341],[-36.6298925,-9.8279298],[-36.6299149,-9.827991],[-36.6299456,-9.8280643],[-36.6299698,-9.8281372],[-36.6299905,-9.8282387],[-36.6300099,-9.8283382],[-36.629917,-9.8284171],[-36.6298598,-9.8284466],[-36.6297791,-9.8284404],[-36.6296843,-9.8283535],[-36.6295818,-9.8282836],[-36.6294902,-9.8282246],[-36.6293924,-9.8281562],[-36.6292976,-9.8281104],[-36.6291718,-9.8280793],[-36.6289591,-9.8279986],[-36.6287851,-9.8279085],[-36.6286376,-9.8277827],[-36.6285103,-9.8276546],[-36.6284435,-9.8276189],[-36.628372,-9.827608],[-36.6282913,-9.8276251],[-36.628209,-9.8276562],[-36.6281189,-9.8277167],[-36.627962,-9.8278379],[-36.6277027,-9.8280863],[-36.6277493,-9.8277385],[-36.6278192,-9.8272042],[-36.6278984,-9.8267709],[-36.6279092,-9.8266312],[-36.6280086,-9.8260457],[-36.6280552,-9.8257335],[-36.6280242,-9.8256931],[-36.6279853,-9.8256683],[-36.6279248,-9.8256279],[-36.627872,-9.8255906],[-36.6278285,-9.8255689],[-36.6277912,-9.8255611],[-36.6277415,-9.8255456],[-36.6277011,-9.8255176],[-36.6276701,-9.8254928],[-36.6276452,-9.8254617],[-36.6276142,-9.8254245],[-36.6275862,-9.8253779],[-36.6275583,-9.8253375],[-36.6275272,-9.8252909],[-36.6275055,-9.8252505],[-36.6274899,-9.8252102],[-36.6274713,-9.8251574],[-36.6274527,-9.8251045],[-36.6274309,-9.8250611],[-36.6273968,-9.8249989],[-36.6273626,-9.8249555],[-36.6273439,-9.8249306],[-36.6273191,-9.8249089],[-36.6272663,-9.8248685],[-36.6272414,-9.8248499],[-36.6272166,-9.8248312],[-36.6272042,-9.8248188],[-36.6271172,-9.824759],[-36.6270861,-9.8247373],[-36.627024,-9.8247124],[-36.6269712,-9.8246845],[-36.6269277,-9.824672],[-36.6268812,-9.8246689],[-36.6268501,-9.8246689],[-36.6268159,-9.824672],[-36.6267631,-9.8246814],[-36.6266979,-9.8246596],[-36.6266234,-9.8246254],[-36.626555,-9.8245789],[-36.6264991,-9.8245447],[-36.6264152,-9.8244732],[-36.6263159,-9.8243956],[-36.6262724,-9.8243614],[-36.6262196,-9.8243148],[-36.6261637,-9.8242714],[-36.6261109,-9.824231],[-36.6260487,-9.8241844],[-36.6259866,-9.8241254],[-36.6259742,-9.8241036],[-36.6259307,-9.8240617],[-36.6259059,-9.8240244],[-36.6258344,-9.8239654],[-36.6257319,-9.8238815],[-36.6256822,-9.8238256],[-36.6256139,-9.8237511],[-36.6255456,-9.8236797],[-36.6254834,-9.8236393],[-36.6254182,-9.8236051],[-36.6253499,-9.8235616],[-36.6253064,-9.8235306],[-36.625266,-9.8235026],[-36.6251697,-9.823463],[-36.6251107,-9.8234413],[-36.6250393,-9.8234133],[-36.6249772,-9.8233791],[-36.624915,-9.8233295],[-36.6248467,-9.8232829],[-36.6247939,-9.8232363],[-36.6247256,-9.8231742],[-36.624679,-9.8231307],[-36.6246013,-9.8230965],[-36.6245703,-9.8230779],[-36.6244553,-9.8230623],[-36.6243622,-9.8230188],[-36.6242628,-9.8229816],[-36.6241696,-9.8229008],[-36.6241199,-9.8228263],[-36.6240391,-9.8227393],[-36.6239211,-9.8226399],[-36.6237907,-9.8225219],[-36.6237161,-9.822466],[-36.6236043,-9.8224101],[-36.62348,-9.8223479],[-36.6234117,-9.8222858],[-36.6233434,-9.8222361],[-36.6232564,-9.8221802],[-36.6231819,-9.8221305],[-36.6230949,-9.8220622],[-36.6230266,-9.8220125],[-36.6229955,-9.8219814],[-36.6229334,-9.8219255],[-36.6228651,-9.8218758],[-36.6228091,-9.8218386],[-36.6227594,-9.8218246],[-36.6227004,-9.8217842],[-36.6226818,-9.8217656],[-36.6226476,-9.8217407],[-36.6225793,-9.8216786],[-36.6225234,-9.8216351],[-36.6224737,-9.8216009],[-36.6224085,-9.8215544],[-36.622365,-9.8215078],[-36.6223184,-9.8214581],[-36.6222656,-9.8214115],[-36.6222159,-9.8213835],[-36.6221693,-9.8213618],[-36.6221196,-9.82134],[-36.6220885,-9.8213245],[-36.6220606,-9.8213121],[-36.6220295,-9.8212935],[-36.6219923,-9.8212748],[-36.6219332,-9.8212375],[-36.6218929,-9.8212158],[-36.6218867,-9.8212034],[-36.6218463,-9.821177],[-36.6217811,-9.8211304],[-36.6217158,-9.8210838],[-36.6216599,-9.8210403],[-36.6215761,-9.8209658],[-36.6215015,-9.820913],[-36.6214332,-9.8208415],[-36.6213555,-9.8207825],[-36.6212655,-9.8207266],[-36.6212033,-9.8206955],[-36.6211692,-9.8206769],[-36.6211164,-9.8206684],[-36.621076,-9.8206435],[-36.6210356,-9.8205969],[-36.6209983,-9.8205659],[-36.6209611,-9.8205317],[-36.6209052,-9.8204882],[-36.6208523,-9.820454],[-36.6207871,-9.8204075],[-36.6207499,-9.8203733],[-36.6206846,-9.8203298],[-36.6206194,-9.8202894],[-36.6205604,-9.8202553],[-36.6204952,-9.8202118],[-36.6204206,-9.8201621],[-36.6203709,-9.820131],[-36.6203119,-9.8200969],[-36.6202342,-9.8200347],[-36.6201877,-9.8200037],[-36.6201411,-9.8199664],[-36.6201162,-9.8199478],[-36.6200821,-9.819926],[-36.6193024,-9.8194524],[-36.6190291,-9.819266],[-36.6185849,-9.8190175],[-36.618161,-9.8187892],[-36.6181128,-9.8187566],[-36.6180103,-9.8187139],[-36.6178162,-9.8186106],[-36.6175592,-9.818472],[-36.6174331,-9.8185666],[-36.6178589,-9.8191817],[-36.6175786,-9.8193825],[-36.6160805,-9.8204522],[-36.6158799,-9.8201978],[-36.6156362,-9.8197924],[-36.6146631,-9.81785],[-36.6138197,-9.8167437],[-36.6135236,-9.8170764],[-36.6134052,-9.8169214],[-36.6134461,-9.8163658],[-36.6124403,-9.8150792],[-36.6139309,-9.8139136],[-36.6142153,-9.8137674],[-36.6141287,-9.8136035],[-36.6135364,-9.8124394],[-36.6134327,-9.8125248],[-36.6133461,-9.8124205],[-36.6130231,-9.8120642],[-36.6123848,-9.8113341],[-36.6116922,-9.8105583],[-36.6113757,-9.8101929],[-36.6103019,-9.8090109],[-36.6110564,-9.8082901],[-36.6120726,-9.8073185],[-36.6130802,-9.80637],[-36.6136016,-9.8058643],[-36.6138565,-9.8056489],[-36.6141167,-9.8054529],[-36.6144,-9.8052605],[-36.6147587,-9.8050461],[-36.6151813,-9.8048381],[-36.6154804,-9.8047056],[-36.6158976,-9.8045559],[-36.6164448,-9.8044026],[-36.6169785,-9.8042474],[-36.6174733,-9.804083],[-36.6179089,-9.8039024],[-36.6182418,-9.8037351],[-36.6184902,-9.8035946],[-36.6189347,-9.8033088],[-36.6192586,-9.8030625],[-36.6195898,-9.8027778],[-36.6197752,-9.8025936],[-36.6201429,-9.8021886],[-36.6202534,-9.8020429],[-36.6203688,-9.8018905],[-36.6206713,-9.8014147],[-36.6208,-9.80118],[-36.6208866,-9.801024],[-36.621056,-9.8006295],[-36.6215634,-9.799434],[-36.6217776,-9.7989156],[-36.6220115,-9.798356],[-36.6229134,-9.7962272],[-36.6234073,-9.7950157],[-36.6235629,-9.794678]]]]}},
{"type":"Feature","properties":{"ibge_code_municipio":"2700300","name":"Eldorado","code":"2700300013"},"geometry":{"type":"MultiPolygon","coordinates":[[[[-36.6692677,-9.7402167],[-36.6695936,-9.7405601],[-36.6700252,-9.7410339],[-36.6708613,-9.7419],[-36.6712238,-9.7422846],[-36.671034,-9.7424291],[-36.671375,-9.7429174],[-36.6718117,-9.7435259],[-36.6721775,-9.744058],[-36.6726861,-9.7448126],[-36.6725353,-9.7449171],[-36.6724123,-9.7449463],[-36.6711262,-9.7453785],[-36.669738,-9.7458439],[-36.6691659,-9.7460374],[-36.6686401,-9.7462057],[-36.6678953,-9.7464551],[-36.6669425,-9.7467556],[-36.6660248,-9.7469396],[-36.665954,-9.7461645],[-36.665938,-9.7460137],[-36.6659115,-9.7456871],[-36.6656179,-9.7420004],[-36.6655768,-9.7418634],[-36.6655849,-9.741724],[-36.665614,-9.7415614],[-36.6658574,-9.7407584],[-36.6661811,-9.7396147],[-36.6662522,-9.7393759],[-36.6663578,-9.7389737],[-36.6665384,-9.7383366],[-36.6668388,-9.737321],[-36.6670073,-9.7375161],[-36.6679045,-9.7386561],[-36.6682663,-9.7390972],[-36.6686057,-9.7394874],[-36.6689457,-9.7398629],[-36.6692677,-9.7402167]]]]}},
{"type":"Feature","properties":{"ibge_code_municipio":"2700300","name":"Capiatã","code":"2700300010"},"geometry":{"type":"MultiPolygon","coordinates":[[[[-36.660797,-9.7385791],[-36.6629815,-9.7375544],[-36.6633877,-9.7373239],[-36.6634367,-9.7373432],[-36.6638949,-9.7378171],[-36.6641675,-9.7381119],[-36.6644131,-9.7384243],[-36.6645038,-9.7385114],[-36.6647683,-9.7388755],[-36.6648348,-9.7389711],[-36.6649726,-9.7392096],[-36.6651137,-9.7394561],[-36.6652405,-9.7397074],[-36.6653396,-9.739968],[-36.6653994,-9.7401666],[-36.6654552,-9.7403914],[-36.6654953,-9.7406567],[-36.6655245,-9.7413215],[-36.6655562,-9.7415022],[-36.665614,-9.7415614],[-36.6655849,-9.741724],[-36.6655768,-9.7418634],[-36.6656179,-9.7420004],[-36.6659115,-9.7456871],[-36.6656746,-9.7455927],[-36.6638264,-9.7450932],[-36.6631736,-9.7449041],[-36.6616692,-9.744497],[-36.6611637,-9.7443532],[-36.6605399,-9.7441987],[-36.6605078,-9.7443497],[-36.6597249,-9.7444943],[-36.6597371,-9.7443593],[-36.6597216,-9.7441718],[-36.6596518,-9.7439237],[-36.6595831,-9.743778],[-36.65947,-9.7436269],[-36.659378,-9.7435198],[-36.6593487,-9.7434324],[-36.659269,-9.742052],[-36.6592534,-9.7418285],[-36.6592377,-9.7415593],[-36.6592453,-9.7413477],[-36.6592742,-9.7412225],[-36.6593324,-9.7410497],[-36.6594363,-9.7409101],[-36.6591613,-9.7407132],[-36.6590481,-9.7403846],[-36.65903,-9.740288],[-36.6598024,-9.7395554],[-36.6598584,-9.7395738],[-36.660211,-9.7392397],[-36.6600046,-9.7389712],[-36.660797,-9.7385791]]]]}},
{"type":"Feature","properties":{"ibge_code_municipio":"2700300","name":"Caititus","code":"2700300008"},"geometry":{"type":"MultiPolygon","coordinates":[[[[-36.6574256,-9.7406822],[-36.6576889,-9.7422654],[-36.657784,-9.7428423],[-36.6579878,-9.7442584],[-36.6564077,-9.7443472],[-36.6553354,-9.7444139],[-36.6552694,-9.7437611],[-36.6551653,-9.7430029],[-36.6551099,-9.7426326],[-36.6550482,-9.7425684],[-36.6548076,-9.7419709],[-36.6544369,-9.7410796],[-36.6543154,-9.7406989],[-36.6541678,-9.7401045],[-36.6541204,-9.7398311],[-36.654112,-9.739494],[-36.6541256,-9.7392938],[-36.654164,-9.7389731],[-36.654218,-9.7386722],[-36.6543809,-9.7379487],[-36.6546009,-9.7370054],[-36.6546482,-9.7366308],[-36.6547101,-9.7363844],[-36.6548123,-9.7360586],[-36.6548766,-9.7360542],[-36.6548681,-9.7359657],[-36.6548092,-9.7354606],[-36.6546089,-9.7343773],[-36.6545242,-9.7338244],[-36.654722,-9.7336127],[-36.6563509,-9.7333871],[-36.6567221,-9.7356868],[-36.6570143,-9.737652],[-36.6573709,-9.7374314],[-36.6574461,-9.7376155],[-36.6585962,-9.7373002],[-36.6589001,-9.7376625],[-36.6589647,-9.7376289],[-36.659161,-9.737852],[-36.6593414,-9.7381034],[-36.6600046,-9.7389712],[-36.660211,-9.7392397],[-36.6598584,-9.7395738],[-36.6598024,-9.7395554],[-36.65903,-9.740288],[-36.6590481,-9.7403846],[-36.6574256,-9.7406822]]]]}},
{"type":"Feature","properties":{"ibge_code_municipio":"2700300","name":"Senador Arnon de Melo","code":"2700300029"},"geometry":{"type":"MultiPolygon","coordinates":[[[[-36.644863,-9.7376323],[-36.644688,-9.7377688],[-36.644225,-9.7381711],[-36.6435609,-9.7374706],[-36.6434629,-9.7373605],[-36.6432548,-9.7371764],[-36.6430069,-9.7370163],[-36.6425366,-9.7367494],[-36.6417448,-9.7363201],[-36.6410637,-9.735949],[-36.6406635,-9.7357785],[-36.6403285,-9.7356257],[-36.6400683,-9.7354814],[-36.6398264,-9.7353254],[-36.6397379,-9.735255],[-36.639536,-9.7350669],[-36.639389,-9.7349032],[-36.6389288,-9.734358],[-36.6386844,-9.734102],[-36.6382231,-9.7336585],[-36.637787,-9.7332756],[-36.6375401,-9.7330781],[-36.6371504,-9.7327587],[-36.6370205,-9.7324972],[-36.6369389,-9.7322633],[-36.6368682,-9.7319497],[-36.6368166,-9.7316027],[-36.6367622,-9.7313588],[-36.6367214,-9.7312503],[-36.6363752,-9.7306408],[-36.6360628,-9.7300859],[-36.6357875,-9.7296344],[-36.6357195,-9.7295433],[-36.635175,-9.7288854],[-36.6350663,-9.7286937],[-36.6347651,-9.7281082],[-36.6346406,-9.7278054],[-36.6345472,-9.7275405],[-36.6345098,-9.727326],[-36.6344964,-9.7271426],[-36.6345043,-9.7268781],[-36.6345585,-9.7262568],[-36.6345804,-9.72563],[-36.6345895,-9.7248668],[-36.6346288,-9.7244814],[-36.6347143,-9.7239797],[-36.6348131,-9.7236134],[-36.6348887,-9.7233894],[-36.6349183,-9.7229352],[-36.6349227,-9.7226262],[-36.6348594,-9.7222963],[-36.6347648,-9.7218764],[-36.6347163,-9.7215518],[-36.6346524,-9.7202504],[-36.6346522,-9.7200659],[-36.6346822,-9.7198992],[-36.6349421,-9.7191498],[-36.6350179,-9.7188836],[-36.6350366,-9.7186894],[-36.6350318,-9.7185507],[-36.6349215,-9.7179755],[-36.6349267,-9.7178229],[-36.6350294,-9.7173892],[-36.6351413,-9.7171451],[-36.6358805,-9.7168657],[-36.6361518,-9.7168072],[-36.636495,-9.7167419],[-36.6367559,-9.7166589],[-36.6370395,-9.7165589],[-36.6372917,-9.7164363],[-36.63895,-9.7155891],[-36.6395776,-9.7152897],[-36.6407757,-9.714625],[-36.6413074,-9.7143854],[-36.6419964,-9.7141582],[-36.6421104,-9.714186],[-36.6422595,-9.7143755],[-36.6424676,-9.714624],[-36.6429149,-9.7151116],[-36.6437162,-9.715944],[-36.6442604,-9.7164663],[-36.644471,-9.716684],[-36.6447816,-9.7169946],[-36.6449835,-9.7172369],[-36.6451947,-9.7174838],[-36.6454215,-9.7176857],[-36.6456761,-9.7178814],[-36.6459464,-9.718039],[-36.6463238,-9.7183357],[-36.6466568,-9.7179666],[-36.6468797,-9.717685],[-36.6470956,-9.7172532],[-36.6473208,-9.7168774],[-36.6474303,-9.7166786],[-36.6475561,-9.7164402],[-36.6477432,-9.7161475],[-36.647837,-9.7159939],[-36.6479312,-9.7158653],[-36.6479964,-9.7157561],[-36.6481253,-9.7156443],[-36.6481338,-9.7156031],[-36.6480787,-9.7155356],[-36.6480569,-9.7154641],[-36.64806,-9.7153834],[-36.6481097,-9.7153461],[-36.6481944,-9.7153119],[-36.6483054,-9.7151846],[-36.6474264,-9.7142388],[-36.6474654,-9.7141182],[-36.6476096,-9.7140695],[-36.6477246,-9.7139857],[-36.6477401,-9.7139142],[-36.6476811,-9.7138397],[-36.6477774,-9.7137186],[-36.648119,-9.7134483],[-36.6482246,-9.713293],[-36.6477867,-9.7129048],[-36.6478643,-9.7127774],[-36.6478426,-9.7126967],[-36.6482402,-9.7124233],[-36.6490571,-9.7117866],[-36.6497808,-9.711358],[-36.6498584,-9.7112493],[-36.6498771,-9.7111561],[-36.6498553,-9.7110753],[-36.6498367,-9.7109356],[-36.6498584,-9.7107709],[-36.649818,-9.7106156],[-36.6499361,-9.710538],[-36.6502032,-9.7103734],[-36.6504268,-9.7100317],[-36.6507747,-9.7098267],[-36.6510915,-9.7098019],[-36.6514891,-9.7098391],[-36.6516817,-9.7096838],[-36.6520753,-9.7095829],[-36.652025,-9.7092813],[-36.6518851,-9.7086309],[-36.6513105,-9.707974],[-36.650548,-9.7071182],[-36.6501845,-9.7067238],[-36.6498522,-9.7063153],[-36.6498246,-9.7062963],[-36.6500562,-9.7057417],[-36.6502186,-9.7053324],[-36.650281,-9.7052049],[-36.6505129,-9.7048221],[-36.6505679,-9.7047027],[-36.6506238,-9.7045218],[-36.6506496,-9.7037623],[-36.6506349,-9.7036404],[-36.6504976,-9.7029959],[-36.6504183,-9.7024357],[-36.6504013,-9.7021758],[-36.6504133,-9.7020054],[-36.6504822,-9.7019211],[-36.6508217,-9.7016791],[-36.6509627,-9.7015217],[-36.6511873,-9.7012712],[-36.6515002,-9.7009396],[-36.651791,-9.7005809],[-36.6520813,-9.700183],[-36.6524198,-9.6997563],[-36.6524812,-9.6997049],[-36.652562,-9.6998193],[-36.6528903,-9.700505],[-36.6530099,-9.7007294],[-36.6531639,-9.7009653],[-36.653406,-9.7012567],[-36.6536918,-9.7015325],[-36.654116,-9.7018199],[-36.6544408,-9.7019542],[-36.6545916,-9.7019348],[-36.6549665,-9.7021774],[-36.6552438,-9.7023621],[-36.6558257,-9.7028158],[-36.6559139,-9.7029612],[-36.6559952,-9.7032353],[-36.6561025,-9.7036806],[-36.6561364,-9.7038992],[-36.656144,-9.7041798],[-36.656037,-9.7047081],[-36.6560313,-9.7048633],[-36.6560536,-9.7050099],[-36.6561223,-9.7051669],[-36.6562458,-9.7053746],[-36.6564781,-9.7056363],[-36.6569298,-9.7060937],[-36.657174,-9.7063112],[-36.6573967,-9.7065733],[-36.6575718,-9.7068112],[-36.657946,-9.7071982],[-36.6580777,-9.7073624],[-36.6581217,-9.7074287],[-36.6584298,-9.7079399],[-36.6586714,-9.7088251],[-36.6587619,-9.7091177],[-36.6589098,-9.7096642],[-36.6589762,-9.7099067],[-36.6591222,-9.7103657],[-36.6591173,-9.7107446],[-36.6589336,-9.7113894],[-36.6587119,-9.7120585],[-36.6584831,-9.7125465],[-36.6583864,-9.7128676],[-36.658305,-9.7132361],[-36.6582243,-9.7139468],[-36.6582091,-9.7142514],[-36.6582248,-9.7145011],[-36.6582929,-9.7149838],[-36.6583171,-9.7153521],[-36.658293,-9.7157364],[-36.6582303,-9.7161447],[-36.6581673,-9.7164115],[-36.6580693,-9.7167016],[-36.6579195,-9.717017],[-36.6578105,-9.7172174],[-36.6577949,-9.7171001],[-36.657744,-9.7170387],[-36.6576733,-9.7170369],[-36.657602,-9.7170721],[-36.6573252,-9.7174168],[-36.6572514,-9.7174837],[-36.6569855,-9.7178456],[-36.6566888,-9.718168],[-36.6560831,-9.7188579],[-36.6559988,-9.7189656],[-36.6556712,-9.7195107],[-36.6555521,-9.7196788],[-36.6552458,-9.7200633],[-36.6550948,-9.7202533],[-36.6548557,-9.7205932],[-36.6547954,-9.7206732],[-36.6547335,-9.7207346],[-36.6545223,-9.7210517],[-36.6543614,-9.7212557],[-36.6542836,-9.7213022],[-36.6540407,-9.7215663],[-36.6539816,-9.7216719],[-36.6538473,-9.7218533],[-36.6537519,-9.72198],[-36.6536418,-9.7221811],[-36.653561,-9.7223893],[-36.6535091,-9.7225967],[-36.6534843,-9.722809],[-36.6534765,-9.7229927],[-36.65349,-9.7231383],[-36.6535371,-9.7234162],[-36.6535794,-9.7235601],[-36.6536554,-9.7237398],[-36.6538044,-9.7241153],[-36.6538934,-9.724329],[-36.6541188,-9.7249329],[-36.6542664,-9.7252765],[-36.6545191,-9.7258418],[-36.6546094,-9.7260276],[-36.6546603,-9.7261157],[-36.654757,-9.7260551],[-36.6548295,-9.7261619],[-36.655151,-9.7268446],[-36.6552645,-9.7270699],[-36.6553704,-9.7273506],[-36.6555187,-9.7276697],[-36.6556672,-9.727948],[-36.655932,-9.7283862],[-36.6560203,-9.7284983],[-36.6562849,-9.7288337],[-36.6566023,-9.7292328],[-36.6570351,-9.7297331],[-36.6581089,-9.731024],[-36.6581342,-9.7311498],[-36.6582628,-9.731376],[-36.6569085,-9.7319792],[-36.6556508,-9.732533],[-36.654424,-9.7330724],[-36.6523961,-9.7339753],[-36.6489073,-9.7355302],[-36.6468221,-9.7364478],[-36.6465555,-9.736571],[-36.6459967,-9.7368543],[-36.6458108,-9.7369654],[-36.6457678,-9.7369989],[-36.6454814,-9.737175],[-36.645187,-9.7373796],[-36.644863,-9.7376323]]]]}},
{"type":"Feature","properties":{"ibge_code_municipio":"2700300","name":"Jardim Esperança","code":"2700300016"},"geometry":{"type":"MultiPolygon","coordinates":[[[[-36.67647,-9.7250516],[-36.6789878,-9.724217],[-36.6810076,-9.7236506],[-36.6821612,-9.7232348],[-36.6845864,-9.7224202],[-36.6847051,-9.7223917],[-36.6847505,-9.7244805],[-36.6847607,-9.7248071],[-36.6847378,-9.725033],[-36.6846866,-9.7252466],[-36.6846014,-9.7254505],[-36.6844929,-9.7256091],[-36.6842966,-9.725793],[-36.6839178,-9.7261174],[-36.6833473,-9.7266522],[-36.6832131,-9.7267926],[-36.6831949,-9.7268116],[-36.6829733,-9.7270703],[-36.6826133,-9.7274722],[-36.6823647,-9.7277265],[-36.6822406,-9.7278492],[-36.6817932,-9.7281785],[-36.6814205,-9.7284553],[-36.6806583,-9.7289473],[-36.6803839,-9.7291109],[-36.680215,-9.7292503],[-36.679897,-9.729517],[-36.6797322,-9.7296778],[-36.6794846,-9.7299035],[-36.6789018,-9.730509],[-36.6787316,-9.7306937],[-36.6786073,-9.7309245],[-36.6783824,-9.7311579],[-36.6782154,-9.7313268],[-36.6778446,-9.7317251],[-36.6766005,-9.7308477],[-36.6768481,-9.7305439],[-36.6756827,-9.72982],[-36.6749709,-9.7293322],[-36.6745551,-9.7290905],[-36.6745349,-9.7290716],[-36.6745083,-9.729017],[-36.6736698,-9.7284615],[-36.6734128,-9.728418],[-36.6728843,-9.7283445],[-36.6724127,-9.7282764],[-36.6714288,-9.728144],[-36.6695397,-9.7278448],[-36.6695911,-9.727636],[-36.6696366,-9.7274205],[-36.671044,-9.7268891],[-36.671533,-9.7267186],[-36.6730914,-9.726188],[-36.67647,-9.7250516]]]]}},
{"type":"Feature","properties":{"ibge_code_municipio":"2700300","name":"Cacimbas","code":"2700300007"},"geometry":{"type":"MultiPolygon","coordinates":[[[[-36.6605827,-9.757191],[-36.6614311,-9.7568143],[-36.6622092,-9.7564545],[-36.6638293,-9.7556955],[-36.6639872,-9.755622],[-36.6640368,-9.7555989],[-36.6640662,-9.7556305],[-36.6650623,-9.7565695],[-36.6654348,-9.7568857],[-36.6660379,-9.7574451],[-36.666642,-9.7579674],[-36.6667968,-9.758064],[-36.6674121,-9.758194],[-36.6688086,-9.7584884],[-36.6689431,-9.7585545],[-36.6697077,-9.75913],[-36.6699752,-9.7592857],[-36.6707235,-9.7596371],[-36.6714092,-9.7599032],[-36.6713324,-9.759952],[-36.6708602,-9.7600897],[-36.6706168,-9.7602126],[-36.6701105,-9.7604636],[-36.6696512,-9.7606808],[-36.6695858,-9.7607002],[-36.6692215,-9.7608763],[-36.6679739,-9.7613793],[-36.6672759,-9.7615447],[-36.6665004,-9.7617179],[-36.6660272,-9.7618149],[-36.6668649,-9.7632012],[-36.667121,-9.7635949],[-36.667383,-9.7639467],[-36.6675438,-9.7641421],[-36.6676261,-9.7643709],[-36.6678109,-9.7646733],[-36.6678708,-9.7647785],[-36.6678977,-9.7648623],[-36.6679071,-9.7649123],[-36.667911,-9.7652766],[-36.6679035,-9.7653838],[-36.6679393,-9.765579],[-36.6679693,-9.7657569],[-36.667914,-9.7658205],[-36.6676051,-9.7660002],[-36.6665806,-9.7665081],[-36.6659619,-9.7667778],[-36.6660601,-9.7670097],[-36.6652665,-9.7674215],[-36.665059,-9.7674784],[-36.6644192,-9.7675923],[-36.6643251,-9.7669579],[-36.6642156,-9.766369],[-36.6642445,-9.7663237],[-36.6645036,-9.7658986],[-36.6644857,-9.7658192],[-36.6645148,-9.7654268],[-36.6642645,-9.7653144],[-36.6642895,-9.7651001],[-36.6643696,-9.7648693],[-36.6644534,-9.7645591],[-36.6645037,-9.7643705],[-36.6643342,-9.7643523],[-36.6642534,-9.7641103],[-36.6643495,-9.7639222],[-36.6642889,-9.7638255],[-36.6640854,-9.7637251],[-36.6640028,-9.7633618],[-36.6638857,-9.7628266],[-36.6637687,-9.7621503],[-36.6625831,-9.7623915],[-36.6619035,-9.7625523],[-36.6617838,-9.761718],[-36.6615185,-9.7611972],[-36.6612107,-9.7606679],[-36.6608159,-9.7600038],[-36.6604558,-9.7593909],[-36.6599598,-9.758545],[-36.659692,-9.7581046],[-36.6594206,-9.75776],[-36.6594897,-9.7577168],[-36.6605827,-9.757191]]]]}},
{"type":"Feature","properties":{"ibge_code_municipio":"2700300","name":"Novo Horizonte","code":"2700300020"},"geometry":{"type":"MultiPolygon","coordinates":[[[[-36.6489229,-9.7479438],[-36.6482944,-9.748349],[-36.6459411,-9.7470622],[-36.6449396,-9.7465118],[-36.6415215,-9.7446561],[-36.6385305,-9.7430246],[-36.6406017,-9.741264],[-36.6423424,-9.7397794],[-36.6424641,-9.7396787],[-36.6425785,-9.7398332],[-36.6438418,-9.7404965],[-36.6472549,-9.7423756],[-36.6488304,-9.7432574],[-36.6493777,-9.743534],[-36.6496081,-9.7436698],[-36.64995,-9.7439288],[-36.6502731,-9.7441851],[-36.6503235,-9.744218],[-36.6505339,-9.7443751],[-36.650718,-9.7444988],[-36.6515532,-9.7450119],[-36.6521656,-9.7453919],[-36.6508914,-9.7464279],[-36.6501599,-9.7469741],[-36.6495621,-9.7474397],[-36.6489229,-9.7479438]]]]}},
{"type":"Feature","properties":{"ibge_code_municipio":"2700300","name":"Cavaco","code":"2700300011"},"geometry":{"type":"MultiPolygon","coordinates":[[[[-36.6772372,-9.7429969],[-36.6765464,-9.7431243],[-36.6763928,-9.7431075],[-36.675887,-9.7429088],[-36.675755,-9.7428601],[-36.6756042,-9.7428456],[-36.6751873,-9.7430112],[-36.6746982,-9.7432018],[-36.6742363,-9.743395],[-36.6738645,-9.7436277],[-36.6726861,-9.7448126],[-36.6721775,-9.744058],[-36.6718117,-9.7435259],[-36.671375,-9.7429174],[-36.671034,-9.7424291],[-36.6712238,-9.7422846],[-36.6708613,-9.7419],[-36.6700252,-9.7410339],[-36.6707598,-9.7401447],[-36.6711851,-9.7396315],[-36.6716063,-9.73911],[-36.6727118,-9.7377698],[-36.673399,-9.7369411],[-36.6741621,-9.7359968],[-36.6748304,-9.7351933],[-36.675092,-9.734882],[-36.6753899,-9.7345159],[-36.6760814,-9.7336711],[-36.6764253,-9.7332474],[-36.6767231,-9.7328762],[-36.6772106,-9.7323554],[-36.6778446,-9.7317251],[-36.6782154,-9.7313268],[-36.6786271,-9.731924],[-36.6788705,-9.7322702],[-36.6791656,-9.7326105],[-36.6795029,-9.7330209],[-36.6802616,-9.7338686],[-36.6805689,-9.7342649],[-36.6807458,-9.7345218],[-36.6808879,-9.7347743],[-36.6810655,-9.7351425],[-36.6812846,-9.7355905],[-36.6813412,-9.7357059],[-36.6815517,-9.7361351],[-36.6817395,-9.7365055],[-36.6819371,-9.7369031],[-36.6823644,-9.7378183],[-36.6823788,-9.7378963],[-36.6824237,-9.7379277],[-36.6826175,-9.7383426],[-36.6826889,-9.7385],[-36.6833776,-9.7400188],[-36.6830199,-9.7401611],[-36.6823395,-9.7400657],[-36.6819505,-9.7400128],[-36.6815861,-9.7399722],[-36.681295,-9.7399696],[-36.6810949,-9.7399839],[-36.6808873,-9.7400402],[-36.6806416,-9.7401035],[-36.6804412,-9.7401677],[-36.6801806,-9.7402935],[-36.6797903,-9.7404663],[-36.679579,-9.7406065],[-36.6793082,-9.7408592],[-36.6789416,-9.7412327],[-36.6785181,-9.7417329],[-36.6783852,-9.7419288],[-36.6782972,-9.7421946],[-36.6781666,-9.7427519],[-36.6781038,-9.7428353],[-36.6772372,-9.7429969]]]]}},
{"type":"Feature","properties":{"ibge_code_municipio":"2700300","name":"Itapoã","code":"2700300015"},"geometry":{"type":"MultiPolygon","coordinates":[[[[-36.6457431,-9.7495904],[-36.6452468,-9.7498448],[-36.6447274,-9.750123],[-36.644555,-9.7502137],[-36.6438786,-9.7505784],[-36.6432198,-9.7509144],[-36.6430547,-9.750972],[-36.642831,-9.7510341],[-36.6426724,-9.7510804],[-36.6418303,-9.7512961],[-36.6411566,-9.7514247],[-36.6397937,-9.7516173],[-36.6391616,-9.751715],[-36.6377408,-9.7519202],[-36.6375277,-9.7519609],[-36.6375005,-9.7519379],[-36.6357489,-9.7503458],[-36.6347947,-9.7494889],[-36.6345653,-9.7492786],[-36.63381,-9.7485888],[-36.6336085,-9.7483425],[-36.6334637,-9.7481706],[-36.633348,-9.7478917],[-36.6333492,-9.7476826],[-36.633424,-9.7475336],[-36.6335306,-9.7474044],[-36.6335953,-9.7472565],[-36.635217,-9.7458638],[-36.6385305,-9.7430246],[-36.6415215,-9.7446561],[-36.6449396,-9.7465118],[-36.6459411,-9.7470622],[-36.6482944,-9.748349],[-36.6481891,-9.7483852],[-36.6470714,-9.7489163],[-36.6463771,-9.7492569],[-36.6457431,-9.7495904]]]]}},
{"type":"Feature","properties":{"ibge_code_municipio":"2700300","name":"Senador Nilo Coelho","code":"2700300030"},"geometry":{"type":"MultiPolygon","coordinates":[[[[-36.6826889,-9.7385],[-36.6826175,-9.7383426],[-36.6824237,-9.7379277],[-36.6823788,-9.7378963],[-36.6823644,-9.7378183],[-36.6819371,-9.7369031],[-36.6817395,-9.7365055],[-36.6815517,-9.7361351],[-36.6813412,-9.7357059],[-36.6812846,-9.7355905],[-36.6810655,-9.7351425],[-36.6808879,-9.7347743],[-36.6807458,-9.7345218],[-36.6805689,-9.7342649],[-36.6802616,-9.7338686],[-36.6795029,-9.7330209],[-36.6791656,-9.7326105],[-36.6788705,-9.7322702],[-36.6786271,-9.731924],[-36.6782154,-9.7313268],[-36.6783824,-9.7311579],[-36.6786073,-9.7309245],[-36.6787316,-9.7306937],[-36.6789018,-9.730509],[-36.6794846,-9.7299035],[-36.6797322,-9.7296778],[-36.679897,-9.729517],[-36.680215,-9.7292503],[-36.6803839,-9.7291109],[-36.6806583,-9.7289473],[-36.6814205,-9.7284553],[-36.6817932,-9.7281785],[-36.6822406,-9.7278492],[-36.6823647,-9.7277265],[-36.6826133,-9.7274722],[-36.6829733,-9.7270703],[-36.6831949,-9.7268116],[-36.6832131,-9.7267926],[-36.6833473,-9.7266522],[-36.6839178,-9.7261174],[-36.6842966,-9.725793],[-36.6844929,-9.7256091],[-36.6846014,-9.7254505],[-36.6846866,-9.7252466],[-36.6847378,-9.725033],[-36.6847607,-9.7248071],[-36.6847505,-9.7244805],[-36.6847051,-9.7223917],[-36.6872555,-9.721533],[-36.6935878,-9.7194136],[-36.6970249,-9.718268],[-36.6990596,-9.7175812],[-36.7014128,-9.7168],[-36.7037448,-9.7160181],[-36.7058104,-9.7153239],[-36.7066303,-9.7150467],[-36.7072044,-9.7148575],[-36.707808,-9.7146523],[-36.7087076,-9.7143526],[-36.7098902,-9.7139508],[-36.712008,-9.7132671],[-36.7124851,-9.7131306],[-36.7127236,-9.7135072],[-36.7127163,-9.7135927],[-36.7125742,-9.7140223],[-36.7125339,-9.7142836],[-36.7124095,-9.7144083],[-36.7122875,-9.7145051],[-36.7121716,-9.7146117],[-36.7121097,-9.7146262],[-36.7119288,-9.7149634],[-36.711423,-9.7154842],[-36.7112836,-9.7157266],[-36.7106116,-9.7161667],[-36.7107008,-9.7163044],[-36.7108664,-9.7166459],[-36.711089,-9.7171495],[-36.7113388,-9.7176241],[-36.7113914,-9.7177585],[-36.7113728,-9.7178068],[-36.7114679,-9.7182033],[-36.7115243,-9.7183994],[-36.7116443,-9.7187666],[-36.7116276,-9.7188759],[-36.7116606,-9.7193233],[-36.7117341,-9.7196403],[-36.7118717,-9.7200428],[-36.7122004,-9.7210492],[-36.7123718,-9.7215541],[-36.7124342,-9.7216878],[-36.7124273,-9.7220209],[-36.7123428,-9.7223155],[-36.7122758,-9.7224768],[-36.7122101,-9.7226049],[-36.7119923,-9.7228827],[-36.7118819,-9.7230112],[-36.7115565,-9.7234442],[-36.7113481,-9.723864],[-36.711323,-9.7240377],[-36.7113184,-9.7241366],[-36.7113478,-9.7242215],[-36.7114329,-9.7244215],[-36.7114441,-9.7245093],[-36.7114418,-9.7245878],[-36.7114244,-9.7246564],[-36.7113655,-9.7247546],[-36.7112185,-9.7249785],[-36.7115965,-9.725331],[-36.7117416,-9.7254743],[-36.7118335,-9.7255402],[-36.7119091,-9.7255983],[-36.7120278,-9.725732],[-36.7121441,-9.7259228],[-36.7121944,-9.7260085],[-36.7123717,-9.7262757],[-36.7125332,-9.7264904],[-36.7126598,-9.7267071],[-36.7127286,-9.7268163],[-36.7127349,-9.7268639],[-36.7127243,-9.7269206],[-36.7126492,-9.7271088],[-36.7125912,-9.7273011],[-36.7125333,-9.7273355],[-36.7123719,-9.7274689],[-36.7124948,-9.7280875],[-36.712263,-9.7281341],[-36.712293,-9.7283397],[-36.7103809,-9.7289211],[-36.7109095,-9.7317611],[-36.7109433,-9.7318395],[-36.7111885,-9.7330484],[-36.7111611,-9.7333811],[-36.7109655,-9.7347072],[-36.7103361,-9.7346946],[-36.7116279,-9.7373227],[-36.7107493,-9.7376579],[-36.7101572,-9.7378991],[-36.7101258,-9.7379871],[-36.7100571,-9.7380781],[-36.7100376,-9.7380928],[-36.7100279,-9.7381267],[-36.7100133,-9.7381413],[-36.7100085,-9.7381607],[-36.7099842,-9.7381801],[-36.7099648,-9.7381946],[-36.7099163,-9.7382286],[-36.7098823,-9.7382529],[-36.709858,-9.738282],[-36.7098241,-9.7383354],[-36.7098095,-9.7383645],[-36.7097901,-9.7383984],[-36.7097901,-9.7384227],[-36.7097804,-9.7384712],[-36.7097756,-9.7385197],[-36.7097659,-9.7385731],[-36.7097659,-9.7386119],[-36.7097561,-9.7386507],[-36.7097561,-9.7386604],[-36.7097416,-9.7386944],[-36.709727,-9.7387381],[-36.7097173,-9.7387575],[-36.7097173,-9.7387866],[-36.7097125,-9.7388254],[-36.7097028,-9.7388642],[-36.7097028,-9.7389176],[-36.7096979,-9.7389613],[-36.7096979,-9.738971],[-36.7096979,-9.7389952],[-36.7096979,-9.7390292],[-36.7096979,-9.739068],[-36.7096979,-9.7391068],[-36.7096979,-9.7391408],[-36.7097125,-9.739199],[-36.7097173,-9.7392427],[-36.7097319,-9.7392718],[-36.7097367,-9.7393349],[-36.709727,-9.7393592],[-36.7096979,-9.7393883],[-36.7096931,-9.7394271],[-36.7096931,-9.7394562],[-36.7096931,-9.7394805],[-36.7096931,-9.7395144],[-36.7096979,-9.7395435],[-36.7096979,-9.7395532],[-36.7096979,-9.7396066],[-36.7096979,-9.7396309],[-36.7096979,-9.7396454],[-36.7096979,-9.73966],[-36.7097125,-9.7396988],[-36.7097125,-9.7397231],[-36.7097173,-9.7397473],[-36.7097125,-9.7397813],[-36.7097278,-9.739876],[-36.7094179,-9.7399295],[-36.7090663,-9.7399982],[-36.7070425,-9.7403988],[-36.7068915,-9.7404592],[-36.706772,-9.7405542],[-36.7067031,-9.740654],[-36.7066947,-9.7405466],[-36.7066764,-9.7398434],[-36.7062982,-9.7399001],[-36.7060298,-9.7399789],[-36.7062059,-9.7405083],[-36.706131,-9.7414221],[-36.7040047,-9.741957],[-36.7031551,-9.7409468],[-36.7022995,-9.7410968],[-36.7019274,-9.7393005],[-36.7010503,-9.7396496],[-36.7009139,-9.7393503],[-36.7007753,-9.7390905],[-36.6998336,-9.7395648],[-36.7016274,-9.7428045],[-36.7007146,-9.7433308],[-36.7008065,-9.7439251],[-36.7009178,-9.7442638],[-36.7012692,-9.7450944],[-36.6999532,-9.7455066],[-36.6997854,-9.7451024],[-36.699676,-9.7447799],[-36.6990654,-9.7448893],[-36.6982429,-9.7456758],[-36.6983827,-9.7461342],[-36.6977233,-9.7460054],[-36.6973875,-9.7459299],[-36.6972063,-9.7459014],[-36.6969303,-9.7458757],[-36.696669,-9.7458711],[-36.6959802,-9.7458989],[-36.6956119,-9.7459177],[-36.6953795,-9.7459331],[-36.6951208,-9.7459636],[-36.6947875,-9.7460318],[-36.6944265,-9.7461246],[-36.693691,-9.746339],[-36.6933115,-9.7463998],[-36.6930785,-9.7464041],[-36.6929996,-9.7463943],[-36.6926731,-9.7462992],[-36.6926692,-9.7462978],[-36.6923837,-9.7461988],[-36.6916207,-9.7458827],[-36.6911575,-9.7456939],[-36.6908622,-9.7455556],[-36.6907466,-9.7454838],[-36.6906481,-9.7454254],[-36.6902054,-9.7451576],[-36.6899484,-9.745],[-36.6896517,-9.7448054],[-36.6893012,-9.7445573],[-36.6892603,-9.7445317],[-36.6889565,-9.7443311],[-36.6887915,-9.7442183],[-36.6885969,-9.7441038],[-36.6876567,-9.743628],[-36.6872047,-9.7433972],[-36.6865869,-9.7430337],[-36.6865752,-9.7430268],[-36.686265,-9.7428423],[-36.6860537,-9.7426827],[-36.6856451,-9.7422511],[-36.6854332,-9.7420243],[-36.6847845,-9.7413682],[-36.6843075,-9.7409045],[-36.6833776,-9.7400188],[-36.6826889,-9.7385]]]]}},
{"type":"Feature","properties":{"ibge_code_municipio":"2700300","name":"Santa Esmeralda","code":"2700300027"},"geometry":{"type":"MultiPolygon","coordinates":[[[[-36.6457678,-9.7369989],[-36.6458108,-9.7369654],[-36.6459967,-9.7368543],[-36.6465555,-9.736571],[-36.6468221,-9.7364478],[-36.6489073,-9.7355302],[-36.6523961,-9.7339753],[-36.652682,-9.7356414],[-36.6527091,-9.7358299],[-36.6527616,-9.7361862],[-36.6528459,-9.7367132],[-36.6529482,-9.7372707],[-36.6530981,-9.7379204],[-36.6532842,-9.7384294],[-36.6535125,-9.7390252],[-36.6537651,-9.7396136],[-36.6540604,-9.740291],[-36.6543154,-9.7406989],[-36.6544369,-9.7410796],[-36.6548076,-9.7419709],[-36.6550482,-9.7425684],[-36.6551099,-9.7426326],[-36.6551653,-9.7430029],[-36.6552694,-9.7437611],[-36.6553354,-9.7444139],[-36.6545205,-9.7444603],[-36.6536477,-9.744515],[-36.6535826,-9.7446149],[-36.6531959,-9.7452572],[-36.6528718,-9.7458171],[-36.6521656,-9.7453919],[-36.6515532,-9.7450119],[-36.650718,-9.7444988],[-36.6505339,-9.7443751],[-36.6503235,-9.744218],[-36.6502731,-9.7441851],[-36.64995,-9.7439288],[-36.6496081,-9.7436698],[-36.6493777,-9.743534],[-36.6488304,-9.7432574],[-36.6472549,-9.7423756],[-36.6438418,-9.7404965],[-36.6425785,-9.7398332],[-36.6424641,-9.7396787],[-36.6440792,-9.7382978],[-36.644225,-9.7381711],[-36.644688,-9.7377688],[-36.644863,-9.7376323],[-36.645187,-9.7373796],[-36.6454814,-9.737175],[-36.6457678,-9.7369989]]]]}},
{"type":"Feature","properties":{"ibge_code_municipio":"2700300","name":"Senador Teotônio Vilela","code":"2700300031"},"geometry":{"type":"MultiPolygon","coordinates":[[[[-36.65947,-9.7436269],[-36.6595831,-9.743778],[-36.6596518,-9.7439237],[-36.6597216,-9.7441718],[-36.6597371,-9.7443593],[-36.6597249,-9.7444943],[-36.6605078,-9.7443497],[-36.6605399,-9.7441987],[-36.6611637,-9.7443532],[-36.6603916,-9.7471091],[-36.6599727,-9.7470059],[-36.6594414,-9.7468786],[-36.6593861,-9.7468451],[-36.6593871,-9.7468034],[-36.6594312,-9.7467292],[-36.6595388,-9.7465422],[-36.6595722,-9.7464185],[-36.6596187,-9.7458536],[-36.6587242,-9.745828],[-36.6581929,-9.7457943],[-36.6581667,-9.7451122],[-36.6581494,-9.744971],[-36.6580852,-9.7442551],[-36.6579878,-9.7442584],[-36.657784,-9.7428423],[-36.6576889,-9.7422654],[-36.6574256,-9.7406822],[-36.6590481,-9.7403846],[-36.6591613,-9.7407132],[-36.6594363,-9.7409101],[-36.6593324,-9.7410497],[-36.6592742,-9.7412225],[-36.6592453,-9.7413477],[-36.6592377,-9.7415593],[-36.6592534,-9.7418285],[-36.659269,-9.742052],[-36.6593487,-9.7434324],[-36.659378,-9.7435198],[-36.65947,-9.7436269]]]]}},
{"type":"Feature","properties":{"ibge_code_municipio":"2700300","name":"Ouro Preto","code":"2700300022"},"geometry":{"type":"MultiPolygon","coordinates":[[[[-36.6580136,-9.7571005],[-36.658604,-9.7575632],[-36.6589088,-9.7572295],[-36.659173,-9.7574618],[-36.6593271,-9.7576371],[-36.6590741,-9.7578265],[-36.6589861,-9.7578628],[-36.658809,-9.7580153],[-36.6587052,-9.7581222],[-36.6585133,-9.7583698],[-36.6584454,-9.7584908],[-36.6583053,-9.7587025],[-36.6581702,-9.7589544],[-36.6575986,-9.7600034],[-36.6572972,-9.7605669],[-36.6570967,-9.7609158],[-36.6569248,-9.7613236],[-36.6568693,-9.7614731],[-36.656808,-9.7616678],[-36.656739,-9.7620574],[-36.6567111,-9.7622939],[-36.6566875,-9.7626963],[-36.6566711,-9.7633508],[-36.6558751,-9.7634735],[-36.6557679,-9.7642179],[-36.6551166,-9.7637052],[-36.6545163,-9.7632256],[-36.6539888,-9.7627997],[-36.6534756,-9.762381],[-36.652962,-9.7619599],[-36.652463,-9.7615555],[-36.6519895,-9.7611872],[-36.6516736,-9.7609481],[-36.6514887,-9.7607858],[-36.6510467,-9.7603084],[-36.6508877,-9.7600925],[-36.6508281,-9.7599713],[-36.6507639,-9.7597132],[-36.6507023,-9.7590028],[-36.6506371,-9.7583348],[-36.6518625,-9.7578699],[-36.6526153,-9.7575648],[-36.6528337,-9.7574538],[-36.6532392,-9.7571381],[-36.6539783,-9.7564337],[-36.6549276,-9.7555282],[-36.6553168,-9.755147],[-36.6563192,-9.755752],[-36.6567358,-9.756093],[-36.6574175,-9.7566248],[-36.6580136,-9.7571005]]]]}},
{"type":"Feature","properties":{"ibge_code_municipio":"2700300","name":"Brasiliana","code":"2700300006"},"geometry":{"type":"MultiPolygon","coordinates":[[[[-36.6658446,-9.7287242],[-36.6680246,-9.7279985],[-36.668503,-9.7278369],[-36.6688908,-9.7277117],[-36.6696366,-9.7274205],[-36.6695911,-9.727636],[-36.6695397,-9.7278448],[-36.6692081,-9.7290249],[-36.6689553,-9.7298348],[-36.6682516,-9.7323181],[-36.6676664,-9.7343887],[-36.6669771,-9.7368713],[-36.6668388,-9.737321],[-36.6665384,-9.7383366],[-36.6663578,-9.7389737],[-36.6662522,-9.7393759],[-36.6661811,-9.7396147],[-36.6658574,-9.7407584],[-36.665614,-9.7415614],[-36.6655562,-9.7415022],[-36.6655245,-9.7413215],[-36.6654953,-9.7406567],[-36.6654552,-9.7403914],[-36.6653994,-9.7401666],[-36.6653396,-9.739968],[-36.6652405,-9.7397074],[-36.6651137,-9.7394561],[-36.6649726,-9.7392096],[-36.6648348,-9.7389711],[-36.6647683,-9.7388755],[-36.6645038,-9.7385114],[-36.6644131,-9.7384243],[-36.6641675,-9.7381119],[-36.6638949,-9.7378171],[-36.6634367,-9.7373432],[-36.6633877,-9.7373239],[-36.6629646,-9.7367742],[-36.6626828,-9.7364233],[-36.6623389,-9.7360132],[-36.6623061,-9.7359898],[-36.6614107,-9.7349399],[-36.6611276,-9.7346122],[-36.6608273,-9.734237],[-36.6602663,-9.7335679],[-36.6596099,-9.7327788],[-36.6585899,-9.7316154],[-36.6583514,-9.7313367],[-36.658891,-9.7311025],[-36.6593836,-9.7309089],[-36.6604101,-9.7305625],[-36.6609207,-9.7303824],[-36.6627175,-9.7297894],[-36.6653532,-9.7288894],[-36.6658446,-9.7287242]]]]}},
{"type":"Feature","properties":{"ibge_code_municipio":"2700300","name":"Boa Vista","code":"2700300004"},"geometry":{"type":"MultiPolygon","coordinates":[[[[-36.6328013,-9.7816342],[-36.632971,-9.7811802],[-36.6331538,-9.7807761],[-36.6337366,-9.7793017],[-36.633807,-9.7790667],[-36.6342559,-9.778022],[-36.6343029,-9.7777378],[-36.6343087,-9.7777143],[-36.6346266,-9.7773118],[-36.6347888,-9.7771982],[-36.6349982,-9.7771218],[-36.6351873,-9.7771134],[-36.6353814,-9.7771643],[-36.6359979,-9.7774087],[-36.6378895,-9.7781991],[-36.6383979,-9.7784069],[-36.6397231,-9.7789499],[-36.6398589,-9.7790107],[-36.6404236,-9.7792444],[-36.6418847,-9.7798379],[-36.6452018,-9.7812069],[-36.6463078,-9.7816629],[-36.6471121,-9.7819836],[-36.6475013,-9.7821449],[-36.6513018,-9.7837169],[-36.6529655,-9.784388],[-36.6539649,-9.7848139],[-36.6542546,-9.7854064],[-36.6549295,-9.7870645],[-36.6553714,-9.7881044],[-36.6557413,-9.7889945],[-36.6563305,-9.7904452],[-36.6566296,-9.7911765],[-36.6569735,-9.7920665],[-36.6570693,-9.7923244],[-36.6573263,-9.7929961],[-36.6577082,-9.7940983],[-36.6577856,-9.7943102],[-36.6581755,-9.7954369],[-36.6583348,-9.795868],[-36.6587791,-9.7970811],[-36.6591607,-9.7981901],[-36.6595046,-9.7992174],[-36.659543,-9.7993108],[-36.6597875,-9.7997746],[-36.6602699,-9.80053],[-36.6604741,-9.8008561],[-36.6606186,-9.8010926],[-36.6608046,-9.8014311],[-36.6611683,-9.8022216],[-36.6618017,-9.8037477],[-36.6624429,-9.8052664],[-36.6630059,-9.8066382],[-36.6627045,-9.8067388],[-36.6624187,-9.8068912],[-36.6614074,-9.8072198],[-36.660777,-9.8074644],[-36.6607535,-9.8074737],[-36.6605551,-9.8071981],[-36.6603272,-9.8070111],[-36.6601107,-9.806879],[-36.6599365,-9.806791],[-36.6583353,-9.8076603],[-36.6582718,-9.8076634],[-36.6577219,-9.8079942],[-36.6573087,-9.8082701],[-36.6572222,-9.8083591],[-36.6571899,-9.8084687],[-36.6571987,-9.8085884],[-36.6572361,-9.8087303],[-36.6574371,-9.8092453],[-36.6565512,-9.809263],[-36.6563375,-9.8082123],[-36.6546594,-9.8083379],[-36.6546555,-9.8080241],[-36.6542508,-9.8080046],[-36.6539026,-9.8080379],[-36.6534715,-9.8081117],[-36.6532389,-9.8081295],[-36.6530933,-9.8081447],[-36.652976,-9.8081773],[-36.6528717,-9.808186],[-36.6525631,-9.8081947],[-36.6524327,-9.8082186],[-36.6523176,-9.8082599],[-36.6522306,-9.8083185],[-36.6521589,-9.8084098],[-36.6521437,-9.8085],[-36.6521177,-9.8086564],[-36.6520785,-9.8087738],[-36.6520112,-9.8088629],[-36.6519199,-9.8089063],[-36.6518156,-9.8089367],[-36.6517721,-9.8088194],[-36.6517504,-9.8086673],[-36.651707,-9.8085065],[-36.6516852,-9.8083891],[-36.6516678,-9.8083196],[-36.6516505,-9.808224],[-36.6516287,-9.8081892],[-36.6515635,-9.8080762],[-36.6515201,-9.8080328],[-36.6514636,-9.8079589],[-36.6514897,-9.8078698],[-36.6514983,-9.8078133],[-36.6514853,-9.8077742],[-36.6514419,-9.8077003],[-36.6513897,-9.8076264],[-36.6513332,-9.8075525],[-36.6512854,-9.8074917],[-36.6512419,-9.8074222],[-36.6511854,-9.8073048],[-36.6511637,-9.807257],[-36.6511507,-9.8072179],[-36.6510985,-9.8071136],[-36.6510811,-9.8070658],[-36.6510594,-9.8070049],[-36.6510333,-9.8069485],[-36.6510268,-9.8069289],[-36.6509833,-9.8068594],[-36.6509529,-9.8068289],[-36.650853,-9.8067594],[-36.6508139,-9.8067203],[-36.6507878,-9.8066855],[-36.650753,-9.8066421],[-36.6507226,-9.8066029],[-36.6506748,-9.8065464],[-36.650627,-9.8064943],[-36.6505966,-9.8064552],[-36.6505574,-9.806403],[-36.6505357,-9.8063683],[-36.6505053,-9.8063161],[-36.6504836,-9.8062683],[-36.6504705,-9.8062205],[-36.6504575,-9.8061727],[-36.6504531,-9.8061379],[-36.6504358,-9.8060945],[-36.6504184,-9.8060597],[-36.6504053,-9.8060293],[-36.6503923,-9.8060032],[-36.6503749,-9.8059641],[-36.6503575,-9.8059293],[-36.6503401,-9.8058946],[-36.6502836,-9.8058207],[-36.6502489,-9.8057902],[-36.6502141,-9.8057468],[-36.6501837,-9.805699],[-36.6501533,-9.8056425],[-36.6501076,-9.8055936],[-36.6499903,-9.8055154],[-36.6499077,-9.8054589],[-36.6498382,-9.805385],[-36.6497382,-9.8053024],[-36.6496817,-9.8052372],[-36.6496165,-9.8051764],[-36.6495427,-9.8051112],[-36.6494514,-9.8050417],[-36.6493949,-9.8049852],[-36.6493036,-9.8049243],[-36.6492211,-9.8048765],[-36.6491732,-9.8048635],[-36.6490646,-9.8048244],[-36.6489559,-9.8047809],[-36.6488516,-9.80472],[-36.6487865,-9.8046766],[-36.6487126,-9.8046331],[-36.6486604,-9.804594],[-36.6485996,-9.8045419],[-36.6485778,-9.8044984],[-36.6485518,-9.8044549],[-36.6485257,-9.8043941],[-36.6484953,-9.8043159],[-36.6484822,-9.8042768],[-36.6484649,-9.8042203],[-36.6484649,-9.8041942],[-36.6484518,-9.8041648],[-36.6484105,-9.8041127],[-36.6483736,-9.8040888],[-36.648341,-9.8040649],[-36.6483236,-9.8040366],[-36.6483193,-9.8040236],[-36.6483127,-9.8040019],[-36.6483084,-9.8039867],[-36.6482975,-9.8039584],[-36.648291,-9.8039432],[-36.6482867,-9.8039389],[-36.6482715,-9.8039041],[-36.6482584,-9.8038845],[-36.6482519,-9.8038715],[-36.6482519,-9.8038606],[-36.6482454,-9.8038324],[-36.6482454,-9.803815],[-36.6482389,-9.8037781],[-36.6482323,-9.8037542],[-36.6482106,-9.8037216],[-36.648215,-9.803702],[-36.6482345,-9.8036846],[-36.6482432,-9.8036694],[-36.6482454,-9.8036564],[-36.6482454,-9.8036346],[-36.648241,-9.8036064],[-36.6482389,-9.8035847],[-36.6482389,-9.8035608],[-36.6482389,-9.8035434],[-36.6482389,-9.803526],[-36.6482171,-9.8034956],[-36.6482041,-9.8034934],[-36.6481737,-9.803513],[-36.648165,-9.8035325],[-36.6481563,-9.8035412],[-36.6481389,-9.8035434],[-36.6481259,-9.8035412],[-36.6480998,-9.8035216],[-36.6481041,-9.8034869],[-36.6481085,-9.8034565],[-36.6481085,-9.8034434],[-36.6481107,-9.8034217],[-36.6481226,-9.8033907],[-36.6481226,-9.8033603],[-36.6481204,-9.8033386],[-36.6480987,-9.8033081],[-36.6480748,-9.8032799],[-36.6480618,-9.8032582],[-36.6480466,-9.8032212],[-36.6480422,-9.8031865],[-36.64804,-9.8031604],[-36.64804,-9.8031343],[-36.6480487,-9.8031061],[-36.6480639,-9.8030843],[-36.6480748,-9.8030669],[-36.6480878,-9.803043],[-36.6480965,-9.8030278],[-36.6481117,-9.8029996],[-36.648127,-9.8029616],[-36.648127,-9.8029355],[-36.6481248,-9.8029051],[-36.6481226,-9.8028833],[-36.6481183,-9.8028529],[-36.6481074,-9.8028247],[-36.6480944,-9.8027899],[-36.6480835,-9.8027573],[-36.6480705,-9.8027117],[-36.6480661,-9.8026921],[-36.6480574,-9.8026617],[-36.6480531,-9.8026269],[-36.6480487,-9.8025987],[-36.6480357,-9.8025704],[-36.6480226,-9.8025509],[-36.648014,-9.8025313],[-36.6480074,-9.8025052],[-36.6480031,-9.8024813],[-36.6480009,-9.8024574],[-36.6480053,-9.8024313],[-36.6480074,-9.8024053],[-36.6480074,-9.8023814],[-36.6480096,-9.8023596],[-36.6480161,-9.8023379],[-36.6480226,-9.8023162],[-36.648027,-9.8022923],[-36.6480313,-9.8022662],[-36.6480335,-9.8022488],[-36.64804,-9.8022314],[-36.6480487,-9.802214],[-36.6480531,-9.8021967],[-36.6480574,-9.8021771],[-36.6480574,-9.8021597],[-36.6480552,-9.802138],[-36.6480552,-9.8021141],[-36.6480639,-9.8020924],[-36.6480813,-9.8020706],[-36.6480922,-9.8020619],[-36.648103,-9.8020467],[-36.6481139,-9.8020359],[-36.6481291,-9.8020272],[-36.6481422,-9.802012],[-36.6481509,-9.8019881],[-36.6481519,-9.8019484],[-36.6481411,-9.801918],[-36.6481411,-9.8018897],[-36.6481367,-9.8018593],[-36.6481346,-9.8018224],[-36.6481389,-9.8017963],[-36.6481454,-9.8017746],[-36.6481519,-9.8017441],[-36.6481606,-9.8017137],[-36.6481672,-9.8016963],[-36.648178,-9.8016746],[-36.6481889,-9.8016594],[-36.6482019,-9.8016377],[-36.6482171,-9.8016246],[-36.648228,-9.8015942],[-36.6482323,-9.8015551],[-36.6482389,-9.8015181],[-36.6482519,-9.8014834],[-36.6482693,-9.8014616],[-36.6482867,-9.8014291],[-36.6483041,-9.8013943],[-36.6483193,-9.8013769],[-36.648341,-9.8013617],[-36.6483584,-9.801353],[-36.6483714,-9.8013465],[-36.6483953,-9.8013465],[-36.6484149,-9.801353],[-36.6484344,-9.8013639],[-36.6484518,-9.8013878],[-36.6484692,-9.8014182],[-36.6484822,-9.8014464],[-36.6484953,-9.8014769],[-36.648504,-9.8015029],[-36.6485279,-9.8015399],[-36.6485518,-9.8015746],[-36.6485605,-9.8015964],[-36.648567,-9.8016181],[-36.6485692,-9.8016377],[-36.6485757,-9.8016637],[-36.6485844,-9.8016876],[-36.6485974,-9.801705],[-36.6486126,-9.8017094],[-36.6486387,-9.8017072],[-36.6486887,-9.8016876],[-36.6487126,-9.8016703],[-36.6487386,-9.8016507],[-36.6487604,-9.8016355],[-36.6487886,-9.8016224],[-36.6488104,-9.8016138],[-36.6488364,-9.8016007],[-36.6488777,-9.801592],[-36.6488929,-9.8015833],[-36.6489125,-9.8015703],[-36.6489299,-9.8015507],[-36.6489473,-9.8015377],[-36.6489603,-9.801529],[-36.648982,-9.8015181],[-36.6490038,-9.8015029],[-36.649019,-9.8014834],[-36.6490342,-9.8014682],[-36.6490537,-9.8014551],[-36.6490755,-9.8014421],[-36.6490842,-9.801416],[-36.6490928,-9.8013769],[-36.6490885,-9.8013595],[-36.6490646,-9.80134],[-36.6490472,-9.8013226],[-36.6490342,-9.8013095],[-36.6490124,-9.8012922],[-36.6489951,-9.8012639],[-36.6489733,-9.8012465],[-36.6489581,-9.8012357],[-36.648932,-9.8012183],[-36.6489081,-9.8012009],[-36.6488842,-9.801177],[-36.6488734,-9.8011639],[-36.648856,-9.8011466],[-36.6488451,-9.8011335],[-36.6488147,-9.8011074],[-36.6487951,-9.8010988],[-36.6487799,-9.8010879],[-36.6487626,-9.8010727],[-36.6487626,-9.8010662],[-36.6487626,-9.8010423],[-36.6487843,-9.8009896],[-36.6487973,-9.8009678],[-36.6488104,-9.8009439],[-36.6488212,-9.8009157],[-36.6488256,-9.800894],[-36.6488256,-9.8008722],[-36.6488169,-9.8008505],[-36.6488017,-9.8008353],[-36.6487604,-9.8008049],[-36.64873,-9.800781],[-36.6487104,-9.8007679],[-36.6486887,-9.8007484],[-36.6486648,-9.8007266],[-36.6486517,-9.8007114],[-36.6486387,-9.8006919],[-36.6486343,-9.8006571],[-36.6486343,-9.800631],[-36.6486257,-9.8006158],[-36.648617,-9.8005963],[-36.6486061,-9.800581],[-36.6485909,-9.8005745],[-36.648567,-9.8005637],[-36.6485431,-9.8005528],[-36.6485235,-9.8005441],[-36.648504,-9.8005311],[-36.6484844,-9.8005159],[-36.6484692,-9.800505],[-36.6484518,-9.8004963],[-36.6484344,-9.8004854],[-36.6484149,-9.8004767],[-36.648391,-9.800468],[-36.6483627,-9.8004528],[-36.648341,-9.800442],[-36.6483258,-9.8004333],[-36.6483106,-9.8004224],[-36.6483019,-9.8004137],[-36.6482801,-9.8003833],[-36.648278,-9.8003659],[-36.6482693,-9.8003355],[-36.6482801,-9.8002931],[-36.6482867,-9.8002692],[-36.6482867,-9.8002344],[-36.6482888,-9.8002214],[-36.6483062,-9.8002084],[-36.648328,-9.8001997],[-36.6483432,-9.8001866],[-36.6483562,-9.8001845],[-36.6483671,-9.8001845],[-36.6483888,-9.8001953],[-36.648404,-9.8002084],[-36.6484105,-9.8002127],[-36.6484257,-9.8002149],[-36.648454,-9.8002149],[-36.6484649,-9.8002149],[-36.6484953,-9.8002149],[-36.6485148,-9.8002084],[-36.6485366,-9.8001932],[-36.6485561,-9.8001845],[-36.6485735,-9.8001736],[-36.6485844,-9.800154],[-36.6485974,-9.8001323],[-36.6486104,-9.8001106],[-36.6486191,-9.8000867],[-36.6486191,-9.8000606],[-36.6486278,-9.8000389],[-36.6486409,-9.8000128],[-36.6486517,-9.7999846],[-36.6486604,-9.7999628],[-36.6486735,-9.7999454],[-36.6486908,-9.7999215],[-36.6486952,-9.7998694],[-36.6486974,-9.7998455],[-36.6487126,-9.7998216],[-36.6487278,-9.7998042],[-36.6487408,-9.7997868],[-36.6487539,-9.7997694],[-36.6487647,-9.7997499],[-36.6487734,-9.7997325],[-36.6487821,-9.7997151],[-36.648793,-9.7996977],[-36.6487951,-9.7996955],[-36.6488136,-9.7996907],[-36.6488506,-9.7996798],[-36.6488853,-9.7996711],[-36.6489071,-9.7996624],[-36.6489397,-9.7996515],[-36.6489549,-9.7996429],[-36.6489722,-9.7996342],[-36.6489983,-9.7996255],[-36.6490222,-9.7996168],[-36.6490483,-9.7996081],[-36.6490744,-9.7996016],[-36.6491005,-9.7995929],[-36.6491265,-9.7995842],[-36.6491461,-9.7995777],[-36.6492113,-9.7995646],[-36.6492352,-9.7995559],[-36.6492743,-9.7995451],[-36.6493025,-9.7995168],[-36.6493286,-9.7994907],[-36.6493547,-9.7994668],[-36.6493786,-9.7994473],[-36.649396,-9.7994234],[-36.649396,-9.799393],[-36.649396,-9.7993538],[-36.6493895,-9.7993256],[-36.6493808,-9.7992887],[-36.6493677,-9.7992582],[-36.6493634,-9.7992343],[-36.6493612,-9.7992126],[-36.6493612,-9.7992039],[-36.6493612,-9.7991887],[-36.6493612,-9.799167],[-36.649359,-9.7991409],[-36.6491526,-9.7989019],[-36.6489788,-9.798841],[-36.648831,-9.7987802],[-36.6487441,-9.7987367],[-36.6486572,-9.7986846],[-36.6485702,-9.7986237],[-36.6484746,-9.7985629],[-36.648379,-9.798502],[-36.6482486,-9.7984151],[-36.6481356,-9.7983543],[-36.6480748,-9.7983108],[-36.6479966,-9.7982587],[-36.6478749,-9.7981978],[-36.6477532,-9.7981457],[-36.6476402,-9.7981109],[-36.6475533,-9.7981022],[-36.6473968,-9.79805],[-36.6472751,-9.7980066],[-36.6471621,-9.7979284],[-36.6470752,-9.7978501],[-36.6469362,-9.7976937],[-36.6468492,-9.7975981],[-36.6468145,-9.7975285],[-36.6467536,-9.797459],[-36.6466841,-9.7973982],[-36.6465972,-9.797346],[-36.6465276,-9.7973112],[-36.6464581,-9.7972504],[-36.6463886,-9.7971635],[-36.6463016,-9.7970505],[-36.6462582,-9.7969549],[-36.6462756,-9.7968419],[-36.6462843,-9.7967202],[-36.6462929,-9.7966506],[-36.6462756,-9.796555],[-36.6462321,-9.7964942],[-36.64618,-9.796416],[-36.6461713,-9.7963638],[-36.6461278,-9.796303],[-36.6460843,-9.7962682],[-36.6460409,-9.7962595],[-36.6459887,-9.7962508],[-36.6459192,-9.7962508],[-36.6458931,-9.7962508],[-36.6458236,-9.7962769],[-36.6458062,-9.7962769],[-36.6457454,-9.7962508],[-36.6456932,-9.7961813],[-36.645641,-9.7961291],[-36.645615,-9.796103],[-36.6455541,-9.7960683],[-36.6455063,-9.7959987],[-36.6455063,-9.7959509],[-36.645515,-9.7958901],[-36.645515,-9.7958249],[-36.6455107,-9.7957728],[-36.6454889,-9.7957032],[-36.6454498,-9.7956467],[-36.6453977,-9.7955989],[-36.6453542,-9.7955641],[-36.6453064,-9.7955163],[-36.6452543,-9.7954425],[-36.6452238,-9.7953816],[-36.6452065,-9.7953251],[-36.6451934,-9.795273],[-36.645176,-9.7951991],[-36.6451673,-9.7951556],[-36.6451673,-9.7951295],[-36.6451565,-9.7950198],[-36.6451478,-9.7949329],[-36.6451478,-9.7948764],[-36.6451347,-9.7948199],[-36.6450956,-9.7947504],[-36.6450565,-9.7946721],[-36.6450174,-9.7946026],[-36.6449652,-9.7945287],[-36.6449479,-9.7944983],[-36.6449218,-9.7943896],[-36.6449044,-9.7943245],[-36.6448914,-9.7942766],[-36.6448566,-9.7942332],[-36.6448479,-9.7941723],[-36.6448349,-9.7941072],[-36.6448262,-9.7940637],[-36.6448088,-9.7940159],[-36.6447784,-9.7939594],[-36.6447393,-9.7939116],[-36.6447045,-9.7938551],[-36.6446654,-9.7938029],[-36.6446263,-9.7937377],[-36.6446002,-9.7936899],[-36.6445871,-9.7936552],[-36.6445611,-9.7936074],[-36.6445567,-9.7935683],[-36.6445567,-9.7935291],[-36.644548,-9.7934857],[-36.6445002,-9.7934292],[-36.6444394,-9.7933901],[-36.6444133,-9.7933683],[-36.6444003,-9.7933205],[-36.6444133,-9.7932293],[-36.644435,-9.7931815],[-36.6444785,-9.7931206],[-36.6445002,-9.7930815],[-36.6445002,-9.7930424],[-36.6444785,-9.7929989],[-36.6444394,-9.7929642],[-36.6444046,-9.7929424],[-36.6443525,-9.7929337],[-36.644309,-9.7929294],[-36.6442308,-9.7928903],[-36.6442004,-9.7928729],[-36.6441525,-9.7928207],[-36.6441439,-9.7927903],[-36.6441352,-9.7927599],[-36.6441156,-9.7926632],[-36.6441069,-9.7926241],[-36.6440808,-9.792585],[-36.644033,-9.7925328],[-36.6439983,-9.7924937],[-36.6439678,-9.7924459],[-36.6439418,-9.7923937],[-36.6439027,-9.7923503],[-36.6438635,-9.7923112],[-36.6438114,-9.7922851],[-36.6436701,-9.7924242],[-36.6428879,-9.7930794],[-36.642375,-9.7935041],[-36.6421599,-9.7931695],[-36.6420795,-9.7931543],[-36.64191,-9.7931087],[-36.6418405,-9.7931695],[-36.641671,-9.7932782],[-36.6388526,-9.7947275],[-36.6376745,-9.7953279],[-36.6370027,-9.7941379],[-36.6368696,-9.7938745],[-36.6363417,-9.7928759],[-36.636205,-9.7925966],[-36.6359121,-9.7918721],[-36.6355027,-9.7908681],[-36.6353241,-9.7904512],[-36.6349431,-9.7894927],[-36.6332212,-9.789085],[-36.6330894,-9.7895777],[-36.6323113,-9.7893775],[-36.6323577,-9.7891906],[-36.6313407,-9.7889661],[-36.6312581,-9.7894384],[-36.6310753,-9.7905188],[-36.630995,-9.7909292],[-36.6309825,-9.7910529],[-36.6310025,-9.7912309],[-36.6310582,-9.7916258],[-36.6311563,-9.7921543],[-36.6310556,-9.7920981],[-36.6304833,-9.7918738],[-36.6299625,-9.7916915],[-36.6295872,-9.7915384],[-36.629182,-9.7913878],[-36.6290821,-9.7913532],[-36.6287754,-9.7912518],[-36.6285556,-9.7911745],[-36.6280419,-9.7909914],[-36.6267816,-9.7905106],[-36.6271727,-9.7902146],[-36.6274304,-9.7900465],[-36.6278132,-9.7898271],[-36.6276574,-9.7890961],[-36.6280876,-9.7887957],[-36.629487,-9.7878139],[-36.629525,-9.7877817],[-36.6299333,-9.7874184],[-36.6301355,-9.787216],[-36.6303532,-9.7869762],[-36.6307084,-9.7865267],[-36.6310418,-9.7860087],[-36.6312082,-9.785695],[-36.6313226,-9.7854625],[-36.6313972,-9.785265],[-36.6317338,-9.7843839],[-36.6319826,-9.7837388],[-36.632149,-9.7833217],[-36.6322417,-9.7830699],[-36.6327864,-9.78167],[-36.6328013,-9.7816342]]]]}},
{"type":"Feature","properties":{"ibge_code_municipio":"2700300","name":"Manoel Teles","code":"2700300018"},"geometry":{"type":"MultiPolygon","coordinates":[[[[-36.6665465,-9.7535548],[-36.6665686,-9.7534148],[-36.6665705,-9.7532124],[-36.6665571,-9.7530054],[-36.6665223,-9.7527179],[-36.6664836,-9.752101],[-36.6693474,-9.752471],[-36.6704964,-9.7526149],[-36.6716785,-9.7527616],[-36.6724205,-9.7528403],[-36.6723861,-9.7545069],[-36.6723382,-9.7571483],[-36.6723128,-9.7576318],[-36.6723065,-9.7579269],[-36.6723083,-9.7579398],[-36.6723228,-9.7580438],[-36.672343,-9.7586457],[-36.6723433,-9.7586557],[-36.6723563,-9.7591454],[-36.6723904,-9.7602709],[-36.6719801,-9.7601233],[-36.6716085,-9.7599805],[-36.6714092,-9.7599032],[-36.6707235,-9.7596371],[-36.6699752,-9.7592857],[-36.6697077,-9.75913],[-36.6689431,-9.7585545],[-36.6688086,-9.7584884],[-36.6674121,-9.758194],[-36.6667968,-9.758064],[-36.666642,-9.7579674],[-36.6660379,-9.7574451],[-36.6654348,-9.7568857],[-36.6650623,-9.7565695],[-36.6640662,-9.7556305],[-36.6654164,-9.7550389],[-36.6656333,-9.7549336],[-36.6658394,-9.7547928],[-36.665968,-9.7546874],[-36.6661059,-9.7545374],[-36.6662168,-9.7543897],[-36.6662983,-9.7542475],[-36.6664021,-9.7540516],[-36.6664566,-9.7539003],[-36.6665149,-9.7537037],[-36.6665465,-9.7535548]]]]}},
{"type":"Feature","properties":{"ibge_code_municipio":"2700300","name":"Jardim Tropical","code":"2700300017"},"geometry":{"type":"MultiPolygon","coordinates":[[[[-36.643824,-9.7554112],[-36.6438625,-9.7554479],[-36.6445852,-9.7560722],[-36.6451214,-9.7565368],[-36.6457514,-9.7570862],[-36.6459088,-9.7572221],[-36.6466912,-9.7578986],[-36.6469498,-9.7581093],[-36.6474171,-9.7585144],[-36.6475976,-9.7586223],[-36.6479208,-9.7587484],[-36.6486414,-9.7587014],[-36.6491323,-9.7586794],[-36.6497677,-9.7585935],[-36.6506371,-9.7583348],[-36.6507023,-9.7590028],[-36.6507639,-9.7597132],[-36.6508281,-9.7599713],[-36.6508877,-9.7600925],[-36.6507723,-9.7601317],[-36.6503306,-9.760425],[-36.6485347,-9.7615172],[-36.6482634,-9.7616678],[-36.6480057,-9.7617526],[-36.6477984,-9.7617564],[-36.6470816,-9.7616795],[-36.6468391,-9.7616466],[-36.6465254,-9.7616458],[-36.6462504,-9.7616745],[-36.6459378,-9.7617467],[-36.6456147,-9.7618412],[-36.6454387,-9.76178],[-36.645071,-9.7617006],[-36.64432,-9.7616911],[-36.64423,-9.7617005],[-36.6440543,-9.7616998],[-36.6439484,-9.761686],[-36.6438282,-9.7616543],[-36.64369,-9.7615981],[-36.64318,-9.7613219],[-36.6426024,-9.7610543],[-36.6422668,-9.7609073],[-36.6421295,-9.7608612],[-36.6418749,-9.7607921],[-36.6416967,-9.7607384],[-36.6414764,-9.7606772],[-36.6399693,-9.7605229],[-36.6399244,-9.7602712],[-36.6397397,-9.7594808],[-36.6395198,-9.7578041],[-36.6393672,-9.7570585],[-36.6391335,-9.7558612],[-36.6387667,-9.7539611],[-36.6386887,-9.7535902],[-36.6385709,-9.7532564],[-36.6384494,-9.7530138],[-36.6382943,-9.7527653],[-36.6385525,-9.752843],[-36.6388588,-9.7529353],[-36.63902,-9.7530234],[-36.6391494,-9.7531236],[-36.6397045,-9.7533728],[-36.6409482,-9.7539326],[-36.6412426,-9.7540681],[-36.64176,-9.7542807],[-36.643019,-9.7548371],[-36.6432595,-9.7549671],[-36.6433417,-9.7550187],[-36.643824,-9.7554112]]]]}},
{"type":"Feature","properties":{"ibge_code_municipio":"2700300","name":"Zélia Barbosa Rocha","code":"2700300024"},"geometry":{"type":"MultiPolygon","coordinates":[[[[-36.6772372,-9.7429969],[-36.6781038,-9.7428353],[-36.6781666,-9.7427519],[-36.6782972,-9.7421946],[-36.6783852,-9.7419288],[-36.6785181,-9.7417329],[-36.6789416,-9.7412327],[-36.6793082,-9.7408592],[-36.679579,-9.7406065],[-36.6797903,-9.7404663],[-36.6801806,-9.7402935],[-36.6804412,-9.7401677],[-36.6806416,-9.7401035],[-36.6808873,-9.7400402],[-36.6810949,-9.7399839],[-36.681295,-9.7399696],[-36.6815861,-9.7399722],[-36.6819505,-9.7400128],[-36.6823395,-9.7400657],[-36.6830199,-9.7401611],[-36.6833776,-9.7400188],[-36.6843075,-9.7409045],[-36.6847845,-9.7413682],[-36.6854332,-9.7420243],[-36.6856451,-9.7422511],[-36.6860537,-9.7426827],[-36.686265,-9.7428423],[-36.6865752,-9.7430268],[-36.6865869,-9.7430337],[-36.6872047,-9.7433972],[-36.6876567,-9.743628],[-36.6885969,-9.7441038],[-36.6887915,-9.7442183],[-36.6889565,-9.7443311],[-36.6892603,-9.7445317],[-36.6893012,-9.7445573],[-36.6896517,-9.7448054],[-36.6899484,-9.745],[-36.6902054,-9.7451576],[-36.6906481,-9.7454254],[-36.6907466,-9.7454838],[-36.6908622,-9.7455556],[-36.6911575,-9.7456939],[-36.6916207,-9.7458827],[-36.6923837,-9.7461988],[-36.6926692,-9.7462978],[-36.6926731,-9.7462992],[-36.6929996,-9.7463943],[-36.6930785,-9.7464041],[-36.6933115,-9.7463998],[-36.693691,-9.746339],[-36.6944265,-9.7461246],[-36.6947875,-9.7460318],[-36.6951208,-9.7459636],[-36.6953795,-9.7459331],[-36.6956119,-9.7459177],[-36.6959802,-9.7458989],[-36.696669,-9.7458711],[-36.6969303,-9.7458757],[-36.6972063,-9.7459014],[-36.6973875,-9.7459299],[-36.6977233,-9.7460054],[-36.6972132,-9.7471785],[-36.6976842,-9.7473387],[-36.6980722,-9.7464117],[-36.699206,-9.7467565],[-36.7000449,-9.7465218],[-36.7003462,-9.7474885],[-36.7004421,-9.7474113],[-36.700574,-9.7477896],[-36.7008507,-9.7484532],[-36.7013748,-9.7497742],[-36.701463,-9.7500282],[-36.7016202,-9.7503372],[-36.7020784,-9.7511556],[-36.7022606,-9.7514506],[-36.7024101,-9.7517146],[-36.7027666,-9.7524008],[-36.703283,-9.7531696],[-36.7034425,-9.7534007],[-36.7034925,-9.7535179],[-36.7035931,-9.7538616],[-36.7038607,-9.7547941],[-36.7041208,-9.7557205],[-36.7043229,-9.7563999],[-36.7044205,-9.7567733],[-36.7045856,-9.7572704],[-36.7035064,-9.7574741],[-36.7036647,-9.75864],[-36.7044538,-9.7585121],[-36.7045088,-9.7597221],[-36.7043599,-9.7597367],[-36.7043344,-9.7598004],[-36.7044334,-9.7600746],[-36.7050122,-9.7613981],[-36.7039082,-9.7618544],[-36.7037548,-9.7619173],[-36.7032806,-9.7612565],[-36.7031008,-9.7614397],[-36.7030154,-9.7614932],[-36.7023635,-9.7621896],[-36.7030389,-9.7633813],[-36.7037477,-9.7655546],[-36.7036089,-9.7656283],[-36.7027742,-9.7658286],[-36.7012218,-9.7661463],[-36.7003201,-9.7663116],[-36.6999685,-9.7663879],[-36.6997689,-9.7664514],[-36.6990542,-9.7667139],[-36.6984433,-9.7669205],[-36.6977216,-9.7671036],[-36.697413,-9.7671978],[-36.6972472,-9.7672973],[-36.6969349,-9.7675275],[-36.6965157,-9.7677533],[-36.694347,-9.7686835],[-36.6928914,-9.7693431],[-36.6918392,-9.7697621],[-36.6913465,-9.7699086],[-36.6909627,-9.7699498],[-36.6907277,-9.7699388],[-36.6903225,-9.7671796],[-36.6902958,-9.7671009],[-36.6902725,-9.7669225],[-36.6902333,-9.7668172],[-36.6901618,-9.7667425],[-36.6891115,-9.7662451],[-36.6860418,-9.7646771],[-36.6850024,-9.7641794],[-36.6847124,-9.7641184],[-36.6845895,-9.7641591],[-36.6844889,-9.7641437],[-36.6844266,-9.764098],[-36.6843668,-9.7640057],[-36.684357,-9.7639089],[-36.6841515,-9.7637109],[-36.6830169,-9.7632192],[-36.6810409,-9.7622209],[-36.6806794,-9.762004],[-36.6801762,-9.7617195],[-36.6796894,-9.7614952],[-36.6794626,-9.7614474],[-36.6790322,-9.7614566],[-36.6750947,-9.761585],[-36.6749716,-9.7615588],[-36.6748211,-9.7614643],[-36.6746143,-9.761236],[-36.6744722,-9.7611145],[-36.6742616,-9.7609957],[-36.6739839,-9.760884],[-36.6723904,-9.7602709],[-36.6723563,-9.7591454],[-36.6723433,-9.7586557],[-36.672343,-9.7586457],[-36.6723228,-9.7580438],[-36.6723083,-9.7579398],[-36.6723065,-9.7579269],[-36.6723128,-9.7576318],[-36.6723382,-9.7571483],[-36.6723861,-9.7545069],[-36.6724205,-9.7528403],[-36.6724539,-9.750425],[-36.6724828,-9.7484732],[-36.6724951,-9.7481453],[-36.6725016,-9.7463141],[-36.6725144,-9.7458958],[-36.6725353,-9.7449171],[-36.6726861,-9.7448126],[-36.6738645,-9.7436277],[-36.6742363,-9.743395],[-36.6746982,-9.7432018],[-36.6751873,-9.7430112],[-36.6756042,-9.7428456],[-36.675755,-9.7428601],[-36.675887,-9.7429088],[-36.6763928,-9.7431075],[-36.6765464,-9.7431243],[-36.6772372,-9.7429969]]]]}},
{"type":"Feature","properties":{"ibge_code_municipio":"2700300","name":"Jardim de Maria","code":"2700300033"},"geometry":{"type":"MultiPolygon","coordinates":[[[[-36.6523961,-9.7339753],[-36.654424,-9.7330724],[-36.6545242,-9.7338244],[-36.6546089,-9.7343773],[-36.6548092,-9.7354606],[-36.6548681,-9.7359657],[-36.6548766,-9.7360542],[-36.6548123,-9.7360586],[-36.6547101,-9.7363844],[-36.6546482,-9.7366308],[-36.6546009,-9.7370054],[-36.6543809,-9.7379487],[-36.654218,-9.7386722],[-36.654164,-9.7389731],[-36.6541256,-9.7392938],[-36.654112,-9.739494],[-36.6541204,-9.7398311],[-36.6541678,-9.7401045],[-36.6543154,-9.7406989],[-36.6540604,-9.740291],[-36.6537651,-9.7396136],[-36.6535125,-9.7390252],[-36.6532842,-9.7384294],[-36.6530981,-9.7379204],[-36.6529482,-9.7372707],[-36.6528459,-9.7367132],[-36.6527616,-9.7361862],[-36.6527091,-9.7358299],[-36.652682,-9.7356414],[-36.6523961,-9.7339753]]]]}},
{"type":"Feature","properties":{"ibge_code_municipio":"2700300","name":"Massaranduba","code":"2700300038"},"geometry":{"type":"MultiPolygon","coordinates":[[[[-36.6586711,-9.7207399],[-36.6591697,-9.7212886],[-36.6594853,-9.7217315],[-36.6598164,-9.7221716],[-36.6601404,-9.7226126],[-36.6599478,-9.7227715],[-36.6597371,-9.7229269],[-36.6596419,-9.7229975],[-36.6595205,-9.7229912],[-36.659335,-9.7230249],[-36.6590371,-9.7230929],[-36.6588999,-9.7231094],[-36.6587177,-9.723111],[-36.6586526,-9.7230549],[-36.657964,-9.7229206],[-36.6577071,-9.7228674],[-36.6572802,-9.7226827],[-36.6570443,-9.7225621],[-36.6568515,-9.722469],[-36.6561124,-9.7220603],[-36.6561972,-9.7218816],[-36.6560868,-9.721829],[-36.6559857,-9.7217436],[-36.6558299,-9.7215668],[-36.6556973,-9.7214359],[-36.6555458,-9.7213045],[-36.6554056,-9.7211814],[-36.655297,-9.7210791],[-36.655172,-9.7209715],[-36.6550481,-9.7208974],[-36.6549068,-9.7207625],[-36.6547954,-9.7206732],[-36.6548557,-9.7205932],[-36.6550948,-9.7202533],[-36.6552458,-9.7200633],[-36.6555521,-9.7196788],[-36.6556712,-9.7195107],[-36.6559988,-9.7189656],[-36.6560831,-9.7188579],[-36.6566888,-9.718168],[-36.6569855,-9.7178456],[-36.6572514,-9.7174837],[-36.6573252,-9.7174168],[-36.657602,-9.7170721],[-36.6576733,-9.7170369],[-36.657744,-9.7170387],[-36.6577949,-9.7171001],[-36.6578105,-9.7172174],[-36.6579195,-9.717017],[-36.6580693,-9.7167016],[-36.6581673,-9.7164115],[-36.6582303,-9.7161447],[-36.658293,-9.7157364],[-36.6583171,-9.7153521],[-36.6582929,-9.7149838],[-36.6582248,-9.7145011],[-36.6582091,-9.7142514],[-36.6582243,-9.7139468],[-36.658305,-9.7132361],[-36.6583864,-9.7128676],[-36.6584831,-9.7125465],[-36.6587119,-9.7120585],[-36.6589336,-9.7113894],[-36.6591173,-9.7107446],[-36.6591222,-9.7103657],[-36.6589762,-9.7099067],[-36.6589098,-9.7096642],[-36.6587619,-9.7091177],[-36.6586714,-9.7088251],[-36.6584298,-9.7079399],[-36.6581217,-9.7074287],[-36.6580777,-9.7073624],[-36.657946,-9.7071982],[-36.6575718,-9.7068112],[-36.6573967,-9.7065733],[-36.657174,-9.7063112],[-36.6569298,-9.7060937],[-36.6564781,-9.7056363],[-36.6562458,-9.7053746],[-36.6561223,-9.7051669],[-36.6560536,-9.7050099],[-36.6560313,-9.7048633],[-36.656037,-9.7047081],[-36.656144,-9.7041798],[-36.6561364,-9.7038992],[-36.6561025,-9.7036806],[-36.6559952,-9.7032353],[-36.6559139,-9.7029612],[-36.6558257,-9.7028158],[-36.6552438,-9.7023621],[-36.6549665,-9.7021774],[-36.6545916,-9.7019348],[-36.6545739,-9.7018177],[-36.6544846,-9.7016661],[-36.6544007,-9.7014901],[-36.6543817,-9.7013602],[-36.6543763,-9.7012682],[-36.6543899,-9.7011599],[-36.654463,-9.7009352],[-36.6544981,-9.7004073],[-36.6545306,-9.7002016],[-36.6545848,-9.700004],[-36.6546633,-9.6997793],[-36.6547634,-9.6995438],[-36.6548636,-9.6993678],[-36.6549204,-9.6993083],[-36.6550098,-9.699265],[-36.6551695,-9.6992217],[-36.6555674,-9.6992027],[-36.6559491,-9.6992081],[-36.6562523,-9.699246],[-36.6569236,-9.6993543],[-36.6575056,-9.6993814],[-36.657886,-9.6993895],[-36.6581109,-9.6993616],[-36.6585695,-9.6992677],[-36.6589106,-9.6992163],[-36.6590973,-9.6991946],[-36.659276,-9.6991323],[-36.6594899,-9.6990186],[-36.6598174,-9.6988454],[-36.6600989,-9.6986884],[-36.6603236,-9.6985206],[-36.6606972,-9.6982309],[-36.6612088,-9.6979007],[-36.6614903,-9.6977217],[-36.6620696,-9.6973295],[-36.662833,-9.6968043],[-36.6637019,-9.6961573],[-36.6640511,-9.6959056],[-36.6644193,-9.6956349],[-36.664533,-9.6955726],[-36.6650365,-9.6951882],[-36.6652693,-9.6949988],[-36.6655156,-9.694812],[-36.6657295,-9.6947064],[-36.6660029,-9.6945494],[-36.6662465,-9.6944384],[-36.6663683,-9.6943843],[-36.6667365,-9.6941352],[-36.667083,-9.6939349],[-36.6678274,-9.6935938],[-36.6683038,-9.6933773],[-36.6686909,-9.6931769],[-36.669032,-9.6930118],[-36.6695003,-9.6928047],[-36.6697318,-9.6927019],[-36.6701433,-9.6925327],[-36.6702583,-9.6924718],[-36.6704749,-9.6923107],[-36.6707483,-9.6920874],[-36.6708755,-9.6919629],[-36.6712261,-9.6916231],[-36.6713519,-9.6915203],[-36.6714182,-9.6914783],[-36.6716673,-9.6913064],[-36.6717674,-9.6912563],[-36.6722358,-9.691079],[-36.6728286,-9.6908828],[-36.6732333,-9.6907975],[-36.6735866,-9.6907258],[-36.6738654,-9.6906621],[-36.6742403,-9.6905728],[-36.6745272,-9.690474],[-36.6747858,-9.6903684],[-36.6750984,-9.6902223],[-36.6754151,-9.6900801],[-36.6756804,-9.689984],[-36.6762489,-9.6897973],[-36.6767429,-9.6896524],[-36.6768404,-9.6896592],[-36.6771124,-9.6896402],[-36.6772369,-9.6896362],[-36.6779056,-9.6896389],[-36.6781072,-9.6896362],[-36.6782873,-9.6896118],[-36.6785972,-9.6895266],[-36.6788205,-9.6894589],[-36.6791318,-9.6893235],[-36.6798248,-9.6890258],[-36.6799845,-9.6889662],[-36.680193,-9.6889121],[-36.6803798,-9.6888985],[-36.6804799,-9.6889175],[-36.6806096,-9.6889758],[-36.6805753,-9.6891426],[-36.680333,-9.6900301],[-36.6802816,-9.6902456],[-36.6800508,-9.6910523],[-36.6799094,-9.691602],[-36.6797529,-9.692176],[-36.6794578,-9.6931594],[-36.6793335,-9.6935623],[-36.6790552,-9.6945762],[-36.678784,-9.6955027],[-36.6787746,-9.6956189],[-36.6786419,-9.6959761],[-36.6784313,-9.696684],[-36.6782718,-9.6972572],[-36.6781692,-9.6976386],[-36.6780162,-9.698188],[-36.6778021,-9.6989038],[-36.6777253,-9.6992012],[-36.6783646,-9.6991744],[-36.6833164,-9.6988027],[-36.6833347,-9.6988013],[-36.6833441,-9.6986402],[-36.6832962,-9.6984415],[-36.6830288,-9.6977505],[-36.6835958,-9.6976802],[-36.6837073,-9.697668],[-36.684091,-9.6974752],[-36.6846005,-9.6972203],[-36.6847767,-9.6975992],[-36.6848326,-9.6977444],[-36.6848583,-9.6978528],[-36.6848644,-9.6986204],[-36.6867983,-9.697613],[-36.6886657,-9.696469],[-36.6902351,-9.6955472],[-36.6903167,-9.6955394],[-36.690721,-9.695431],[-36.6913685,-9.6952907],[-36.6913641,-9.695474],[-36.6913478,-9.6956572],[-36.6912932,-9.6960377],[-36.691228,-9.6963078],[-36.691075,-9.6966669],[-36.6904315,-9.6979797],[-36.6889219,-9.7009509],[-36.687864,-9.7030415],[-36.6874893,-9.7037768],[-36.6867309,-9.7052859],[-36.6849593,-9.7088112],[-36.6836074,-9.7114732],[-36.6827115,-9.7132832],[-36.6824979,-9.7136926],[-36.6824187,-9.713856],[-36.682117,-9.7143684],[-36.681734,-9.7148148],[-36.6815336,-9.71502],[-36.6806817,-9.7158806],[-36.6802564,-9.7163473],[-36.6801569,-9.716501],[-36.6800205,-9.716725],[-36.6798095,-9.7167683],[-36.6790335,-9.7175922],[-36.6785692,-9.7174253],[-36.6781379,-9.7172322],[-36.6777686,-9.717033],[-36.6771047,-9.7167987],[-36.676576,-9.7165768],[-36.6763835,-9.7165629],[-36.676158,-9.7166159],[-36.6760179,-9.7166666],[-36.6757542,-9.7167665],[-36.6755539,-9.716847],[-36.6751177,-9.7170208],[-36.6749676,-9.7170815],[-36.6745737,-9.7172229],[-36.6741987,-9.7173689],[-36.6739796,-9.717456],[-36.6737934,-9.7175224],[-36.6734695,-9.7176445],[-36.6731273,-9.7177849],[-36.6727521,-9.7179264],[-36.6723686,-9.7180708],[-36.6706744,-9.7187263],[-36.669417,-9.719221],[-36.668743,-9.7194771],[-36.6687164,-9.719495],[-36.6679218,-9.7197857],[-36.6673586,-9.7199985],[-36.666152,-9.7204622],[-36.6659233,-9.7205563],[-36.6658524,-9.7205615],[-36.6655475,-9.7206861],[-36.6648824,-9.7209426],[-36.6648551,-9.7209519],[-36.664574,-9.7210479],[-36.6626116,-9.7218009],[-36.6623823,-9.721471],[-36.6620603,-9.7210879],[-36.6617265,-9.7206857],[-36.6613858,-9.7202622],[-36.6610709,-9.719889],[-36.6607966,-9.7194831],[-36.6607478,-9.7194627],[-36.6604219,-9.7190346],[-36.6586711,-9.7207399]]]]}},
{"type":"Feature","properties":{"ibge_code_municipio":"2700300","name":"Alazão","code":"2700300039"},"geometry":{"type":"MultiPolygon","coordinates":[[[[-36.6311563,-9.7921543],[-36.6310582,-9.7916258],[-36.6310025,-9.7912309],[-36.6309825,-9.7910529],[-36.630995,-9.7909292],[-36.6310753,-9.7905188],[-36.6312581,-9.7894384],[-36.6313407,-9.7889661],[-36.6323577,-9.7891906],[-36.6323113,-9.7893775],[-36.6330894,-9.7895777],[-36.6332212,-9.789085],[-36.6349431,-9.7894927],[-36.6353241,-9.7904512],[-36.6355027,-9.7908681],[-36.6359121,-9.7918721],[-36.636205,-9.7925966],[-36.6363417,-9.7928759],[-36.6368696,-9.7938745],[-36.6370027,-9.7941379],[-36.6376745,-9.7953279],[-36.6379317,-9.7957983],[-36.6384335,-9.7966951],[-36.6389928,-9.7976665],[-36.6393254,-9.7982571],[-36.6395713,-9.7986833],[-36.6397351,-9.7989784],[-36.6399986,-9.7994681],[-36.6401737,-9.7998262],[-36.6402995,-9.8001059],[-36.6403477,-9.8001578],[-36.6404181,-9.8001627],[-36.6404984,-9.8001153],[-36.6407941,-9.7997705],[-36.6413006,-9.7992045],[-36.6419688,-9.7985965],[-36.6421782,-9.7984687],[-36.6422868,-9.7984159],[-36.6423923,-9.7983908],[-36.6425267,-9.7984327],[-36.6426227,-9.7984795],[-36.6429542,-9.7987483],[-36.6430768,-9.7988493],[-36.6434495,-9.7993532],[-36.643847,-9.799889],[-36.6438968,-9.8005371],[-36.6440152,-9.8016561],[-36.6440508,-9.8019915],[-36.6441057,-9.8033964],[-36.6441537,-9.8045591],[-36.6441804,-9.8048361],[-36.6442566,-9.8052036],[-36.644282,-9.8054891],[-36.6442675,-9.8057235],[-36.644213,-9.8059805],[-36.6440902,-9.8065141],[-36.6440416,-9.8064925],[-36.6439963,-9.8064861],[-36.6439639,-9.8064666],[-36.6439422,-9.806445],[-36.6439098,-9.8064105],[-36.6438904,-9.8063716],[-36.6438493,-9.8063175],[-36.6438256,-9.8062938],[-36.643804,-9.8062635],[-36.6437694,-9.8062117],[-36.6437219,-9.8061814],[-36.6436549,-9.8061382],[-36.6435901,-9.806108],[-36.6435404,-9.8060734],[-36.643495,-9.8060518],[-36.6434518,-9.8060086],[-36.6434259,-9.8059654],[-36.6433848,-9.8058963],[-36.6433611,-9.8058574],[-36.6433243,-9.8058098],[-36.6432595,-9.8057709],[-36.6432336,-9.8057558],[-36.6432142,-9.8057321],[-36.6431882,-9.8056824],[-36.6431796,-9.8056197],[-36.6431666,-9.8055592],[-36.6431601,-9.8055225],[-36.6431245,-9.8054847],[-36.6430834,-9.8054566],[-36.6430554,-9.8054415],[-36.6430381,-9.8054242],[-36.6430165,-9.8053939],[-36.6429992,-9.8053702],[-36.6429603,-9.8053442],[-36.6429257,-9.8053421],[-36.6428912,-9.8053507],[-36.6428696,-9.805368],[-36.642848,-9.8053939],[-36.6428307,-9.8054242],[-36.6428091,-9.8054544],[-36.6427983,-9.805489],[-36.6427875,-9.8055149],[-36.6427853,-9.80553],[-36.6427939,-9.8055495],[-36.6428199,-9.8055581],[-36.6428393,-9.8055581],[-36.6428544,-9.8055581],[-36.6428847,-9.8055581],[-36.6429063,-9.8055538],[-36.6429625,-9.8055473],[-36.6429949,-9.8055603],[-36.6430078,-9.8055819],[-36.6430122,-9.8055905],[-36.6430165,-9.8056143],[-36.6430186,-9.8056424],[-36.6430165,-9.8056748],[-36.6430122,-9.8056878],[-36.6429862,-9.8056986],[-36.6429711,-9.8057007],[-36.6429452,-9.8057202],[-36.6429084,-9.8057223],[-36.6428933,-9.8057331],[-36.6428782,-9.8057353],[-36.6428458,-9.8057353],[-36.6428199,-9.8057245],[-36.6427939,-9.8057137],[-36.6427788,-9.8057072],[-36.6427464,-9.8057029],[-36.6427162,-9.8056986],[-36.6426838,-9.8056878],[-36.6426665,-9.8056705],[-36.6426578,-9.8056618],[-36.6426384,-9.8056424],[-36.6426038,-9.8056294],[-36.6425757,-9.8056165],[-36.6425541,-9.8056294],[-36.6425412,-9.8056359],[-36.6425131,-9.8056402],[-36.6424958,-9.8056402],[-36.6424483,-9.8056424],[-36.6424223,-9.8056489],[-36.6423899,-9.8056532],[-36.642377,-9.8056554],[-36.6423294,-9.8056597],[-36.6423165,-9.8056597],[-36.6422711,-9.8056597],[-36.6422409,-9.8056554],[-36.6422322,-9.8056554],[-36.6422041,-9.805664],[-36.6421955,-9.8056726],[-36.6421825,-9.8056921],[-36.642176,-9.8057094],[-36.6421739,-9.805718],[-36.6421609,-9.8057461],[-36.6421501,-9.8057634],[-36.6421436,-9.8057655],[-36.6421263,-9.8057655],[-36.6421004,-9.8057699],[-36.6420896,-9.8057828],[-36.6420853,-9.8057958],[-36.6420659,-9.8058196],[-36.6420594,-9.8058455],[-36.6420529,-9.8058584],[-36.6420464,-9.8058887],[-36.6420356,-9.805906],[-36.6420345,-9.805926],[-36.6420226,-9.805953],[-36.6420075,-9.8059638],[-36.6419838,-9.80598],[-36.6419632,-9.8059919],[-36.6419503,-9.8060156],[-36.6419341,-9.8060405],[-36.6419222,-9.8060577],[-36.641906,-9.806074],[-36.641893,-9.8060934],[-36.6418725,-9.806115],[-36.6418628,-9.806128],[-36.6418422,-9.8061582],[-36.6418174,-9.8061831],[-36.6417958,-9.8061939],[-36.6417731,-9.8062144],[-36.6417699,-9.8062414],[-36.6417666,-9.8062727],[-36.6417591,-9.8062986],[-36.6417439,-9.8063192],[-36.6417299,-9.8063267],[-36.6416986,-9.8063365],[-36.6416802,-9.8063489],[-36.6416694,-9.8063651],[-36.641664,-9.806377],[-36.6416489,-9.8063888],[-36.6416359,-9.8063942],[-36.6416186,-9.8064029],[-36.6415916,-9.806418],[-36.6415841,-9.806431],[-36.6415765,-9.8064429],[-36.6415711,-9.8064591],[-36.64157,-9.8064731],[-36.64157,-9.8064839],[-36.6415711,-9.8064947],[-36.6415711,-9.8065044],[-36.64157,-9.8065174],[-36.6415635,-9.8065271],[-36.6415603,-9.8065347],[-36.6415581,-9.8065433],[-36.6415571,-9.8065541],[-36.6415571,-9.8065671],[-36.6415614,-9.8065757],[-36.6415679,-9.8065855],[-36.6415797,-9.8065952],[-36.6415895,-9.8066049],[-36.6415992,-9.8066135],[-36.6416067,-9.8066211],[-36.6416111,-9.806633],[-36.6416122,-9.8066459],[-36.6416165,-9.8066567],[-36.6416219,-9.8066654],[-36.6416294,-9.8066794],[-36.6416327,-9.8066859],[-36.6416402,-9.8066978],[-36.6416456,-9.8067075],[-36.6416489,-9.806714],[-36.64165,-9.8067334],[-36.6416478,-9.8067421],[-36.6416456,-9.8067518],[-36.6416381,-9.8067605],[-36.6416273,-9.8067691],[-36.6416273,-9.8067713],[-36.6416132,-9.8067915],[-36.6416089,-9.8068066],[-36.6415992,-9.8068185],[-36.6415959,-9.8068315],[-36.6415927,-9.8068477],[-36.6415927,-9.8068639],[-36.6416013,-9.8068693],[-36.6416122,-9.8068714],[-36.6416262,-9.8068714],[-36.6416402,-9.806866],[-36.6416554,-9.8068563],[-36.6416629,-9.806852],[-36.6416856,-9.8068488],[-36.6417051,-9.8068477],[-36.6417234,-9.8068455],[-36.6417558,-9.8068369],[-36.6417861,-9.8068358],[-36.6418109,-9.8068369],[-36.641825,-9.8068509],[-36.6418368,-9.806865],[-36.6418433,-9.8068747],[-36.6418574,-9.8068952],[-36.6418671,-9.8069093],[-36.6418801,-9.806933],[-36.6418898,-9.8069503],[-36.6418984,-9.8069719],[-36.6419006,-9.8069795],[-36.641893,-9.8070065],[-36.6418865,-9.8070227],[-36.6418801,-9.8070324],[-36.6418617,-9.8070486],[-36.641853,-9.8070551],[-36.6418476,-9.8070637],[-36.641839,-9.8070713],[-36.6418131,-9.8070724],[-36.6417936,-9.8070724],[-36.6417774,-9.8070724],[-36.6417547,-9.8070756],[-36.6417418,-9.8070853],[-36.641731,-9.8070929],[-36.6417169,-9.8070972],[-36.6417061,-9.8070994],[-36.6416932,-9.8071048],[-36.6416834,-9.807108],[-36.641664,-9.8071177],[-36.6416554,-9.8071264],[-36.6416478,-9.8071339],[-36.6416316,-9.8071458],[-36.6416273,-9.8071512],[-36.6416338,-9.8071588],[-36.6416424,-9.8071642],[-36.6416413,-9.8071739],[-36.6416273,-9.8071815],[-36.64161,-9.8071826],[-36.6415927,-9.8071826],[-36.6415625,-9.8071847],[-36.6415387,-9.8071901],[-36.6415203,-9.8071977],[-36.6415138,-9.8072042],[-36.641503,-9.8072117],[-36.6414912,-9.8072193],[-36.6414814,-9.8072279],[-36.6414782,-9.8072344],[-36.641475,-9.8072409],[-36.6414728,-9.8072485],[-36.6414696,-9.8072593],[-36.641462,-9.8072668],[-36.6414544,-9.8072711],[-36.641448,-9.8072765],[-36.6414317,-9.8072841],[-36.6414188,-9.8072927],[-36.6413993,-9.8073079],[-36.641395,-9.8073273],[-36.6413875,-9.8073446],[-36.641381,-9.8073554],[-36.6413756,-9.807364],[-36.6413734,-9.8073705],[-36.6413626,-9.8073802],[-36.641354,-9.8073867],[-36.6413475,-9.80739],[-36.6413113,-9.8073805],[-36.6413027,-9.8073708],[-36.6412843,-9.8073686],[-36.6412746,-9.8073816],[-36.6412649,-9.8073989],[-36.6412649,-9.8074108],[-36.6412638,-9.8074248],[-36.6412605,-9.8074388],[-36.6412573,-9.8074551],[-36.6412562,-9.8074713],[-36.6412562,-9.8074853],[-36.6412573,-9.8074896],[-36.6412573,-9.8074993],[-36.6412594,-9.8075177],[-36.6412638,-9.8075263],[-36.6412638,-9.8075371],[-36.6412573,-9.8075579],[-36.64124,-9.8075731],[-36.6412216,-9.8075752],[-36.6412022,-9.8075731],[-36.6411784,-9.8075731],[-36.6411633,-9.8075817],[-36.641159,-9.8075947],[-36.6411417,-9.8075893],[-36.6411331,-9.8075882],[-36.6411125,-9.8075828],[-36.6410931,-9.8075795],[-36.6410704,-9.8075698],[-36.6410434,-9.8075633],[-36.6410261,-9.8075795],[-36.6410088,-9.8075893],[-36.6410013,-9.8075968],[-36.6409959,-9.8076055],[-36.6409807,-9.8076206],[-36.6409689,-9.8076292],[-36.6409559,-9.8076357],[-36.6409429,-9.8076368],[-36.6409267,-9.8076379],[-36.6409138,-9.8076357],[-36.6409116,-9.8076336],[-36.6409051,-9.8076249],[-36.6408965,-9.8076174],[-36.6408803,-9.8076076],[-36.640863,-9.8075968],[-36.6408479,-9.807585],[-36.6408328,-9.8075774],[-36.6408155,-9.8075698],[-36.6408003,-9.8075677],[-36.6407733,-9.8075601],[-36.6407453,-9.8075687],[-36.6407388,-9.807585],[-36.6407344,-9.8075947],[-36.6407312,-9.8076044],[-36.6407247,-9.8076174],[-36.6407139,-9.8076325],[-36.6406945,-9.8076454],[-36.6406837,-9.8076498],[-36.640674,-9.8076519],[-36.6406686,-9.8076573],[-36.6406653,-9.8076768],[-36.6406696,-9.8076951],[-36.6406729,-9.807707],[-36.6406772,-9.80772],[-36.6406783,-9.8077351],[-36.6406761,-9.8077502],[-36.6406761,-9.8077589],[-36.6406761,-9.8077675],[-36.6406848,-9.8077794],[-36.6406999,-9.8077918],[-36.6407139,-9.8078048],[-36.6407377,-9.8078156],[-36.6407507,-9.8078275],[-36.6407647,-9.8078415],[-36.6407679,-9.8078556],[-36.6407647,-9.8078826],[-36.6407593,-9.807902],[-36.6407539,-9.8079182],[-36.6407453,-9.8079312],[-36.640728,-9.8079452],[-36.6407128,-9.8079517],[-36.6406912,-9.8079582],[-36.6406718,-9.8079593],[-36.6406502,-9.8079603],[-36.640634,-9.8079614],[-36.6406059,-9.8079625],[-36.640594,-9.8079582],[-36.6405821,-9.8079528],[-36.6405713,-9.8079463],[-36.6405649,-9.8079387],[-36.6405616,-9.8079214],[-36.6405616,-9.8079052],[-36.640567,-9.8078955],[-36.6405703,-9.8078815],[-36.6405724,-9.807861],[-36.6405724,-9.8078437],[-36.6405724,-9.8078264],[-36.6405627,-9.8078091],[-36.6405432,-9.8077907],[-36.6405152,-9.807781],[-36.6404979,-9.807781],[-36.6404763,-9.807781],[-36.6404547,-9.8077832],[-36.640432,-9.8077832],[-36.6404169,-9.807781],[-36.6403931,-9.8077735],[-36.6403812,-9.8077735],[-36.640365,-9.807781],[-36.6403445,-9.8077994],[-36.6403402,-9.8078156],[-36.6403402,-9.8078296],[-36.6403412,-9.8078458],[-36.6403477,-9.8078631],[-36.6403639,-9.8078934],[-36.6403715,-9.8079117],[-36.640378,-9.8079268],[-36.6403823,-9.8079387],[-36.6404007,-9.8079776],[-36.6404115,-9.8079863],[-36.6404277,-9.8080035],[-36.6404449,-9.8080316],[-36.6404525,-9.8080468],[-36.640459,-9.808064],[-36.6404622,-9.8080932],[-36.6404633,-9.8081062],[-36.6404644,-9.8081364],[-36.6404622,-9.8081515],[-36.6404611,-9.8081688],[-36.6404633,-9.8082077],[-36.6404687,-9.8082207],[-36.6404719,-9.8082347],[-36.6404784,-9.8082574],[-36.6404817,-9.8082682],[-36.6404838,-9.8082747],[-36.640486,-9.8083174],[-36.640486,-9.808339],[-36.640486,-9.8083584],[-36.640486,-9.8083746],[-36.640486,-9.8083876],[-36.6404838,-9.8084092],[-36.6404763,-9.8084211],[-36.6404763,-9.8084373],[-36.6404774,-9.8084589],[-36.6404795,-9.8084794],[-36.6404795,-9.8084945],[-36.6404763,-9.808515],[-36.6404687,-9.8085377],[-36.6404655,-9.8085529],[-36.6404633,-9.808568],[-36.6404557,-9.8085809],[-36.6404363,-9.8085961],[-36.6404212,-9.8086058],[-36.6404039,-9.8086166],[-36.6403899,-9.8086252],[-36.6403758,-9.8086393],[-36.6403618,-9.8086544],[-36.6403423,-9.8086749],[-36.6403294,-9.8086846],[-36.6403175,-9.8086965],[-36.6403121,-9.8087138],[-36.6403088,-9.8087225],[-36.6402861,-9.8087478],[-36.6402473,-9.8087662],[-36.6402332,-9.8087792],[-36.6402019,-9.8088008],[-36.6401695,-9.8088191],[-36.6401425,-9.8088364],[-36.640123,-9.8088548],[-36.6401198,-9.8088623],[-36.6401252,-9.8088796],[-36.640136,-9.8088991],[-36.640149,-9.808912],[-36.6401641,-9.8089142],[-36.6401911,-9.8089153],[-36.6402343,-9.8089164],[-36.6402678,-9.8089164],[-36.6402883,-9.808911],[-36.6403121,-9.8089099],[-36.6403477,-9.8089099],[-36.6403855,-9.8089099],[-36.6404082,-9.8089153],[-36.6404169,-9.8089218],[-36.6404255,-9.808938],[-36.6404331,-9.8089531],[-36.6404363,-9.8089704],[-36.6404331,-9.8089941],[-36.6404201,-9.8090147],[-36.6404082,-9.8090233],[-36.640392,-9.8090438],[-36.6403736,-9.8090589],[-36.6403585,-9.8090708],[-36.6403369,-9.8090827],[-36.6403229,-9.8090881],[-36.6402991,-9.8091022],[-36.6402775,-9.809113],[-36.6402624,-9.8091194],[-36.640244,-9.8091292],[-36.6402386,-9.8091324],[-36.6402246,-9.80914],[-36.640204,-9.8091464],[-36.6401679,-9.8091697],[-36.6401635,-9.8091805],[-36.6401495,-9.8091956],[-36.6401322,-9.8092161],[-36.6401236,-9.8092226],[-36.640116,-9.8092345],[-36.6401084,-9.8092442],[-36.6400966,-9.8092615],[-36.6400879,-9.8092712],[-36.6400847,-9.8092788],[-36.6400771,-9.8092982],[-36.6400674,-9.809322],[-36.6400609,-9.8093371],[-36.6400523,-9.809363],[-36.6400393,-9.8093771],[-36.6400166,-9.8093879],[-36.6399961,-9.8093987],[-36.6399659,-9.8094127],[-36.639954,-9.8094192],[-36.6399432,-9.8094289],[-36.6399183,-9.8094419],[-36.639901,-9.8094473],[-36.6398794,-9.8094538],[-36.6398676,-9.8094646],[-36.6398611,-9.8094829],[-36.6398546,-9.8094992],[-36.6398405,-9.8095197],[-36.6398362,-9.8095326],[-36.6398222,-9.8095542],[-36.6398125,-9.809564],[-36.639793,-9.8095715],[-36.6397692,-9.8095748],[-36.6397401,-9.8095812],[-36.6397228,-9.8095845],[-36.6397077,-9.809591],[-36.6396871,-9.8095996],[-36.6396677,-9.8096083],[-36.6396385,-9.8096196],[-36.639618,-9.8096272],[-36.6395867,-9.8096369],[-36.6395392,-9.8096488],[-36.6395111,-9.809652],[-36.6394895,-9.8096563],[-36.639456,-9.8096606],[-36.6394246,-9.809665],[-36.6393944,-9.8096747],[-36.6393609,-9.8096877],[-36.6393458,-9.8096985],[-36.6393307,-9.8097071],[-36.6392853,-9.8097114],[-36.6392637,-9.809706],[-36.639227,-9.8097017],[-36.6392064,-9.8096887],[-36.6391827,-9.8096801],[-36.6391459,-9.8096769],[-36.6391071,-9.8096725],[-36.6390811,-9.8096585],[-36.6390682,-9.8096455],[-36.6390358,-9.8096207],[-36.6390206,-9.8096088],[-36.6390088,-9.8095926],[-36.638999,-9.8095688],[-36.6389774,-9.8095429],[-36.6389526,-9.8095364],[-36.6389072,-9.8095451],[-36.6388618,-9.8095461],[-36.6388305,-9.8095451],[-36.6388013,-9.8095235],[-36.6387862,-9.8095073],[-36.6387754,-9.8094856],[-36.6387592,-9.8094565],[-36.6387409,-9.8094306],[-36.6387268,-9.80941],[-36.638702,-9.8093917],[-36.6386825,-9.8093895],[-36.6386631,-9.8093895],[-36.6386328,-9.8093971],[-36.6386101,-9.8094057],[-36.6385885,-9.8094133],[-36.6385702,-9.8094208],[-36.6385604,-9.8094252],[-36.638541,-9.8094306],[-36.6385194,-9.8094435],[-36.6385,-9.8094576],[-36.6384805,-9.8094705],[-36.6384654,-9.8094813],[-36.6384513,-9.8094921],[-36.6384276,-9.809504],[-36.6384103,-9.8095116],[-36.6383833,-9.8095202],[-36.6383595,-9.8095256],[-36.6383379,-9.8095321],[-36.6383163,-9.8095364],[-36.6382871,-9.8095429],[-36.6382612,-9.809544],[-36.6382407,-9.809544],[-36.6382223,-9.809544],[-36.6382094,-9.8095472],[-36.6381975,-9.809544],[-36.6381748,-9.8095559],[-36.6381651,-9.8095645],[-36.6381566,-9.8095861],[-36.6381408,-9.8096073],[-36.6381368,-9.8096359],[-36.6381351,-9.8096431],[-36.6381377,-9.8096564],[-36.6381639,-9.8096766],[-36.6381872,-9.8096968],[-36.6382061,-9.809739],[-36.6381996,-9.8097708],[-36.6381881,-9.8098092],[-36.638172,-9.809834],[-36.6381548,-9.809854],[-36.6381453,-9.8098918],[-36.638122,-9.8099216],[-36.6380968,-9.8099544],[-36.6380592,-9.8099602],[-36.6380266,-9.8099631],[-36.6379904,-9.8099688],[-36.637962,-9.8099687],[-36.6379391,-9.8099851],[-36.6379021,-9.8100133],[-36.6378714,-9.8100253],[-36.6378467,-9.8100217],[-36.6378144,-9.8100227],[-36.6377843,-9.8100297],[-36.6377448,-9.8100287],[-36.6377142,-9.8100293],[-36.6376894,-9.8100417],[-36.637667,-9.8100611],[-36.637656,-9.8100864],[-36.6376455,-9.8101219],[-36.6376255,-9.8101662],[-36.6376363,-9.8102103],[-36.6376513,-9.8102465],[-36.6376579,-9.8103147],[-36.6376649,-9.8103728],[-36.637673,-9.8104014],[-36.6376827,-9.8104295],[-36.6376914,-9.8104618],[-36.6376952,-9.8104875],[-36.6376864,-9.8105159],[-36.6376665,-9.8105293],[-36.6376573,-9.8105511],[-36.6376517,-9.8105837],[-36.6375925,-9.8106636],[-36.6375724,-9.8106884],[-36.6375548,-9.810683],[-36.6375345,-9.8106939],[-36.6374837,-9.8107248],[-36.6374524,-9.8107558],[-36.637437,-9.8107718],[-36.6374224,-9.8108112],[-36.637395,-9.8108543],[-36.6373916,-9.8109198],[-36.6374,-9.810992],[-36.6374152,-9.8110364],[-36.6374283,-9.8110704],[-36.6374407,-9.8111055],[-36.6374388,-9.8111295],[-36.6374343,-9.8111514],[-36.6374194,-9.8111722],[-36.6373969,-9.8111999],[-36.6373785,-9.8112236],[-36.6373684,-9.811261],[-36.6373781,-9.8112864],[-36.6373954,-9.8113102],[-36.6374254,-9.81133],[-36.637454,-9.81134],[-36.6374869,-9.8113498],[-36.6375069,-9.8113619],[-36.6375243,-9.8113756],[-36.6375395,-9.8113878],[-36.6375572,-9.8113992],[-36.6375672,-9.8114094],[-36.6375664,-9.8114327],[-36.6375593,-9.8114605],[-36.6375588,-9.8114979],[-36.6375653,-9.8115347],[-36.6375774,-9.8115702],[-36.6375888,-9.8115939],[-36.6376022,-9.8116169],[-36.6376275,-9.8116464],[-36.6376563,-9.8116614],[-36.6376871,-9.8116722],[-36.6377162,-9.8116911],[-36.637753,-9.8117187],[-36.6377908,-9.8117399],[-36.6378184,-9.8117529],[-36.6378415,-9.8117592],[-36.6378667,-9.8117721],[-36.6378802,-9.8117864],[-36.6378904,-9.8117979],[-36.6378889,-9.8118257],[-36.6379017,-9.811843],[-36.6379261,-9.8118722],[-36.6379525,-9.8118953],[-36.6379799,-9.8119214],[-36.6380131,-9.8119394],[-36.6380549,-9.8119566],[-36.6380801,-9.8119723],[-36.6381109,-9.8119825],[-36.6381358,-9.8119886],[-36.6381691,-9.8119887],[-36.6381942,-9.8119876],[-36.6382136,-9.8119971],[-36.6382386,-9.8120041],[-36.6382624,-9.8120031],[-36.6382844,-9.8120083],[-36.6383033,-9.8119988],[-36.6383228,-9.8119967],[-36.6383402,-9.8119887],[-36.6383617,-9.8119924],[-36.6383789,-9.8119971],[-36.6383981,-9.8120147],[-36.6384189,-9.8120367],[-36.6384341,-9.8120449],[-36.6384584,-9.8120506],[-36.6384861,-9.8120537],[-36.6385102,-9.8120426],[-36.6385318,-9.812035],[-36.6385448,-9.8120221],[-36.6385542,-9.8119983],[-36.6385625,-9.8119774],[-36.6385821,-9.811977],[-36.6386008,-9.8119871],[-36.6386156,-9.8119981],[-36.6386314,-9.8120164],[-36.6386384,-9.8120462],[-36.6386496,-9.812068],[-36.6386682,-9.8121082],[-36.6386782,-9.812129],[-36.6386939,-9.8121414],[-36.638707,-9.8121479],[-36.6387204,-9.8121551],[-36.6387304,-9.812163],[-36.6387355,-9.8121771],[-36.6387404,-9.8122006],[-36.63873,-9.8122079],[-36.6387178,-9.8122152],[-36.6387038,-9.8122182],[-36.6386883,-9.8122191],[-36.6386643,-9.8122196],[-36.6386351,-9.8122146],[-36.6386128,-9.8122171],[-36.6385979,-9.8122288],[-36.6385887,-9.8122457],[-36.638588,-9.8122562],[-36.6386008,-9.8122699],[-36.6386209,-9.8122786],[-36.6386466,-9.8123127],[-36.6386733,-9.8123634],[-36.6387029,-9.8123992],[-36.638734,-9.8124196],[-36.6387613,-9.8124315],[-36.6387749,-9.8124474],[-36.6387803,-9.8124949],[-36.6387805,-9.8125224],[-36.6387679,-9.8125436],[-36.6387454,-9.8125519],[-36.6387135,-9.8125385],[-36.6386982,-9.812561],[-36.6386962,-9.8125947],[-36.638724,-9.8126108],[-36.6387554,-9.8126147],[-36.6387844,-9.8126108],[-36.6388199,-9.8126136],[-36.6388611,-9.8126103],[-36.6388851,-9.8125993],[-36.6389041,-9.812599],[-36.6389126,-9.8126265],[-36.6389023,-9.8126559],[-36.6388808,-9.8126841],[-36.6388604,-9.8127223],[-36.6388557,-9.812764],[-36.6388248,-9.8127954],[-36.638803,-9.8127926],[-36.638779,-9.8127862],[-36.6387602,-9.8127854],[-36.6387543,-9.8128062],[-36.6387554,-9.812839],[-36.63876,-9.8128775],[-36.638753,-9.8129123],[-36.6387349,-9.8129319],[-36.6387159,-9.8129609],[-36.6387112,-9.8129868],[-36.6387144,-9.813001],[-36.6387314,-9.813016],[-36.6387692,-9.8130253],[-36.6388214,-9.8130332],[-36.6388408,-9.8130118],[-36.6388513,-9.812991],[-36.6388613,-9.812947],[-36.6388812,-9.8129298],[-36.6389006,-9.8129349],[-36.6389245,-9.81295],[-36.6389531,-9.8129578],[-36.638968,-9.8129324],[-36.6389537,-9.8129016],[-36.6389146,-9.8128836],[-36.6389158,-9.8128483],[-36.6389339,-9.8128264],[-36.6389549,-9.8128088],[-36.6389732,-9.8127938],[-36.6389905,-9.8127831],[-36.6390181,-9.8128034],[-36.639044,-9.8128269],[-36.6390663,-9.8128491],[-36.6390822,-9.8128708],[-36.6390839,-9.8129005],[-36.6390676,-9.8129179],[-36.6390404,-9.8129412],[-36.6390289,-9.8129709],[-36.6390239,-9.8130026],[-36.6390056,-9.8130342],[-36.6389743,-9.8130511],[-36.6389489,-9.8130786],[-36.6389313,-9.8131195],[-36.6389238,-9.8131713],[-36.6389087,-9.8132219],[-36.6388918,-9.8132757],[-36.6388959,-9.8133546],[-36.6389122,-9.8133888],[-36.6389184,-9.8134468],[-36.6389106,-9.8135198],[-36.6388851,-9.8135622],[-36.6388339,-9.8135865],[-36.6387831,-9.8135935],[-36.6387333,-9.8136222],[-36.6386801,-9.8136388],[-36.6386355,-9.8136324],[-36.638579,-9.8136619],[-36.6385089,-9.8136739],[-36.6383955,-9.8131258],[-36.6382079,-9.8127735],[-36.6380576,-9.8125365],[-36.6378993,-9.8123492],[-36.6376333,-9.8121256],[-36.637169,-9.8117225],[-36.6365837,-9.8112297],[-36.6364057,-9.8110485],[-36.6362286,-9.8108506],[-36.6360219,-9.8104898],[-36.6358902,-9.810191],[-36.6358207,-9.8100002],[-36.6357734,-9.8098983],[-36.635707,-9.8097682],[-36.6356775,-9.8097187],[-36.6356034,-9.8095945],[-36.6354888,-9.8094071],[-36.6353778,-9.809197],[-36.6352404,-9.8089305],[-36.6351859,-9.8088341],[-36.6351222,-9.808705],[-36.6350886,-9.8086354],[-36.6350294,-9.8084944],[-36.6349435,-9.8083],[-36.6348805,-9.8081358],[-36.6348368,-9.8079348],[-36.6347186,-9.8074073],[-36.6346549,-9.8070998],[-36.6346341,-9.8070124],[-36.6345668,-9.8067025],[-36.6344351,-9.8061266],[-36.634324,-9.8057302],[-36.634159,-9.8051702],[-36.6340478,-9.8049036],[-36.6338828,-9.8045755],[-36.6337532,-9.8043633],[-36.6335518,-9.8038822],[-36.6331936,-9.8029194],[-36.6327604,-9.8017178],[-36.6325779,-9.8012171],[-36.6324512,-9.8007441],[-36.6322513,-9.7997809],[-36.632216,-9.7994563],[-36.6321589,-9.7985795],[-36.6321392,-9.7981001],[-36.6321089,-9.7971012],[-36.6320703,-9.7967744],[-36.6319929,-9.7963935],[-36.6318847,-9.7958523],[-36.6317545,-9.7953766],[-36.6316653,-9.7950539],[-36.6315557,-9.7945231],[-36.6314596,-9.793994],[-36.6313125,-9.7930656],[-36.6311563,-9.7921543]]]]}},
{"type":"Feature","properties":{"ibge_code_municipio":"2700300","name":"Verdes Campos","code":"2700300032"},"geometry":{"type":"MultiPolygon","coordinates":[[[[-36.6439187,-9.7770026],[-36.6453372,-9.7759685],[-36.6458501,-9.7756032],[-36.6475128,-9.7743686],[-36.6484724,-9.7736565],[-36.6495206,-9.7728895],[-36.6504064,-9.7722347],[-36.6505145,-9.7721528],[-36.6504698,-9.7722836],[-36.6500107,-9.7729916],[-36.6499614,-9.7731304],[-36.6500103,-9.7732301],[-36.6499679,-9.7732639],[-36.6498726,-9.7735379],[-36.6498183,-9.7741139],[-36.6498402,-9.7746456],[-36.6498948,-9.7748632],[-36.6500998,-9.7754111],[-36.6505984,-9.7766281],[-36.6508512,-9.7772255],[-36.6510014,-9.7776101],[-36.6515181,-9.7788566],[-36.6517556,-9.7798178],[-36.6522237,-9.7807711],[-36.6523007,-9.7808044],[-36.652519,-9.7812565],[-36.652857,-9.7820608],[-36.6539395,-9.7846329],[-36.6539649,-9.7848139],[-36.6529655,-9.784388],[-36.6513018,-9.7837169],[-36.6475013,-9.7821449],[-36.6471121,-9.7819836],[-36.6463078,-9.7816629],[-36.6452018,-9.7812069],[-36.6418847,-9.7798379],[-36.6404236,-9.7792444],[-36.6398589,-9.7790107],[-36.6397231,-9.7789499],[-36.6418848,-9.7782176],[-36.6423908,-9.7780393],[-36.6426722,-9.7779008],[-36.6429765,-9.7776948],[-36.6431449,-9.7775704],[-36.6434937,-9.7773161],[-36.6439187,-9.7770026]]]]}},
{"type":"Feature","properties":{"ibge_code_municipio":"2700300","name":"Olho D'Água dos Cazuzinhas","code":"2700300021"},"geometry":{"type":"MultiPolygon","coordinates":[[[[-36.6761922,-9.7841327],[-36.675812,-9.7842705],[-36.6756281,-9.7843093],[-36.6756426,-9.784461],[-36.6757233,-9.7848234],[-36.6757775,-9.7850754],[-36.6758178,-9.7851891],[-36.6759149,-9.7852846],[-36.6764071,-9.7857387],[-36.6769633,-9.7862393],[-36.6772429,-9.7864643],[-36.6773853,-9.7866115],[-36.6774379,-9.7867061],[-36.6774548,-9.7867834],[-36.6774384,-9.7868614],[-36.6773804,-9.7869047],[-36.6758701,-9.7874756],[-36.6757316,-9.7875351],[-36.675243,-9.7878647],[-36.6746381,-9.7882565],[-36.6741026,-9.7885958],[-36.6727853,-9.7895248],[-36.6720873,-9.7887909],[-36.6720076,-9.7885842],[-36.6717975,-9.7883554],[-36.6715664,-9.7881188],[-36.6712458,-9.7877858],[-36.6709923,-9.7875746],[-36.6707629,-9.7875323],[-36.670479,-9.7875026],[-36.6688451,-9.7877731],[-36.6669246,-9.7879094],[-36.6661722,-9.7854642],[-36.6659171,-9.7856203],[-36.6659124,-9.7855363],[-36.6650894,-9.7823855],[-36.6650683,-9.7821234],[-36.6649941,-9.7820756],[-36.6649429,-9.7819782],[-36.6648029,-9.7814292],[-36.6647403,-9.7812887],[-36.664678,-9.7812058],[-36.6645996,-9.7811388],[-36.664462,-9.7810747],[-36.6643095,-9.7810499],[-36.6640392,-9.7811034],[-36.6639431,-9.7810502],[-36.6645361,-9.7806261],[-36.6656606,-9.779834],[-36.666967,-9.7789007],[-36.667645,-9.7784141],[-36.6676626,-9.7782626],[-36.6676871,-9.7777439],[-36.6677289,-9.7770738],[-36.6677788,-9.7766045],[-36.6677737,-9.7764711],[-36.6677438,-9.7763392],[-36.6676154,-9.7758392],[-36.6674904,-9.7753493],[-36.667258,-9.7743631],[-36.6672384,-9.7742964],[-36.6672187,-9.774266],[-36.6672889,-9.7741638],[-36.6674299,-9.7739538],[-36.6675078,-9.7738092],[-36.6675628,-9.7736747],[-36.6675833,-9.773549],[-36.6676108,-9.7733727],[-36.6676193,-9.7731877],[-36.6676116,-9.7730175],[-36.667585,-9.772877],[-36.667527,-9.772721],[-36.6674682,-9.772594],[-36.6674334,-9.7725345],[-36.6673495,-9.7723746],[-36.6672675,-9.7722632],[-36.6671506,-9.7721313],[-36.6669806,-9.7719995],[-36.6667914,-9.7718656],[-36.66664,-9.7717804],[-36.6665547,-9.7717429],[-36.6664469,-9.771746],[-36.6660338,-9.771652],[-36.6659267,-9.7716396],[-36.6655739,-9.7715685],[-36.6649895,-9.7714045],[-36.6649908,-9.7713592],[-36.664834,-9.7703703],[-36.6647545,-9.76981],[-36.6646803,-9.769257],[-36.6645889,-9.7686917],[-36.6645114,-9.768144],[-36.6644192,-9.7675923],[-36.665059,-9.7674784],[-36.6652665,-9.7674215],[-36.6660601,-9.7670097],[-36.6659619,-9.7667778],[-36.6665806,-9.7665081],[-36.6676051,-9.7660002],[-36.667914,-9.7658205],[-36.6679693,-9.7657569],[-36.6679393,-9.765579],[-36.6679035,-9.7653838],[-36.667911,-9.7652766],[-36.6679071,-9.7649123],[-36.6678977,-9.7648623],[-36.6678708,-9.7647785],[-36.6678109,-9.7646733],[-36.6676261,-9.7643709],[-36.6675438,-9.7641421],[-36.6682432,-9.7647753],[-36.6691098,-9.7654189],[-36.6699308,-9.7648109],[-36.6703083,-9.7645431],[-36.6702886,-9.7644545],[-36.6700909,-9.764085],[-36.6699769,-9.763799],[-36.6698577,-9.763467],[-36.6697726,-9.763182],[-36.6697136,-9.76293],[-36.6697229,-9.7628895],[-36.6696912,-9.7626137],[-36.6696487,-9.7622693],[-36.6696015,-9.7619539],[-36.6699861,-9.7618837],[-36.670184,-9.7618446],[-36.6702347,-9.7618397],[-36.6702556,-9.7619184],[-36.6705972,-9.7618413],[-36.6706298,-9.7617897],[-36.6711753,-9.761765],[-36.6716164,-9.7617493],[-36.6716823,-9.7617526],[-36.6716439,-9.7614074],[-36.6716257,-9.7612852],[-36.6717056,-9.7609925],[-36.6719801,-9.7601233],[-36.6723904,-9.7602709],[-36.6739839,-9.760884],[-36.6742616,-9.7609957],[-36.6744722,-9.7611145],[-36.6746143,-9.761236],[-36.6748211,-9.7614643],[-36.6749716,-9.7615588],[-36.6750947,-9.761585],[-36.6790322,-9.7614566],[-36.6794626,-9.7614474],[-36.6796894,-9.7614952],[-36.6801762,-9.7617195],[-36.6806794,-9.762004],[-36.6810409,-9.7622209],[-36.6830169,-9.7632192],[-36.6841515,-9.7637109],[-36.684357,-9.7639089],[-36.6843668,-9.7640057],[-36.6844266,-9.764098],[-36.6844889,-9.7641437],[-36.6845895,-9.7641591],[-36.6847124,-9.7641184],[-36.6850024,-9.7641794],[-36.6860418,-9.7646771],[-36.6891115,-9.7662451],[-36.6901618,-9.7667425],[-36.6902333,-9.7668172],[-36.6902725,-9.7669225],[-36.6902958,-9.7671009],[-36.6903225,-9.7671796],[-36.6907277,-9.7699388],[-36.6909627,-9.7699498],[-36.6913465,-9.7699086],[-36.6918392,-9.7697621],[-36.6928914,-9.7693431],[-36.694347,-9.7686835],[-36.6944495,-9.7688888],[-36.69473,-9.7697399],[-36.6950493,-9.7707043],[-36.6952937,-9.7714274],[-36.695465,-9.7719778],[-36.6958148,-9.7731676],[-36.696277,-9.7746794],[-36.6964365,-9.7752534],[-36.6965102,-9.775566],[-36.696753,-9.7764475],[-36.6970302,-9.777324],[-36.696681,-9.777475],[-36.6965184,-9.7777157],[-36.6963628,-9.7779452],[-36.6963532,-9.7780192],[-36.6961938,-9.7781317],[-36.6959743,-9.7782817],[-36.6958028,-9.7784843],[-36.6956146,-9.7786812],[-36.6953785,-9.7789763],[-36.6951044,-9.7792477],[-36.6950026,-9.7794889],[-36.6945962,-9.7798378],[-36.6943711,-9.7801027],[-36.6943637,-9.7802176],[-36.6942913,-9.7803671],[-36.6942389,-9.7805135],[-36.6942211,-9.7806352],[-36.694261,-9.7807645],[-36.6942224,-9.7808879],[-36.6941365,-9.7810808],[-36.6940796,-9.7811919],[-36.6939828,-9.7813195],[-36.6938988,-9.7813412],[-36.6938891,-9.7814575],[-36.6938123,-9.7815621],[-36.6935863,-9.781809],[-36.6934951,-9.7819275],[-36.6935659,-9.7820405],[-36.6935964,-9.7820822],[-36.6935986,-9.7821367],[-36.6935591,-9.7821709],[-36.6934964,-9.782191],[-36.6934246,-9.7822204],[-36.6933886,-9.7821867],[-36.6933661,-9.782147],[-36.6933209,-9.7821216],[-36.6932706,-9.782126],[-36.6931836,-9.7821661],[-36.693128,-9.7822421],[-36.6930663,-9.7823315],[-36.6930367,-9.7823814],[-36.6929689,-9.7823935],[-36.6929267,-9.7824255],[-36.6928937,-9.7825053],[-36.6928363,-9.7825326],[-36.6928252,-9.7826165],[-36.6927772,-9.7826831],[-36.6926333,-9.7828325],[-36.6925474,-9.7829254],[-36.6924704,-9.7829817],[-36.6923897,-9.7830347],[-36.6923305,-9.7830586],[-36.6922812,-9.7831031],[-36.6922366,-9.7831507],[-36.6921391,-9.7831925],[-36.6920471,-9.7832351],[-36.6919398,-9.7833234],[-36.6918151,-9.7833349],[-36.6917054,-9.7833918],[-36.6915892,-9.783429],[-36.6914451,-9.7834937],[-36.6913073,-9.7836354],[-36.6911862,-9.7837377],[-36.6911236,-9.7838774],[-36.6909815,-9.7839796],[-36.6907117,-9.7841329],[-36.6905497,-9.7842458],[-36.6903495,-9.784385],[-36.6902508,-9.7844368],[-36.6901797,-9.7844846],[-36.6901299,-9.7845121],[-36.6900633,-9.7845515],[-36.6899986,-9.784587],[-36.689942,-9.7846159],[-36.6898709,-9.784637],[-36.6898106,-9.7846289],[-36.6897333,-9.7846221],[-36.6896925,-9.784637],[-36.6896342,-9.7846768],[-36.6895969,-9.7847074],[-36.6895562,-9.7847445],[-36.6894758,-9.7847163],[-36.6894188,-9.7847006],[-36.6893318,-9.7847163],[-36.6892493,-9.7847353],[-36.6891471,-9.7847631],[-36.6890261,-9.7847526],[-36.6889229,-9.7847407],[-36.6888005,-9.7847338],[-36.6886256,-9.7847482],[-36.6884894,-9.7847737],[-36.6883647,-9.7847809],[-36.6882007,-9.7847613],[-36.6880661,-9.784718],[-36.6879236,-9.7847156],[-36.6878139,-9.7847732],[-36.6877007,-9.7848401],[-36.687599,-9.7848589],[-36.6874508,-9.7848471],[-36.6872753,-9.7847787],[-36.6870894,-9.7847546],[-36.6869415,-9.7846777],[-36.6867665,-9.7846142],[-36.6866243,-9.7845511],[-36.6864706,-9.7844791],[-36.6863154,-9.7843773],[-36.6861607,-9.7842819],[-36.6860191,-9.7841498],[-36.6858501,-9.7840229],[-36.6857199,-9.783914],[-36.6856014,-9.7838886],[-36.6854043,-9.783866],[-36.6853075,-9.7838],[-36.685202,-9.7837588],[-36.6851185,-9.7836663],[-36.685009,-9.7836403],[-36.6849395,-9.7836005],[-36.6848712,-9.7835511],[-36.6847385,-9.7834849],[-36.6846153,-9.7834499],[-36.6845712,-9.7833674],[-36.6844926,-9.7832664],[-36.684375,-9.7832626],[-36.6843177,-9.7831315],[-36.6842215,-9.7830515],[-36.684139,-9.7830096],[-36.684127,-9.7830983],[-36.6840821,-9.7831239],[-36.6840143,-9.7831212],[-36.6839637,-9.7830851],[-36.6839517,-9.782987],[-36.6839082,-9.7829211],[-36.6838923,-9.7828175],[-36.6838342,-9.7827391],[-36.6837918,-9.7826493],[-36.6837234,-9.7825768],[-36.6836286,-9.7825611],[-36.6835404,-9.7825431],[-36.6833657,-9.7825788],[-36.6832985,-9.7826201],[-36.6832202,-9.7826603],[-36.6831245,-9.7826429],[-36.6830792,-9.7825876],[-36.6830545,-9.7825239],[-36.6830139,-9.7824654],[-36.6829649,-9.7824337],[-36.6827347,-9.7823148],[-36.6826675,-9.7821519],[-36.6823883,-9.7819596],[-36.6821584,-9.7817204],[-36.6818911,-9.7814363],[-36.6816596,-9.7812052],[-36.681558,-9.7810821],[-36.681507,-9.7809529],[-36.6813391,-9.7808232],[-36.6812223,-9.7807386],[-36.6810768,-9.7806928],[-36.6809785,-9.7806353],[-36.6809108,-9.7805395],[-36.6807491,-9.7804239],[-36.6805691,-9.7803352],[-36.680388,-9.7801966],[-36.6801818,-9.780093],[-36.6800721,-9.7800024],[-36.6800268,-9.7800048],[-36.6799296,-9.7800382],[-36.6797745,-9.7800252],[-36.6795317,-9.7800647],[-36.6792755,-9.7799652],[-36.6790175,-9.7796422],[-36.6787109,-9.7794008],[-36.6785309,-9.7793078],[-36.6783792,-9.7791869],[-36.678539,-9.7795522],[-36.6786943,-9.7799579],[-36.678737,-9.7801094],[-36.6788109,-9.7805077],[-36.6788734,-9.7808814],[-36.6789643,-9.7813205],[-36.6790433,-9.7816872],[-36.6791369,-9.7820998],[-36.6792148,-9.7824991],[-36.6792956,-9.7829201],[-36.6793243,-9.7830178],[-36.6783733,-9.7833471],[-36.6780409,-9.7834652],[-36.6773317,-9.7837188],[-36.6768888,-9.7838894],[-36.6767962,-9.7839154],[-36.676598,-9.7839835],[-36.6761922,-9.7841327]]]]}},
{"type":"Feature","properties":{"ibge_code_municipio":"2700300","name":"Canafístula","code":"2700300009"},"geometry":{"type":"MultiPolygon","coordinates":[[[[-36.632149,-9.7833217],[-36.6319826,-9.7837388],[-36.6317338,-9.7843839],[-36.6313972,-9.785265],[-36.6313226,-9.7854625],[-36.6312082,-9.785695],[-36.6310418,-9.7860087],[-36.6307084,-9.7865267],[-36.6303532,-9.7869762],[-36.6301355,-9.787216],[-36.6299333,-9.7874184],[-36.629525,-9.7877817],[-36.629487,-9.7878139],[-36.6280876,-9.7887957],[-36.6276574,-9.7890961],[-36.6270005,-9.7895638],[-36.6265164,-9.7899079],[-36.6262483,-9.7901147],[-36.625938,-9.7903896],[-36.6257288,-9.7906035],[-36.6255341,-9.7908148],[-36.6253903,-9.7909763],[-36.6251344,-9.7913177],[-36.6248857,-9.7917151],[-36.6246352,-9.7921741],[-36.6235629,-9.794678],[-36.6234073,-9.7950157],[-36.6229134,-9.7962272],[-36.6220115,-9.798356],[-36.6217776,-9.7989156],[-36.6215634,-9.799434],[-36.621056,-9.8006295],[-36.6208866,-9.801024],[-36.6208,-9.80118],[-36.6206713,-9.8014147],[-36.6203688,-9.8018905],[-36.6202534,-9.8020429],[-36.6201429,-9.8021886],[-36.6197752,-9.8025936],[-36.6195898,-9.8027778],[-36.6192586,-9.8030625],[-36.6189347,-9.8033088],[-36.6184902,-9.8035946],[-36.6182418,-9.8037351],[-36.6179089,-9.8039024],[-36.6174733,-9.804083],[-36.6169785,-9.8042474],[-36.6164448,-9.8044026],[-36.6158976,-9.8045559],[-36.6154804,-9.8047056],[-36.6151813,-9.8048381],[-36.6147587,-9.8050461],[-36.6144,-9.8052605],[-36.6141167,-9.8054529],[-36.6138565,-9.8056489],[-36.6136016,-9.8058643],[-36.6130802,-9.80637],[-36.6120726,-9.8073185],[-36.6110564,-9.8082901],[-36.6100156,-9.8073337],[-36.6104478,-9.8069377],[-36.6096948,-9.8063374],[-36.6093211,-9.8060245],[-36.6100585,-9.8053615],[-36.6107425,-9.8059481],[-36.6117444,-9.8051119],[-36.612765,-9.8042406],[-36.6133803,-9.8047699],[-36.6141482,-9.8038558],[-36.6133984,-9.8032486],[-36.6132329,-9.8031284],[-36.6127784,-9.8027057],[-36.6126476,-9.8026405],[-36.6120542,-9.8023771],[-36.6117281,-9.8022047],[-36.6115882,-9.8021236],[-36.6115149,-9.8020681],[-36.6115336,-9.8020382],[-36.6115312,-9.8020176],[-36.6115324,-9.8019994],[-36.611536,-9.8019837],[-36.6115457,-9.8019691],[-36.6115542,-9.8019545],[-36.6115639,-9.8019376],[-36.61157,-9.8019206],[-36.6115809,-9.8019085],[-36.611587,-9.8018987],[-36.6115979,-9.8018769],[-36.6116064,-9.8018636],[-36.6116185,-9.8018502],[-36.6116319,-9.8018393],[-36.6116391,-9.801832],[-36.6116464,-9.8018199],[-36.6116573,-9.8018066],[-36.6116634,-9.8017956],[-36.6116719,-9.8017835],[-36.6116877,-9.8017644],[-36.6116937,-9.8017596],[-36.6116949,-9.8017377],[-36.6116913,-9.8017244],[-36.6116901,-9.801711],[-36.6116877,-9.8017001],[-36.6116877,-9.8016928],[-36.6116877,-9.8016856],[-36.6116865,-9.8016746],[-36.6116852,-9.8016649],[-36.6116852,-9.801654],[-36.6116852,-9.8016443],[-36.6116865,-9.8016285],[-36.6116828,-9.8016176],[-36.6116768,-9.8016031],[-36.6116683,-9.8015934],[-36.6116525,-9.8015727],[-36.6116525,-9.801557],[-36.6116525,-9.8015436],[-36.6116537,-9.8015351],[-36.611661,-9.8015218],[-36.6116658,-9.8015085],[-36.6116707,-9.8014927],[-36.6116707,-9.8014781],[-36.6116683,-9.8014624],[-36.611667,-9.8014478],[-36.611667,-9.8014296],[-36.611661,-9.8014151],[-36.6116489,-9.8013956],[-36.6116391,-9.8013811],[-36.6116319,-9.8013738],[-36.6116185,-9.8013653],[-36.6116052,-9.8013593],[-36.6115918,-9.8013508],[-36.6115821,-9.8013447],[-36.6115591,-9.8013289],[-36.611547,-9.8013192],[-36.6115421,-9.8013156],[-36.6115336,-9.8013035],[-36.61153,-9.8012938],[-36.6115178,-9.8012768],[-36.6115081,-9.801261],[-36.6115033,-9.801238],[-36.6115033,-9.8012234],[-36.6115033,-9.8012149],[-36.6115009,-9.801204],[-36.6114997,-9.8011858],[-36.6114972,-9.8011688],[-36.6114972,-9.8011518],[-36.611496,-9.8011276],[-36.6114948,-9.8011082],[-36.6114924,-9.8010912],[-36.6114875,-9.8010803],[-36.611479,-9.8010706],[-36.6114718,-9.8010596],[-36.6114657,-9.8010487],[-36.611462,-9.8010402],[-36.6114496,-9.8010138],[-36.6114472,-9.8010114],[-36.6114435,-9.8010017],[-36.6114363,-9.8009835],[-36.611412,-9.8009653],[-36.6113975,-9.8009496],[-36.6113877,-9.8009411],[-36.6113732,-9.8009301],[-36.6113671,-9.8009241],[-36.6113526,-9.8009132],[-36.6113477,-9.800901],[-36.6113477,-9.8008889],[-36.6113489,-9.800861],[-36.6113526,-9.8008477],[-36.6113538,-9.8008246],[-36.6113538,-9.8007882],[-36.6113514,-9.8007737],[-36.611355,-9.8007603],[-36.6113623,-9.8007421],[-36.6113659,-9.8007336],[-36.6113817,-9.8007082],[-36.6113841,-9.8006875],[-36.6113914,-9.8006766],[-36.6114132,-9.8006584],[-36.6114205,-9.8006414],[-36.6114254,-9.8006269],[-36.611429,-9.8006111],[-36.6114314,-9.8005941],[-36.6114266,-9.8005759],[-36.6114205,-9.8005541],[-36.6114205,-9.8005347],[-36.6114205,-9.8005165],[-36.6114205,-9.8005044],[-36.6114217,-9.800491],[-36.6114229,-9.8004753],[-36.6114217,-9.8004328],[-36.6114205,-9.8004037],[-36.6114181,-9.8003891],[-36.6114096,-9.8003673],[-36.6113987,-9.8003467],[-36.611389,-9.8003333],[-36.6113829,-9.8003236],[-36.6113768,-9.8003103],[-36.611372,-9.8002945],[-36.6113614,-9.8002709],[-36.6113614,-9.8002551],[-36.6113723,-9.8002345],[-36.611382,-9.8002236],[-36.6113965,-9.8002054],[-36.6114087,-9.800186],[-36.6114184,-9.8001738],[-36.6114293,-9.8001617],[-36.6114378,-9.8001471],[-36.6114426,-9.8001289],[-36.6114511,-9.8001035],[-36.6114511,-9.8000926],[-36.611456,-9.8000792],[-36.6114608,-9.8000622],[-36.6114608,-9.8000452],[-36.611462,-9.8000343],[-36.6114693,-9.8000186],[-36.6114754,-9.8000004],[-36.611479,-9.799987],[-36.6114863,-9.7999676],[-36.6114899,-9.7999555],[-36.6114899,-9.7999434],[-36.6114899,-9.7999276],[-36.6114887,-9.7999155],[-36.6114875,-9.7999021],[-36.6114851,-9.7998876],[-36.6114802,-9.7998718],[-36.6114802,-9.7998584],[-36.6114815,-9.7998451],[-36.6114827,-9.7998293],[-36.6114851,-9.7998148],[-36.6114899,-9.7997966],[-36.6114924,-9.7997772],[-36.6114936,-9.7997581],[-36.6114936,-9.799752],[-36.6114936,-9.7997447],[-36.6114936,-9.7997314],[-36.6114936,-9.7997205],[-36.6114948,-9.7997095],[-36.611496,-9.7996986],[-36.6115009,-9.7996804],[-36.6115069,-9.7996683],[-36.6115094,-9.7996574],[-36.6115081,-9.7996465],[-36.6115033,-9.7996295],[-36.6115009,-9.7996161],[-36.6115009,-9.799604],[-36.611496,-9.799587],[-36.611496,-9.7995688],[-36.6114984,-9.7995567],[-36.6115045,-9.799547],[-36.6115142,-9.7995276],[-36.6115178,-9.7995094],[-36.6115227,-9.79949],[-36.6115251,-9.7994754],[-36.6115275,-9.7994645],[-36.61153,-9.7994512],[-36.61153,-9.799433],[-36.61153,-9.7994196],[-36.61153,-9.7994099],[-36.61153,-9.7993954],[-36.6115336,-9.799382],[-36.6115373,-9.799376],[-36.6115421,-9.799365],[-36.6115482,-9.7993517],[-36.611553,-9.7993384],[-36.6115567,-9.7993226],[-36.6115579,-9.7993117],[-36.6115603,-9.7992971],[-36.6115627,-9.7992826],[-36.6115652,-9.799268],[-36.6115676,-9.7992498],[-36.6115676,-9.7992328],[-36.6115712,-9.7992231],[-36.6115761,-9.7992158],[-36.6115821,-9.7992049],[-36.6115846,-9.7991855],[-36.611587,-9.7991625],[-36.6115882,-9.7991503],[-36.6115894,-9.7991406],[-36.6115906,-9.7991273],[-36.6115918,-9.7991091],[-36.6115918,-9.7990994],[-36.6115918,-9.7990897],[-36.6115906,-9.7990788],[-36.6115906,-9.7990642],[-36.6115918,-9.7990509],[-36.6115967,-9.7990387],[-36.6116028,-9.7990254],[-36.6116028,-9.7990145],[-36.6116015,-9.7989884],[-36.6116015,-9.7989593],[-36.6115991,-9.7989472],[-36.6115967,-9.7989326],[-36.6115894,-9.7989035],[-36.6115894,-9.7988914],[-36.6115894,-9.7988695],[-36.611587,-9.7988574],[-36.6115797,-9.7988331],[-36.6115797,-9.7988113],[-36.6115676,-9.7987895],[-36.6115555,-9.7987604],[-36.611553,-9.7987361],[-36.611553,-9.7987021],[-36.6115555,-9.79869],[-36.6115627,-9.7986609],[-36.6115652,-9.798639],[-36.61157,-9.7986196],[-36.6115724,-9.7985857],[-36.6115749,-9.7985638],[-36.6115797,-9.7985299],[-36.6115846,-9.7985056],[-36.611587,-9.7984717],[-36.611587,-9.7984595],[-36.6115846,-9.7984498],[-36.6115821,-9.7984377],[-36.6115821,-9.7984207],[-36.6115821,-9.7983989],[-36.6115846,-9.7983843],[-36.6115846,-9.7983722],[-36.6115894,-9.7983649],[-36.6115991,-9.7983358],[-36.6116088,-9.798314],[-36.6116161,-9.7982873],[-36.6116161,-9.7982679],[-36.6116161,-9.7982436],[-36.6116137,-9.7982193],[-36.6116137,-9.7982048],[-36.6116185,-9.798183],[-36.6116234,-9.798166],[-36.6116282,-9.7981514],[-36.6116379,-9.7981369],[-36.6116452,-9.7981174],[-36.6116549,-9.7980859],[-36.6116598,-9.7980714],[-36.6116646,-9.7980568],[-36.6116695,-9.7980422],[-36.6116743,-9.7980277],[-36.6116792,-9.7979986],[-36.6116865,-9.7979743],[-36.6116937,-9.7979525],[-36.611701,-9.7979306],[-36.6117083,-9.7979088],[-36.6117107,-9.7978797],[-36.6117204,-9.797853],[-36.6117253,-9.7978336],[-36.6117301,-9.7978166],[-36.6117326,-9.7978069],[-36.6117398,-9.7977827],[-36.6117471,-9.7977535],[-36.611752,-9.7977269],[-36.6117544,-9.7977099],[-36.6117617,-9.797688],[-36.6117641,-9.7976735],[-36.6117641,-9.7976614],[-36.6117689,-9.7976492],[-36.6117762,-9.7976298],[-36.6117835,-9.7975983],[-36.6117884,-9.7975837],[-36.6117956,-9.7975667],[-36.6118126,-9.7975376],[-36.6118223,-9.7975255],[-36.611832,-9.7975109],[-36.6118369,-9.7975037],[-36.6118466,-9.7974867],[-36.6118539,-9.7974745],[-36.6118569,-9.7974436],[-36.6118569,-9.7974388],[-36.6118569,-9.7974266],[-36.6118569,-9.7974096],[-36.6118569,-9.7973951],[-36.6118569,-9.7973757],[-36.6118569,-9.7973587],[-36.6118569,-9.7973417],[-36.6118593,-9.7973272],[-36.6118666,-9.797315],[-36.6118909,-9.7972981],[-36.6119345,-9.7972932],[-36.6119539,-9.7972956],[-36.6119855,-9.7972956],[-36.612,-9.7973005],[-36.6120097,-9.7973078],[-36.6120219,-9.7973102],[-36.6120316,-9.797315],[-36.6120582,-9.7973199],[-36.6120728,-9.7973199],[-36.6120898,-9.7973175],[-36.6121068,-9.7973053],[-36.6121165,-9.7972932],[-36.6121238,-9.7972786],[-36.6121335,-9.7972617],[-36.6121359,-9.7972325],[-36.6121383,-9.7972131],[-36.6121383,-9.7971889],[-36.6121383,-9.7971695],[-36.6121383,-9.7971501],[-36.6121383,-9.7971234],[-36.6121456,-9.7970991],[-36.6121504,-9.797087],[-36.612165,-9.7970651],[-36.612182,-9.7970385],[-36.6121917,-9.7970118],[-36.6122014,-9.7969924],[-36.6122232,-9.7969657],[-36.6122281,-9.7969463],[-36.6122281,-9.7969366],[-36.6122256,-9.7969172],[-36.6122256,-9.7969002],[-36.6122256,-9.7968832],[-36.6122256,-9.7968711],[-36.6122256,-9.7968541],[-36.6122256,-9.7968468],[-36.6122475,-9.7968128],[-36.6122475,-9.7967934],[-36.6122475,-9.7967813],[-36.6122548,-9.7967643],[-36.6122596,-9.7967425],[-36.612262,-9.7967231],[-36.6122669,-9.796694],[-36.612279,-9.7966721],[-36.6122887,-9.7966551],[-36.6123154,-9.7966285],[-36.6123421,-9.7966115],[-36.6123785,-9.7965921],[-36.6124003,-9.7965751],[-36.6124173,-9.796563],[-36.6124319,-9.7965435],[-36.6124416,-9.796529],[-36.6124464,-9.7965241],[-36.6124585,-9.7964902],[-36.6124585,-9.7964732],[-36.6124585,-9.7964586],[-36.6124585,-9.7964295],[-36.6124585,-9.796415],[-36.6124585,-9.7963907],[-36.6124561,-9.7963616],[-36.612444,-9.7963252],[-36.6124367,-9.7963106],[-36.61241,-9.796284],[-36.6123858,-9.7962427],[-36.6123882,-9.796216],[-36.6123955,-9.7961942],[-36.6124052,-9.7961772],[-36.6124173,-9.796153],[-36.6124367,-9.7961263],[-36.612444,-9.7961093],[-36.6124513,-9.7960972],[-36.6124585,-9.7960826],[-36.6124658,-9.7960632],[-36.6124755,-9.7960244],[-36.612484,-9.7960001],[-36.6124852,-9.7959843],[-36.6124877,-9.7959674],[-36.6124901,-9.7959552],[-36.6124937,-9.7959419],[-36.6124949,-9.7959273],[-36.6124925,-9.7959128],[-36.6124901,-9.7959055],[-36.6124731,-9.7958885],[-36.6124658,-9.795874],[-36.612461,-9.795857],[-36.6124573,-9.7958388],[-36.6124561,-9.7958279],[-36.6124525,-9.7958157],[-36.6124404,-9.7957842],[-36.6124404,-9.7957709],[-36.612444,-9.7957636],[-36.6124501,-9.7957539],[-36.6124549,-9.7957442],[-36.6124585,-9.7957345],[-36.6124622,-9.7957223],[-36.6124598,-9.7956959],[-36.6124598,-9.7956814],[-36.6124634,-9.7956668],[-36.6124646,-9.7956486],[-36.6124707,-9.7956426],[-36.6124828,-9.7956353],[-36.6124889,-9.7956317],[-36.6125156,-9.795622],[-36.6125362,-9.795605],[-36.612541,-9.7955928],[-36.6125483,-9.7955819],[-36.6125544,-9.7955674],[-36.6125544,-9.7955577],[-36.6125544,-9.795548],[-36.6125544,-9.7955249],[-36.6125629,-9.7955104],[-36.6125641,-9.795497],[-36.6125604,-9.795463],[-36.612558,-9.79544],[-36.6125592,-9.795423],[-36.6125592,-9.7953975],[-36.6125592,-9.7953733],[-36.6125629,-9.7953539],[-36.6125629,-9.7953236],[-36.6125653,-9.7952944],[-36.612575,-9.7952762],[-36.6125847,-9.7952641],[-36.612598,-9.795258],[-36.6126162,-9.7952508],[-36.6126356,-9.7952435],[-36.6126502,-9.7952362],[-36.612666,-9.7952265],[-36.6126817,-9.7952168],[-36.6126963,-9.7952059],[-36.6127084,-9.7951938],[-36.612723,-9.7951841],[-36.6127363,-9.7951719],[-36.6127388,-9.7951598],[-36.6127388,-9.7951501],[-36.6127388,-9.7951355],[-36.6127388,-9.7951173],[-36.6127388,-9.7951004],[-36.6127412,-9.7950906],[-36.6127485,-9.7950785],[-36.6127521,-9.7950652],[-36.6127545,-9.7950555],[-36.6127545,-9.7950446],[-36.6127533,-9.7950276],[-36.6127533,-9.7950179],[-36.6127545,-9.795007],[-36.6127557,-9.7949972],[-36.612757,-9.7949912],[-36.6127606,-9.7949839],[-36.612763,-9.7949754],[-36.6127654,-9.7949681],[-36.612767,-9.7949502],[-36.612767,-9.7949405],[-36.612773,-9.7949248],[-36.6127791,-9.7949054],[-36.6127839,-9.794886],[-36.6127949,-9.7948568],[-36.6127997,-9.7948423],[-36.612807,-9.7948265],[-36.6128203,-9.7948107],[-36.6128349,-9.7947998],[-36.6128531,-9.7947877],[-36.6128664,-9.7947744],[-36.6128737,-9.7947574],[-36.612881,-9.7947355],[-36.6128834,-9.794721],[-36.6128895,-9.7947004],[-36.6128931,-9.7946907],[-36.6129016,-9.794664],[-36.6129101,-9.7946433],[-36.612921,-9.7946252],[-36.6129307,-9.7946094],[-36.6129428,-9.7945815],[-36.6129465,-9.7945669],[-36.6129477,-9.7945548],[-36.6129501,-9.794539],[-36.6129538,-9.7945257],[-36.612961,-9.7945123],[-36.6129707,-9.7944954],[-36.612978,-9.7944844],[-36.6129938,-9.7944662],[-36.6129986,-9.7944602],[-36.6130047,-9.7944553],[-36.6130132,-9.794448],[-36.6130253,-9.7944383],[-36.613035,-9.7944299],[-36.6130447,-9.7944214],[-36.6130532,-9.7944117],[-36.6130605,-9.794402],[-36.613069,-9.794391],[-36.6130763,-9.7943813],[-36.6130811,-9.7943728],[-36.6130872,-9.7943644],[-36.6130872,-9.7943498],[-36.613086,-9.7943413],[-36.6130739,-9.7943195],[-36.6130702,-9.7943073],[-36.6130702,-9.7943013],[-36.6130726,-9.794294],[-36.6130787,-9.7942831],[-36.6130933,-9.7942552],[-36.6131018,-9.7942443],[-36.613109,-9.7942358],[-36.6131212,-9.7942273],[-36.6131284,-9.7942249],[-36.6131457,-9.7942057],[-36.6131457,-9.7942021],[-36.6131421,-9.7941924],[-36.6131348,-9.7941827],[-36.6131324,-9.7941742],[-36.6131324,-9.7941681],[-36.6131336,-9.794156],[-36.613136,-9.7941451],[-36.6131372,-9.7941354],[-36.6131421,-9.7941196],[-36.6131482,-9.7941063],[-36.6131566,-9.794099],[-36.6131639,-9.7940941],[-36.6131858,-9.7940832],[-36.6132076,-9.794076],[-36.6132173,-9.7940735],[-36.6132391,-9.7940687],[-36.6132513,-9.7940675],[-36.6132695,-9.7940638],[-36.6132816,-9.7940602],[-36.6132901,-9.7940553],[-36.6132961,-9.7940468],[-36.6133022,-9.7940359],[-36.6133022,-9.7940323],[-36.6133083,-9.7940117],[-36.6133119,-9.7940056],[-36.6133155,-9.7939995],[-36.6133204,-9.7939874],[-36.613324,-9.7939801],[-36.6133386,-9.793968],[-36.6133434,-9.7939656],[-36.6133592,-9.7939583],[-36.6133811,-9.7939498],[-36.613392,-9.7939486],[-36.6134162,-9.7939474],[-36.6134271,-9.7939462],[-36.6134369,-9.7939449],[-36.6134514,-9.7939413],[-36.6134635,-9.7939365],[-36.6134672,-9.7939268],[-36.6134672,-9.7939158],[-36.6134672,-9.7939086],[-36.6134672,-9.7938916],[-36.613466,-9.793877],[-36.6134635,-9.7938612],[-36.6134635,-9.7938443],[-36.6134672,-9.793837],[-36.6134732,-9.7938297],[-36.6134842,-9.7938212],[-36.6134951,-9.7938127],[-36.6135011,-9.7938079],[-36.6135121,-9.7938006],[-36.6135242,-9.7937945],[-36.6135375,-9.7937873],[-36.6135472,-9.79378],[-36.6135521,-9.7937703],[-36.6135606,-9.793763],[-36.6135691,-9.7937569],[-36.6135776,-9.7937497],[-36.6135861,-9.7937375],[-36.6135933,-9.7937315],[-36.6136018,-9.7937242],[-36.6136091,-9.7937145],[-36.6136164,-9.7937036],[-36.6136176,-9.7936939],[-36.6136164,-9.7936793],[-36.6136164,-9.793666],[-36.6136127,-9.7936502],[-36.6136091,-9.7936429],[-36.6136091,-9.7936283],[-36.6136091,-9.7936162],[-36.6136079,-9.7936029],[-36.6136042,-9.7935932],[-36.6135982,-9.7935823],[-36.6135921,-9.793575],[-36.6135848,-9.7935665],[-36.6135776,-9.7935616],[-36.6135703,-9.7935507],[-36.6135703,-9.793541],[-36.6135654,-9.7935313],[-36.6135618,-9.7935228],[-36.6135582,-9.7935155],[-36.6135533,-9.7934998],[-36.6135497,-9.7934889],[-36.6135472,-9.7934804],[-36.6135436,-9.7934719],[-36.61354,-9.7934622],[-36.6135387,-9.7934525],[-36.6135387,-9.7934403],[-36.6135387,-9.7934331],[-36.6135366,-9.7934188],[-36.6135354,-9.7934152],[-36.6135342,-9.7934006],[-36.6135342,-9.7933933],[-36.6135354,-9.7933836],[-36.6135366,-9.7933727],[-36.6135366,-9.7933666],[-36.6135403,-9.7933569],[-36.6135451,-9.7933497],[-36.61355,-9.7933363],[-36.6135512,-9.7933218],[-36.6135524,-9.7933096],[-36.6135597,-9.7932926],[-36.6135669,-9.7932793],[-36.6135924,-9.7932635],[-36.6136118,-9.7932563],[-36.6136337,-9.7932563],[-36.6136482,-9.7932575],[-36.6136591,-9.7932623],[-36.6136749,-9.7932708],[-36.6136882,-9.7932757],[-36.613698,-9.7932805],[-36.6137052,-9.7932842],[-36.6137222,-9.7932878],[-36.6137368,-9.7932878],[-36.6137416,-9.7932878],[-36.6137525,-9.7932854],[-36.613761,-9.7932817],[-36.6137647,-9.7932781],[-36.6137683,-9.7932744],[-36.6137707,-9.7932672],[-36.6137719,-9.7932611],[-36.6137719,-9.7932514],[-36.6137719,-9.7932453],[-36.6137744,-9.7932405],[-36.613778,-9.7932271],[-36.613778,-9.7932199],[-36.6137804,-9.7932114],[-36.6137817,-9.7932041],[-36.6137829,-9.7931944],[-36.6137841,-9.7931835],[-36.6137865,-9.7931738],[-36.6137889,-9.7931641],[-36.6137914,-9.7931604],[-36.6137938,-9.7931507],[-36.6137962,-9.7931362],[-36.6137962,-9.7931277],[-36.6137974,-9.793118],[-36.6137974,-9.7931107],[-36.6137974,-9.7930961],[-36.6137974,-9.7930816],[-36.6138011,-9.7930707],[-36.6138011,-9.7930537],[-36.6138035,-9.7930464],[-36.613812,-9.7930367],[-36.6138156,-9.7930246],[-36.6138217,-9.7930161],[-36.6138314,-9.7929979],[-36.613835,-9.792987],[-36.6138399,-9.7929785],[-36.6138435,-9.7929663],[-36.6138435,-9.7929578],[-36.6138435,-9.7929469],[-36.6138435,-9.7929397],[-36.6138411,-9.7929227],[-36.6138362,-9.7929105],[-36.6138326,-9.7929008],[-36.6138265,-9.7928972],[-36.6138132,-9.7928899],[-36.6138071,-9.7928863],[-36.613795,-9.7928826],[-36.6137889,-9.7928754],[-36.6137865,-9.7928669],[-36.6137817,-9.7928547],[-36.613778,-9.792845],[-36.6137768,-9.7928281],[-36.6137804,-9.7928196],[-36.6137865,-9.792805],[-36.6137901,-9.7927965],[-36.6137938,-9.7927892],[-36.6137986,-9.792782],[-36.6137986,-9.7927759],[-36.6137986,-9.7927686],[-36.6137986,-9.7927553],[-36.6137986,-9.7927456],[-36.6137998,-9.7927371],[-36.6138023,-9.7927274],[-36.6138059,-9.7927177],[-36.6138096,-9.7927068],[-36.6138156,-9.7926934],[-36.6138205,-9.7926789],[-36.6138229,-9.7926691],[-36.6138241,-9.7926594],[-36.6138253,-9.7926485],[-36.6138253,-9.7926376],[-36.6138277,-9.7926279],[-36.6138326,-9.792617],[-36.613835,-9.7926109],[-36.6138375,-9.7926012],[-36.6138411,-9.7925952],[-36.6138435,-9.7925891],[-36.6138447,-9.7925794],[-36.6138472,-9.7925685],[-36.6138508,-9.7925588],[-36.6138472,-9.7925409],[-36.6138472,-9.7925312],[-36.6138484,-9.7925118],[-36.6138484,-9.7924924],[-36.6138484,-9.7924778],[-36.6138484,-9.7924705],[-36.6138508,-9.7924572],[-36.613852,-9.7924426],[-36.613852,-9.7924329],[-36.6138508,-9.7924281],[-36.6138496,-9.7924159],[-36.6138484,-9.7923941],[-36.6138484,-9.7923868],[-36.6138508,-9.792382],[-36.6138569,-9.7923723],[-36.6138593,-9.7923698],[-36.613869,-9.7923662],[-36.6138738,-9.7923565],[-36.6138763,-9.7923504],[-36.6138763,-9.7923407],[-36.6138763,-9.7923286],[-36.6138763,-9.7923213],[-36.6138751,-9.792314],[-36.6138726,-9.7922995],[-36.6138726,-9.7922922],[-36.6138751,-9.7922837],[-36.6138799,-9.792274],[-36.613886,-9.7922716],[-36.6138969,-9.7922619],[-36.6139005,-9.792251],[-36.6139005,-9.7922437],[-36.613903,-9.79224],[-36.6139199,-9.7922303],[-36.6139284,-9.7922303],[-36.6139357,-9.7922316],[-36.613943,-9.7922328],[-36.6139515,-9.792234],[-36.6139563,-9.7922352],[-36.6139648,-9.7922352],[-36.6139685,-9.7922352],[-36.6139782,-9.7922243],[-36.6139842,-9.7922085],[-36.6139903,-9.7922],[-36.6140024,-9.7921915],[-36.6140109,-9.7921818],[-36.6140243,-9.7921721],[-36.6140327,-9.7921673],[-36.6140437,-9.7921612],[-36.6140473,-9.7921539],[-36.6140461,-9.7921454],[-36.6140449,-9.7921369],[-36.6140449,-9.7921333],[-36.6140449,-9.7921248],[-36.6140509,-9.7921175],[-36.6140497,-9.7921139],[-36.614034,-9.7921054],[-36.6140303,-9.792103],[-36.6140255,-9.7921018],[-36.614017,-9.7920945],[-36.6140146,-9.7920872],[-36.6140146,-9.7920811],[-36.6140158,-9.7920763],[-36.6140194,-9.7920666],[-36.6140206,-9.7920557],[-36.6140206,-9.792046],[-36.6140206,-9.7920338],[-36.6140194,-9.7920265],[-36.614017,-9.7920181],[-36.6140133,-9.7920047],[-36.6140109,-9.791995],[-36.6140109,-9.7919792],[-36.6140121,-9.791972],[-36.614017,-9.7919623],[-36.614023,-9.791955],[-36.6140303,-9.7919441],[-36.6140388,-9.7919307],[-36.6140473,-9.7919198],[-36.6140534,-9.7919113],[-36.6140582,-9.791904],[-36.6140619,-9.7918943],[-36.6140631,-9.7918834],[-36.6140655,-9.7918737],[-36.6140679,-9.7918652],[-36.6140716,-9.7918579],[-36.6140764,-9.7918458],[-36.6140861,-9.7918373],[-36.6140861,-9.79183],[-36.6140849,-9.7918191],[-36.6140825,-9.7918106],[-36.6140813,-9.7917997],[-36.6140828,-9.7917806],[-36.6140828,-9.7917709],[-36.614084,-9.7917576],[-36.6140876,-9.7917491],[-36.6140949,-9.7917406],[-36.6141143,-9.791726],[-36.6141252,-9.7916945],[-36.6141265,-9.7916884],[-36.6141277,-9.7916775],[-36.6141337,-9.7916666],[-36.6141362,-9.7916605],[-36.6141386,-9.7916557],[-36.6141422,-9.7916496],[-36.6141471,-9.7916387],[-36.6141471,-9.7916266],[-36.6141459,-9.7916169],[-36.6141459,-9.7916059],[-36.6141471,-9.7915974],[-36.6141544,-9.7915805],[-36.6141604,-9.7915635],[-36.6141677,-9.7915501],[-36.6141713,-9.7915416],[-36.6141762,-9.7915271],[-36.6141859,-9.7915137],[-36.6141895,-9.7915089],[-36.6141968,-9.7914943],[-36.6142017,-9.7914786],[-36.6142017,-9.7914664],[-36.6142029,-9.7914555],[-36.6142029,-9.7914495],[-36.6142077,-9.7914385],[-36.6142162,-9.7914179],[-36.6142199,-9.7913997],[-36.6142283,-9.7913815],[-36.6142368,-9.7913658],[-36.6142405,-9.7913536],[-36.6142478,-9.7913366],[-36.6142575,-9.7913148],[-36.6142623,-9.791299],[-36.6142672,-9.7912918],[-36.6142866,-9.7912857],[-36.6142975,-9.7912796],[-36.6143023,-9.7912736],[-36.6143108,-9.7912614],[-36.6143157,-9.7912554],[-36.6143205,-9.7912469],[-36.6143266,-9.7912384],[-36.6143278,-9.7912226],[-36.6143302,-9.7912105],[-36.6143327,-9.7912008],[-36.6143375,-9.7911935],[-36.6143436,-9.7911826],[-36.6143509,-9.7911705],[-36.6143581,-9.7911571],[-36.614363,-9.791145],[-36.6143691,-9.7911341],[-36.6143788,-9.7911219],[-36.6143897,-9.7911134],[-36.6143933,-9.7911062],[-36.614403,-9.7910965],[-36.6144103,-9.7910843],[-36.6144139,-9.7910734],[-36.6144176,-9.7910649],[-36.6144236,-9.7910576],[-36.6144309,-9.7910516],[-36.6144358,-9.7910455],[-36.6144467,-9.7910382],[-36.6144564,-9.791037],[-36.614477,-9.7910301],[-36.6144722,-9.7910203],[-36.614471,-9.7910058],[-36.614471,-9.7909912],[-36.6144673,-9.790973],[-36.6144552,-9.7909561],[-36.6144418,-9.7909366],[-36.6144418,-9.7909185],[-36.6144418,-9.7909039],[-36.6144515,-9.7908881],[-36.6144661,-9.7908675],[-36.6144734,-9.7908529],[-36.6144879,-9.7908348],[-36.614494,-9.7908214],[-36.6145025,-9.7907971],[-36.6145219,-9.7907705],[-36.614534,-9.7907498],[-36.6145486,-9.7907401],[-36.614567,-9.7907435],[-36.6145753,-9.790745],[-36.6145995,-9.7907656],[-36.6146056,-9.7907547],[-36.6146129,-9.790745],[-36.6146177,-9.7907353],[-36.6146226,-9.7907268],[-36.6146299,-9.7907122],[-36.6146323,-9.7906977],[-36.6146347,-9.7906868],[-36.6146347,-9.7906649],[-36.6146384,-9.7906504],[-36.6146432,-9.790637],[-36.6146444,-9.7906116],[-36.6146444,-9.7905861],[-36.6146444,-9.7905655],[-36.6146468,-9.7905436],[-36.6146553,-9.7905254],[-36.6146614,-9.7905084],[-36.6146663,-9.7904951],[-36.6146675,-9.7904745],[-36.6146663,-9.7904442],[-36.6146626,-9.7904272],[-36.6146626,-9.7904138],[-36.6146626,-9.790392],[-36.6146663,-9.7903677],[-36.6146675,-9.7903544],[-36.6146675,-9.7903411],[-36.6146699,-9.7903277],[-36.6146735,-9.7903132],[-36.6146735,-9.7902962],[-36.614676,-9.7902616],[-36.6146808,-9.7902507],[-36.6146893,-9.7902373],[-36.6147305,-9.7902204],[-36.614756,-9.7902191],[-36.6147718,-9.7902228],[-36.6147863,-9.790224],[-36.6147997,-9.7902276],[-36.6148167,-9.7902276],[-36.6148324,-9.7902276],[-36.6148506,-9.7902252],[-36.6148676,-9.790224],[-36.6148822,-9.7902216],[-36.6148955,-9.7902179],[-36.6149076,-9.7902082],[-36.6149137,-9.7901985],[-36.6149173,-9.79019],[-36.6149234,-9.7901815],[-36.6149307,-9.7901694],[-36.6149343,-9.7901524],[-36.6149404,-9.7901257],[-36.6149489,-9.7901051],[-36.6149525,-9.7900881],[-36.6149562,-9.7900614],[-36.6149634,-9.7900445],[-36.6149719,-9.7900275],[-36.6149768,-9.7900202],[-36.6149877,-9.7900105],[-36.6150035,-9.7899972],[-36.615012,-9.7899899],[-36.6150217,-9.7899826],[-36.6150387,-9.7899656],[-36.6150471,-9.7899523],[-36.6150568,-9.7899389],[-36.6150629,-9.7899304],[-36.6150665,-9.7899147],[-36.6150665,-9.7899038],[-36.6150665,-9.7898928],[-36.6150665,-9.7898783],[-36.6150665,-9.7898698],[-36.615069,-9.7898613],[-36.6150738,-9.7898504],[-36.6150787,-9.789837],[-36.6150823,-9.7898261],[-36.6150896,-9.7898152],[-36.6150957,-9.7898055],[-36.6150981,-9.7897909],[-36.6150993,-9.7897825],[-36.6150993,-9.7897715],[-36.6151081,-9.78975],[-36.6151105,-9.7897379],[-36.6151117,-9.7897209],[-36.6151154,-9.7897088],[-36.6151166,-9.7897027],[-36.6151214,-9.7896942],[-36.6151336,-9.7896881],[-36.6151542,-9.7896784],[-36.6151785,-9.7896687],[-36.6151857,-9.7896615],[-36.6151869,-9.789653],[-36.6151857,-9.7896469],[-36.6151797,-9.7896299],[-36.6151797,-9.7896251],[-36.6151797,-9.7896202],[-36.6151809,-9.7896032],[-36.6151797,-9.7895935],[-36.6151797,-9.7895862],[-36.6151785,-9.7895741],[-36.6151748,-9.7895644],[-36.6151748,-9.7895583],[-36.6151748,-9.7895486],[-36.615176,-9.7895402],[-36.6151785,-9.7895304],[-36.6151785,-9.789522],[-36.6151785,-9.7895135],[-36.6151785,-9.7895074],[-36.6151772,-9.7894928],[-36.6151772,-9.7894795],[-36.615176,-9.789471],[-36.6151724,-9.7894601],[-36.6151687,-9.7894443],[-36.6151687,-9.7894346],[-36.61517,-9.7894249],[-36.6151724,-9.7894091],[-36.6151724,-9.7893922],[-36.6151772,-9.789374],[-36.6151821,-9.7893631],[-36.6151869,-9.7893546],[-36.615193,-9.7893485],[-36.6152124,-9.7893376],[-36.6152318,-9.7893303],[-36.6152464,-9.7893242],[-36.6152585,-9.7893182],[-36.6152694,-9.7893133],[-36.615284,-9.789306],[-36.6152985,-9.7892915],[-36.6153046,-9.7892806],[-36.6153192,-9.789266],[-36.615324,-9.7892539],[-36.6153277,-9.7892417],[-36.6153361,-9.7892284],[-36.6153398,-9.7892151],[-36.6153398,-9.7892041],[-36.6153361,-9.7891944],[-36.6153301,-9.7891787],[-36.6153289,-9.7891665],[-36.6153289,-9.7891447],[-36.6153289,-9.7891241],[-36.6153349,-9.7891095],[-36.6153422,-9.7891023],[-36.6153531,-9.7890974],[-36.6153556,-9.7890974],[-36.6153725,-9.7891107],[-36.6153762,-9.7891059],[-36.6153762,-9.7890865],[-36.6153798,-9.7890756],[-36.6153895,-9.7890622],[-36.6154077,-9.7890489],[-36.6154283,-9.7890307],[-36.6154283,-9.7890088],[-36.6154198,-9.7889737],[-36.6153968,-9.7889579],[-36.6153677,-9.7889494],[-36.6153531,-9.7889433],[-36.6153264,-9.78893],[-36.615307,-9.7889227],[-36.615284,-9.7889179],[-36.6152424,-9.78891],[-36.6152364,-9.7888991],[-36.6152279,-9.7888894],[-36.6152182,-9.7888809],[-36.6152085,-9.7888663],[-36.6152012,-9.7888518],[-36.6151939,-9.7888396],[-36.6151927,-9.7888299],[-36.6151927,-9.7888154],[-36.6151976,-9.7888057],[-36.6152073,-9.7887923],[-36.615217,-9.7887875],[-36.6152339,-9.7887766],[-36.6152521,-9.7887668],[-36.6152691,-9.7887584],[-36.6152861,-9.788745],[-36.6152934,-9.7887268],[-36.6152946,-9.7887159],[-36.6152995,-9.7887062],[-36.615314,-9.7886953],[-36.6153249,-9.7886844],[-36.6153249,-9.7886734],[-36.6153225,-9.7886577],[-36.6153201,-9.788648],[-36.6153164,-9.7886407],[-36.6152982,-9.7886261],[-36.6152837,-9.7886152],[-36.6152703,-9.7886067],[-36.6152558,-9.788597],[-36.6152473,-9.7885861],[-36.6152412,-9.788574],[-36.6152364,-9.7885618],[-36.6152315,-9.7885485],[-36.6152291,-9.7885376],[-36.6152315,-9.7885303],[-36.6152352,-9.7885145],[-36.6152367,-9.7884942],[-36.6152403,-9.7884736],[-36.6152452,-9.788453],[-36.6152488,-9.7884469],[-36.6152585,-9.7884324],[-36.6152694,-9.7884154],[-36.6152791,-9.7884008],[-36.6152888,-9.7883838],[-36.6152913,-9.7883753],[-36.615301,-9.7883559],[-36.6153046,-9.7883365],[-36.6153082,-9.7883171],[-36.6153095,-9.7883074],[-36.6153131,-9.7882989],[-36.6153192,-9.7882844],[-36.615324,-9.7882613],[-36.6153264,-9.7882492],[-36.6153301,-9.7882346],[-36.6153398,-9.7882128],[-36.6153458,-9.7881934],[-36.6153543,-9.7881837],[-36.6153616,-9.7881776],[-36.6153762,-9.788174],[-36.6153919,-9.7881728],[-36.6153944,-9.7881752],[-36.6154016,-9.7881788],[-36.6154101,-9.7881788],[-36.6154138,-9.7881716],[-36.6154174,-9.7881582],[-36.6154235,-9.7881376],[-36.6154247,-9.7881085],[-36.6154247,-9.7880866],[-36.6154283,-9.7880721],[-36.6154344,-9.7880527],[-36.6154465,-9.7880393],[-36.6154574,-9.788026],[-36.6154781,-9.7880054],[-36.6154853,-9.7879932],[-36.6154902,-9.7879823],[-36.6155048,-9.7879641],[-36.6155217,-9.7879459],[-36.6155327,-9.7879338],[-36.6155411,-9.7879229],[-36.6155484,-9.7879083],[-36.6155545,-9.7878926],[-36.6155581,-9.7878792],[-36.6155606,-9.7878477],[-36.6155557,-9.7878307],[-36.6155484,-9.7878174],[-36.6155375,-9.7878064],[-36.6155254,-9.7877943],[-36.6155157,-9.7877834],[-36.6155048,-9.78777],[-36.6154914,-9.7877519],[-36.6154781,-9.7877327],[-36.6154672,-9.7877255],[-36.6154611,-9.7877146],[-36.6154562,-9.7876806],[-36.6154562,-9.787666],[-36.6154562,-9.7876515],[-36.6154599,-9.7876357],[-36.6154611,-9.787626],[-36.6154635,-9.787609],[-36.6154635,-9.7875969],[-36.6154635,-9.787586],[-36.6154672,-9.7875641],[-36.6154684,-9.7875544],[-36.6154696,-9.7875435],[-36.6154781,-9.787529],[-36.6154853,-9.7875168],[-36.615495,-9.7875035],[-36.6155084,-9.7874829],[-36.6155193,-9.7874671],[-36.6155254,-9.7874622],[-36.6155399,-9.7874538],[-36.6155557,-9.787444],[-36.6155678,-9.7874356],[-36.6155872,-9.7874234],[-36.6156018,-9.7874174],[-36.6156188,-9.7874137],[-36.6156394,-9.787404],[-36.6156515,-9.787398],[-36.6156649,-9.7873846],[-36.6156697,-9.7873725],[-36.6156734,-9.7873616],[-36.6156794,-9.7873482],[-36.6156879,-9.7873227],[-36.6156952,-9.7873179],[-36.6157085,-9.787307],[-36.6157255,-9.7872985],[-36.6157364,-9.7872924],[-36.6157607,-9.7872839],[-36.615774,-9.7872839],[-36.6157801,-9.7872851],[-36.6157874,-9.7872864],[-36.6157886,-9.7872888],[-36.6157935,-9.7872973],[-36.6157947,-9.7873058],[-36.6158007,-9.7873252],[-36.6158056,-9.7873422],[-36.6158153,-9.7873482],[-36.6158214,-9.7873482],[-36.615825,-9.7873458],[-36.6158311,-9.7873422],[-36.6158359,-9.7873361],[-36.6158432,-9.7873215],[-36.6158468,-9.7873094],[-36.6158517,-9.7872961],[-36.6158565,-9.7872779],[-36.615859,-9.7872682],[-36.6158674,-9.7872487],[-36.6158772,-9.7872318],[-36.6158844,-9.7872184],[-36.6158917,-9.7872075],[-36.6159014,-9.7871966],[-36.6159135,-9.7871845],[-36.6159245,-9.7871748],[-36.6159366,-9.7871626],[-36.6159475,-9.7871481],[-36.6159584,-9.7871384],[-36.6159681,-9.7871287],[-36.6159766,-9.787119],[-36.6159778,-9.7871068],[-36.6159766,-9.7870935],[-36.615973,-9.7870789],[-36.6159657,-9.7870644],[-36.6159609,-9.7870535],[-36.615956,-9.7870377],[-36.6159463,-9.7870304],[-36.6159305,-9.787034],[-36.6159184,-9.7870365],[-36.6158966,-9.7870522],[-36.615882,-9.7870644],[-36.6158662,-9.7870729],[-36.6158553,-9.7870789],[-36.6158444,-9.787085],[-36.6158226,-9.7870947],[-36.6158019,-9.7871056],[-36.6157837,-9.7871093],[-36.615774,-9.7871093],[-36.6157619,-9.787108],[-36.6157474,-9.7871056],[-36.6157364,-9.7871032],[-36.6157195,-9.787102],[-36.6157122,-9.787102],[-36.6157098,-9.7871032],[-36.6157061,-9.7871105],[-36.6156976,-9.7871214],[-36.6156916,-9.7871323],[-36.6156819,-9.7871481],[-36.6156734,-9.7871578],[-36.6156588,-9.7871687],[-36.615643,-9.7871699],[-36.6156164,-9.7871651],[-36.6155994,-9.7871553],[-36.6155897,-9.7871469],[-36.6155787,-9.7871359],[-36.6155715,-9.7871202],[-36.6155593,-9.7871032],[-36.6155496,-9.7870886],[-36.6155399,-9.7870729],[-36.6155314,-9.7870607],[-36.6155193,-9.7870437],[-36.6155096,-9.787028],[-36.6155048,-9.7870195],[-36.6155011,-9.7870061],[-36.6155011,-9.786994],[-36.6154999,-9.7869628],[-36.6154999,-9.7869579],[-36.6154987,-9.7869494],[-36.6154987,-9.7869397],[-36.6154987,-9.7869288],[-36.6154987,-9.7869143],[-36.6154987,-9.7868997],[-36.6154987,-9.7868864],[-36.6154987,-9.7868609],[-36.6154999,-9.7868439],[-36.6155023,-9.7868257],[-36.6155023,-9.7868014],[-36.6155023,-9.7867845],[-36.6155023,-9.7867772],[-36.6155023,-9.7867687],[-36.6155023,-9.7867323],[-36.6155035,-9.7867141],[-36.6155035,-9.786702],[-36.615506,-9.7866911],[-36.6155096,-9.7866765],[-36.6155096,-9.7866692],[-36.6155132,-9.7866571],[-36.6155169,-9.7866401],[-36.6155181,-9.786628],[-36.6155217,-9.7866183],[-36.6155242,-9.7866074],[-36.615529,-9.7866013],[-36.6155363,-9.7865916],[-36.6155448,-9.7865783],[-36.6155472,-9.7865673],[-36.6155472,-9.7865516],[-36.6155472,-9.7865382],[-36.6155448,-9.7865249],[-36.6155448,-9.786514],[-36.6155436,-9.7865018],[-36.6155399,-9.7864921],[-36.6155351,-9.7864764],[-36.6155375,-9.7864654],[-36.615546,-9.7864582],[-36.6155593,-9.7864545],[-36.6155812,-9.7864472],[-36.6156018,-9.7864351],[-36.6156151,-9.7864278],[-36.6156321,-9.7864121],[-36.6156455,-9.7863987],[-36.6156576,-9.7863878],[-36.6156722,-9.7863793],[-36.6156903,-9.786372],[-36.6157025,-9.7863648],[-36.6157146,-9.7863575],[-36.615734,-9.7863514],[-36.6157486,-9.7863453],[-36.6157619,-9.7863369],[-36.615768,-9.7863332],[-36.6157862,-9.7863247],[-36.6158032,-9.7863114],[-36.6158104,-9.7863017],[-36.6158189,-9.7862944],[-36.6158262,-9.7862859],[-36.6158347,-9.7862762],[-36.6158432,-9.7862677],[-36.6158505,-9.7862556],[-36.6158665,-9.7862268],[-36.6158702,-9.7862244],[-36.6158799,-9.7862134],[-36.6158859,-9.7862074],[-36.615892,-9.7861989],[-36.6158981,-9.7861855],[-36.6159041,-9.786171],[-36.615909,-9.786154],[-36.615909,-9.7861346],[-36.615909,-9.7861225],[-36.6159102,-9.7861067],[-36.6159151,-9.7860921],[-36.6159211,-9.7860727],[-36.6159284,-9.786057],[-36.6159345,-9.7860448],[-36.6159442,-9.7860327],[-36.6159502,-9.786023],[-36.6159575,-9.7860121],[-36.6159648,-9.7860036],[-36.6159733,-9.7859927],[-36.6159781,-9.7859854],[-36.6159891,-9.7859648],[-36.6159951,-9.7859538],[-36.6159975,-9.7859417],[-36.6159988,-9.7859272],[-36.6159988,-9.7859162],[-36.6159988,-9.785898],[-36.6159975,-9.7858774],[-36.6159939,-9.7858653],[-36.6159878,-9.7858483],[-36.6159854,-9.7858386],[-36.6159781,-9.7858253],[-36.6159709,-9.7858107],[-36.6159696,-9.7857962],[-36.6159636,-9.7857561],[-36.6159563,-9.7857331],[-36.6159527,-9.7857173],[-36.6159515,-9.7857052],[-36.615943,-9.7856882],[-36.6159405,-9.7856749],[-36.6159405,-9.7856627],[-36.6159454,-9.7856554],[-36.6159563,-9.785647],[-36.6159794,-9.7856336],[-36.6159939,-9.7856288],[-36.6160182,-9.7856215],[-36.6160279,-9.7856069],[-36.6160279,-9.7855912],[-36.6160242,-9.785579],[-36.6160194,-9.7855742],[-36.6160085,-9.7855669],[-36.6159915,-9.7855584],[-36.6159794,-9.7855511],[-36.6159648,-9.7855438],[-36.6159448,-9.785531],[-36.6158048,-9.7856553],[-36.6156096,-9.7858708],[-36.6153032,-9.7862459],[-36.6150061,-9.7866399],[-36.6148389,-9.7868551],[-36.614604,-9.7871061],[-36.6143878,-9.787304],[-36.6141493,-9.7876221],[-36.6139736,-9.7878223],[-36.6135849,-9.7880412],[-36.6131818,-9.7882621],[-36.6128011,-9.7884689],[-36.6127633,-9.7883778],[-36.6122296,-9.7874777],[-36.6115491,-9.7862926],[-36.6110099,-9.7854374],[-36.6106144,-9.7847957],[-36.610219,-9.7841504],[-36.6096386,-9.78322],[-36.6094245,-9.7828743],[-36.6087379,-9.7817049],[-36.6076797,-9.7800277],[-36.6076866,-9.7800248],[-36.607723,-9.780011],[-36.6080505,-9.7799246],[-36.6085724,-9.7796876],[-36.6089816,-9.7794694],[-36.6093346,-9.7792845],[-36.6095776,-9.779159],[-36.6098254,-9.7790285],[-36.6101935,-9.7788391],[-36.6104844,-9.778699],[-36.6106942,-9.778598],[-36.6108259,-9.7785105],[-36.6108628,-9.7784765],[-36.6109086,-9.778422],[-36.610949,-9.7783339],[-36.6109848,-9.7782293],[-36.6109889,-9.7781897],[-36.6109966,-9.7781265],[-36.6110064,-9.7780764],[-36.6110282,-9.7780176],[-36.6110522,-9.7779701],[-36.6110917,-9.7779021],[-36.6111682,-9.7778064],[-36.6112238,-9.7777508],[-36.6113644,-9.7776352],[-36.6115324,-9.7775273],[-36.6117319,-9.7774172],[-36.6121626,-9.7772244],[-36.6123371,-9.7771495],[-36.6125901,-9.7770328],[-36.6131102,-9.7767223],[-36.6132879,-9.776592],[-36.6134711,-9.7764459],[-36.6137187,-9.7761983],[-36.6138141,-9.7760849],[-36.6140103,-9.7758305],[-36.6142137,-9.7755123],[-36.6143559,-9.7753562],[-36.614276,-9.7752092],[-36.6135578,-9.7737341],[-36.6132079,-9.7730433],[-36.6129265,-9.7724732],[-36.6126253,-9.771857],[-36.6117365,-9.7719584],[-36.6111617,-9.7720901],[-36.6110798,-9.7717548],[-36.6110161,-9.7710414],[-36.6114233,-9.7709674],[-36.6116234,-9.7709316],[-36.6115451,-9.7700716],[-36.6127932,-9.7699395],[-36.6127252,-9.7691683],[-36.6128517,-9.7690241],[-36.6130423,-9.7689437],[-36.615214,-9.7675919],[-36.6151864,-9.7674093],[-36.6152148,-9.7672545],[-36.6152581,-9.7671464],[-36.6153115,-9.7670592],[-36.6154728,-9.7669044],[-36.6156876,-9.7667421],[-36.6161052,-9.7664731],[-36.6163145,-9.7663728],[-36.6166758,-9.7662419],[-36.6167415,-9.7662345],[-36.6167466,-9.7662032],[-36.6167935,-9.7657363],[-36.6167897,-9.765425],[-36.6167299,-9.7653049],[-36.6165922,-9.7651311],[-36.6165009,-9.764941],[-36.6164544,-9.7647514],[-36.6164191,-9.7645062],[-36.6163605,-9.7643478],[-36.6162456,-9.7641974],[-36.6160986,-9.7641411],[-36.6156827,-9.7641389],[-36.6154235,-9.7641178],[-36.615313,-9.7640483],[-36.6150323,-9.7637957],[-36.6149029,-9.763605],[-36.6148342,-9.7634257],[-36.6144948,-9.7604062],[-36.6142809,-9.7584154],[-36.6142486,-9.7580472],[-36.6147604,-9.7579348],[-36.6144517,-9.7571494],[-36.6138101,-9.7556433],[-36.6137761,-9.7553903],[-36.6137371,-9.7552847],[-36.6135946,-9.754747],[-36.6142944,-9.7540676],[-36.614229,-9.7538898],[-36.614556,-9.7535759],[-36.6158107,-9.7527913],[-36.6153656,-9.752002],[-36.6149066,-9.7512135],[-36.6171053,-9.7493293],[-36.6169508,-9.7492173],[-36.6166387,-9.7490463],[-36.615923,-9.7486542],[-36.6153956,-9.7483879],[-36.6152914,-9.7482975],[-36.6151827,-9.7481767],[-36.6149677,-9.7479231],[-36.6147939,-9.7477335],[-36.6146906,-9.7476312],[-36.6145666,-9.7475526],[-36.6144148,-9.747475],[-36.6142177,-9.7473987],[-36.6140566,-9.747368],[-36.6137043,-9.7473504],[-36.6133888,-9.7473738],[-36.6130137,-9.7474237],[-36.6125631,-9.7475126],[-36.6123966,-9.7475829],[-36.6120411,-9.7478098],[-36.6117207,-9.7480674],[-36.6115919,-9.7481617],[-36.6114751,-9.7481891],[-36.6114412,-9.748067],[-36.6114062,-9.7479543],[-36.6113339,-9.7478742],[-36.611289,-9.7477728],[-36.611306,-9.7476774],[-36.6112622,-9.7475873],[-36.6112178,-9.747557],[-36.6111924,-9.7474917],[-36.6111925,-9.7474244],[-36.6111634,-9.7473213],[-36.6111149,-9.7472684],[-36.6110647,-9.7472041],[-36.6109558,-9.7471353],[-36.6108802,-9.7470755],[-36.6108165,-9.7469932],[-36.6107182,-9.7469199],[-36.6106622,-9.7468403],[-36.6106367,-9.7467571],[-36.6106473,-9.7466672],[-36.6106332,-9.7465603],[-36.6105739,-9.7464626],[-36.6105529,-9.7463475],[-36.6104924,-9.7462214],[-36.6103835,-9.7460814],[-36.610318,-9.7459325],[-36.6103075,-9.7457469],[-36.6102643,-9.7456465],[-36.6102546,-9.7455502],[-36.6102196,-9.7454038],[-36.6101774,-9.7453085],[-36.6101607,-9.7452022],[-36.6101515,-9.7450625],[-36.610151,-9.7449217],[-36.6101785,-9.7447978],[-36.610172,-9.7446561],[-36.6101561,-9.7445494],[-36.6101233,-9.7444639],[-36.6100722,-9.7443982],[-36.6100454,-9.744339],[-36.6100756,-9.7442656],[-36.6100953,-9.7442087],[-36.6101075,-9.7441591],[-36.6101355,-9.7441216],[-36.6101442,-9.7440972],[-36.6101776,-9.7440766],[-36.6102047,-9.744033],[-36.6102267,-9.7439898],[-36.610231,-9.7439407],[-36.6102214,-9.7439006],[-36.6102265,-9.7438622],[-36.6102562,-9.7438423],[-36.6102901,-9.7438332],[-36.6103538,-9.743834],[-36.6104393,-9.7438456],[-36.6105431,-9.7438644],[-36.6106083,-9.7439197],[-36.6106822,-9.7439442],[-36.6107208,-9.7439315],[-36.6107749,-9.7438681],[-36.6107936,-9.7438182],[-36.6107921,-9.7437833],[-36.610796,-9.7437366],[-36.6108079,-9.7436999],[-36.6108328,-9.7436705],[-36.610868,-9.7436305],[-36.6108851,-9.7435834],[-36.6108777,-9.7435359],[-36.6108452,-9.7435024],[-36.6108716,-9.7434795],[-36.6109153,-9.7434443],[-36.6109561,-9.7434194],[-36.6109761,-9.7433772],[-36.6110187,-9.7432912],[-36.6110949,-9.7431628],[-36.6111473,-9.743068],[-36.6112079,-9.7429673],[-36.6112358,-9.7428877],[-36.6112698,-9.7428143],[-36.6112989,-9.742728],[-36.6113222,-9.7426694],[-36.6113364,-9.7425887],[-36.6113398,-9.7425169],[-36.6113332,-9.7424416],[-36.6113429,-9.7423611],[-36.6113471,-9.7422765],[-36.6113526,-9.7422046],[-36.6113543,-9.7421266],[-36.6113497,-9.7420647],[-36.6113642,-9.7420196],[-36.6114084,-9.7420066],[-36.6114505,-9.7419804],[-36.611461,-9.7419303],[-36.6114575,-9.7418722],[-36.6115114,-9.7418786],[-36.6115515,-9.7418753],[-36.6115837,-9.7418466],[-36.6116219,-9.7418425],[-36.6116368,-9.7418028],[-36.6116704,-9.7417855],[-36.6117062,-9.741765],[-36.6117374,-9.74173],[-36.6117423,-9.7416918],[-36.6117609,-9.7416431],[-36.6118024,-9.7416059],[-36.6118078,-9.74153],[-36.6118422,-9.7414658],[-36.611852,-9.7413727],[-36.6118689,-9.7413343],[-36.6118966,-9.7413021],[-36.6119216,-9.741274],[-36.6119702,-9.7412369],[-36.6120648,-9.7411784],[-36.612109,-9.7411678],[-36.6121638,-9.7412082],[-36.6121942,-9.7411837],[-36.6122558,-9.7411371],[-36.6122857,-9.7411274],[-36.6123498,-9.7411639],[-36.6123985,-9.7411845],[-36.6124692,-9.7412151],[-36.612516,-9.7412043],[-36.612563,-9.7411991],[-36.6125941,-9.7411987],[-36.6126249,-9.741231],[-36.6126822,-9.7412504],[-36.6127239,-9.7412824],[-36.61277,-9.7412727],[-36.612817,-9.7412566],[-36.6128648,-9.74124],[-36.6128997,-9.7412291],[-36.6129356,-9.7412469],[-36.6129605,-9.7412837],[-36.6130121,-9.7413439],[-36.6130414,-9.741382],[-36.6130931,-9.7413778],[-36.6131275,-9.7413652],[-36.6131312,-9.7413324],[-36.6131541,-9.7413397],[-36.6131848,-9.7413548],[-36.6132221,-9.7413397],[-36.6132265,-9.7413031],[-36.6132015,-9.7412427],[-36.6131748,-9.7411857],[-36.6131432,-9.7411252],[-36.613068,-9.7410975],[-36.6130177,-9.7411012],[-36.6130289,-9.7410638],[-36.6130768,-9.7410417],[-36.6131336,-9.7410268],[-36.6132001,-9.7410127],[-36.6132328,-9.7409988],[-36.6132698,-9.7410017],[-36.6133512,-9.7409871],[-36.6134013,-9.7409676],[-36.6134384,-9.7409642],[-36.6134684,-9.7410063],[-36.6134851,-9.7410694],[-36.6135302,-9.7411121],[-36.61358,-9.7411408],[-36.6136478,-9.7411587],[-36.6137001,-9.741202],[-36.6137353,-9.7412475],[-36.6137379,-9.741319],[-36.6137521,-9.7414085],[-36.6138232,-9.7415047],[-36.6138607,-9.7414856],[-36.613903,-9.7414944],[-36.6139265,-9.7415369],[-36.6139495,-9.7415725],[-36.6139794,-9.7416193],[-36.613991,-9.7416398],[-36.6140158,-9.7416302],[-36.6140449,-9.7416445],[-36.6140579,-9.7416709],[-36.6140629,-9.7417144],[-36.6140995,-9.7417224],[-36.6141261,-9.7417176],[-36.6141414,-9.741732],[-36.6141719,-9.7417304],[-36.6142023,-9.7417315],[-36.6142314,-9.7417476],[-36.6142436,-9.7417703],[-36.6142579,-9.7418145],[-36.6142863,-9.7418377],[-36.6143348,-9.7418437],[-36.6143649,-9.7418357],[-36.6143672,-9.741876],[-36.6143532,-9.7419208],[-36.6143401,-9.7419606],[-36.6143636,-9.7419917],[-36.6144148,-9.7419825],[-36.6144602,-9.7420068],[-36.6144579,-9.7420435],[-36.6144782,-9.7421178],[-36.6144819,-9.7422058],[-36.6144955,-9.7422744],[-36.614517,-9.7422883],[-36.614526,-9.742327],[-36.6145512,-9.7423655],[-36.6145801,-9.7423963],[-36.6145525,-9.7424539],[-36.6145482,-9.7424852],[-36.6145979,-9.7424805],[-36.6146233,-9.7424746],[-36.6146585,-9.7425],[-36.6147002,-9.7425335],[-36.6147248,-9.7425684],[-36.6147611,-9.7426061],[-36.6148094,-9.7426318],[-36.6148364,-9.7426528],[-36.6148514,-9.7426831],[-36.6148798,-9.7426795],[-36.614934,-9.7426638],[-36.6149596,-9.7426432],[-36.6149868,-9.7426734],[-36.615033,-9.7427176],[-36.6150646,-9.7427559],[-36.6151159,-9.7427864],[-36.6151545,-9.7428068],[-36.6151954,-9.7428287],[-36.6152224,-9.7428484],[-36.6152625,-9.7428994],[-36.6153025,-9.7429576],[-36.6153705,-9.7429948],[-36.6154517,-9.743011],[-36.6155912,-9.7430267],[-36.615736,-9.7430476],[-36.6158229,-9.7430461],[-36.6158653,-9.7430437],[-36.6158806,-9.7430687],[-36.615943,-9.7430934],[-36.6160425,-9.7430794],[-36.616246,-9.7430657],[-36.6163573,-9.7429339],[-36.616443,-9.742907],[-36.6165223,-9.7428935],[-36.6166022,-9.7428917],[-36.6166713,-9.742949],[-36.6167431,-9.7429894],[-36.6168667,-9.7429497],[-36.6169543,-9.7429461],[-36.6169947,-9.7429778],[-36.6170814,-9.7429976],[-36.617132,-9.742986],[-36.6171606,-9.7429251],[-36.6172415,-9.7429432],[-36.6173368,-9.7429581],[-36.6174565,-9.7429206],[-36.6175187,-9.742893],[-36.6175757,-9.7429088],[-36.6176349,-9.7429258],[-36.6177039,-9.7429657],[-36.6177762,-9.7429664],[-36.6178281,-9.742944],[-36.6178802,-9.7429586],[-36.6179172,-9.7429982],[-36.6179657,-9.7430371],[-36.6180415,-9.743064],[-36.6180798,-9.7431001],[-36.6181263,-9.7430799],[-36.6181667,-9.7430517],[-36.6182298,-9.7430496],[-36.6182999,-9.7430349],[-36.6183412,-9.7430538],[-36.6184067,-9.7430456],[-36.6184381,-9.74308],[-36.6184899,-9.7430637],[-36.6185267,-9.7430693],[-36.6186291,-9.7430661],[-36.6187182,-9.7430776],[-36.6187818,-9.7430384],[-36.6188609,-9.7429743],[-36.618941,-9.7429572],[-36.6189877,-9.7429288],[-36.6190235,-9.7429561],[-36.6190659,-9.7429949],[-36.6191415,-9.7430524],[-36.6191539,-9.7429874],[-36.61914,-9.7428893],[-36.6191477,-9.7427748],[-36.6191598,-9.7426873],[-36.6191827,-9.7426143],[-36.6192087,-9.7425386],[-36.619269,-9.7424971],[-36.6193741,-9.7424289],[-36.6195073,-9.7424225],[-36.6196503,-9.7423945],[-36.6197622,-9.7423415],[-36.6198765,-9.742218],[-36.6199459,-9.7421686],[-36.6200213,-9.7421427],[-36.62011,-9.7421268],[-36.6201582,-9.742117],[-36.6202415,-9.7420034],[-36.620284,-9.741981],[-36.620278,-9.7419503],[-36.6203014,-9.7418841],[-36.6203332,-9.7417898],[-36.6203538,-9.7417161],[-36.6203721,-9.7416969],[-36.6204032,-9.7416262],[-36.6204882,-9.7415533],[-36.620581,-9.7414676],[-36.6206796,-9.7414208],[-36.620768,-9.7413265],[-36.6208002,-9.7412436],[-36.6208527,-9.7411321],[-36.6208793,-9.7410615],[-36.6209082,-9.7410213],[-36.6209202,-9.7409861],[-36.6208891,-9.7409403],[-36.6208643,-9.7409071],[-36.6208369,-9.7408845],[-36.6208192,-9.7408391],[-36.6208266,-9.7407921],[-36.6208515,-9.7407305],[-36.6208879,-9.7406923],[-36.6209196,-9.7406714],[-36.6209715,-9.7406494],[-36.621048,-9.740651],[-36.6211026,-9.7406559],[-36.6211618,-9.7405546],[-36.6211842,-9.7404663],[-36.6212286,-9.7403699],[-36.6212299,-9.7403159],[-36.6212671,-9.740232],[-36.621288,-9.7402004],[-36.6213283,-9.7401502],[-36.6213405,-9.7400551],[-36.6213498,-9.739935],[-36.6214399,-9.7397997],[-36.6215102,-9.7396701],[-36.6215593,-9.7395687],[-36.6217081,-9.7395066],[-36.6217746,-9.7394081],[-36.6218213,-9.7392963],[-36.6218579,-9.7392462],[-36.6219286,-9.7392591],[-36.6220149,-9.7392513],[-36.6221242,-9.7392439],[-36.6221621,-9.7392767],[-36.6222147,-9.7393261],[-36.6222844,-9.7392904],[-36.6223497,-9.7392939],[-36.6224654,-9.7392888],[-36.6225332,-9.7392585],[-36.6226454,-9.7392362],[-36.622732,-9.7392092],[-36.6228211,-9.7391928],[-36.6235242,-9.7384751],[-36.6246674,-9.739707],[-36.6253345,-9.7404541],[-36.6255357,-9.7406796],[-36.626005,-9.7411525],[-36.6263493,-9.7415203],[-36.6271681,-9.7424415],[-36.6283927,-9.7437682],[-36.6285289,-9.7439006],[-36.6290927,-9.7444485],[-36.6303254,-9.74555],[-36.6304384,-9.74565],[-36.6314645,-9.7465564],[-36.6316411,-9.7467156],[-36.6323078,-9.7473153],[-36.6324228,-9.7473714],[-36.632541,-9.7474213],[-36.6327132,-9.747427],[-36.6331018,-9.7474204],[-36.6332962,-9.7473792],[-36.6334487,-9.7473113],[-36.6335953,-9.7472565],[-36.6335306,-9.7474044],[-36.633424,-9.7475336],[-36.6333492,-9.7476826],[-36.633348,-9.7478917],[-36.6334637,-9.7481706],[-36.6336085,-9.7483425],[-36.63381,-9.7485888],[-36.6345653,-9.7492786],[-36.6347947,-9.7494889],[-36.6357489,-9.7503458],[-36.6375005,-9.7519379],[-36.6375277,-9.7519609],[-36.6380161,-9.7524343],[-36.6382309,-9.7526784],[-36.6382943,-9.7527653],[-36.6384494,-9.7530138],[-36.6385709,-9.7532564],[-36.6386887,-9.7535902],[-36.6387667,-9.7539611],[-36.6391335,-9.7558612],[-36.6393672,-9.7570585],[-36.6395198,-9.7578041],[-36.6397397,-9.7594808],[-36.6399244,-9.7602712],[-36.6399693,-9.7605229],[-36.6400406,-9.7608992],[-36.6400613,-9.7611885],[-36.6400687,-9.761532],[-36.6400463,-9.7620003],[-36.6400196,-9.7622831],[-36.6399465,-9.7627312],[-36.6399145,-9.7629141],[-36.6397923,-9.7634111],[-36.6396336,-9.7639054],[-36.6395072,-9.7642441],[-36.6393869,-9.7645459],[-36.63917,-9.7651401],[-36.6386404,-9.7665305],[-36.6382727,-9.7674461],[-36.6380703,-9.7679352],[-36.6373071,-9.7698177],[-36.6367036,-9.7713802],[-36.6366534,-9.7716373],[-36.6362555,-9.7727195],[-36.6357598,-9.774075],[-36.6355503,-9.7744979],[-36.6351644,-9.7754844],[-36.634618,-9.7769066],[-36.6343087,-9.7777143],[-36.6343029,-9.7777378],[-36.6342559,-9.778022],[-36.633807,-9.7790667],[-36.6337366,-9.7793017],[-36.6331538,-9.7807761],[-36.632971,-9.7811802],[-36.6328013,-9.7816342],[-36.6327864,-9.78167],[-36.6322417,-9.7830699],[-36.632149,-9.7833217]]]]}},
{"type":"Feature","properties":{"ibge_code_municipio":"2700300","name":"Deputado Nezinho","code":"2700300041"},"geometry":{"type":"MultiPolygon","coordinates":[[[[-36.6385305,-9.7430246],[-36.635217,-9.7458638],[-36.6335953,-9.7472565],[-36.6334487,-9.7473113],[-36.6332962,-9.7473792],[-36.6331018,-9.7474204],[-36.6327132,-9.747427],[-36.632541,-9.7474213],[-36.6324228,-9.7473714],[-36.6323078,-9.7473153],[-36.6316411,-9.7467156],[-36.6314645,-9.7465564],[-36.6304384,-9.74565],[-36.6303254,-9.74555],[-36.6290927,-9.7444485],[-36.6285289,-9.7439006],[-36.6283927,-9.7437682],[-36.6271681,-9.7424415],[-36.6263493,-9.7415203],[-36.626005,-9.7411525],[-36.6255357,-9.7406796],[-36.6253345,-9.7404541],[-36.6246674,-9.739707],[-36.6235242,-9.7384751],[-36.6226279,-9.7374938],[-36.6215883,-9.7363662],[-36.6206224,-9.735324],[-36.6197271,-9.7343491],[-36.6192091,-9.7337698],[-36.618998,-9.7334981],[-36.6187927,-9.7331971],[-36.6182114,-9.7322613],[-36.6178871,-9.7317048],[-36.6182358,-9.7318373],[-36.6191922,-9.7324245],[-36.6195781,-9.7326651],[-36.6197417,-9.7327061],[-36.619979,-9.7327555],[-36.620278,-9.732831],[-36.6204593,-9.7328751],[-36.6206832,-9.7328829],[-36.6208315,-9.7328916],[-36.6210668,-9.7329189],[-36.6212718,-9.7329336],[-36.6214525,-9.7329629],[-36.6216389,-9.7329974],[-36.6218048,-9.7330354],[-36.6219448,-9.7330639],[-36.6220395,-9.7330538],[-36.6221218,-9.7330179],[-36.6221996,-9.7329872],[-36.6223084,-9.7329372],[-36.6221901,-9.7327948],[-36.6221896,-9.7325446],[-36.6221544,-9.7323271],[-36.6221338,-9.7322043],[-36.6220978,-9.7321577],[-36.6219907,-9.7321111],[-36.6218744,-9.7320974],[-36.621706,-9.7320925],[-36.6216126,-9.7320589],[-36.6214939,-9.7319476],[-36.6213664,-9.7318839],[-36.6213105,-9.7317887],[-36.6211886,-9.7317256],[-36.6210191,-9.7315945],[-36.620741,-9.7314172],[-36.6206563,-9.7312508],[-36.6204584,-9.7311339],[-36.6204392,-9.7310363],[-36.62032,-9.7309323],[-36.6202401,-9.7308351],[-36.6199887,-9.7307703],[-36.6197531,-9.730735],[-36.619535,-9.7304354],[-36.6194245,-9.7301987],[-36.6193761,-9.7300373],[-36.6193588,-9.7298932],[-36.6193107,-9.7297907],[-36.6192206,-9.7296872],[-36.6192266,-9.7295986],[-36.6192132,-9.7294608],[-36.6191968,-9.7292446],[-36.6191553,-9.7290095],[-36.6191522,-9.7289006],[-36.6190515,-9.7287977],[-36.6189593,-9.7287273],[-36.6188378,-9.7286244],[-36.6187718,-9.7285399],[-36.6188688,-9.7284089],[-36.6188193,-9.7282914],[-36.6186702,-9.7279637],[-36.6187245,-9.7277766],[-36.6189061,-9.7275212],[-36.6190047,-9.7273837],[-36.6190544,-9.7272467],[-36.6191483,-9.7271353],[-36.6192286,-9.7270191],[-36.6191813,-9.7269275],[-36.6190673,-9.726868],[-36.6189229,-9.7268025],[-36.6189549,-9.7266163],[-36.6190784,-9.7264199],[-36.6191935,-9.7257635],[-36.6193843,-9.7256945],[-36.6194229,-9.7252721],[-36.6195033,-9.724881],[-36.6196557,-9.7243639],[-36.6196575,-9.7239132],[-36.6197451,-9.7237493],[-36.6201212,-9.7235013],[-36.6205928,-9.7232934],[-36.6226171,-9.7226199],[-36.621591,-9.7203069],[-36.622768,-9.7199103],[-36.6237507,-9.7195024],[-36.6248817,-9.7191333],[-36.6254045,-9.7190933],[-36.6263008,-9.7177891],[-36.6267847,-9.7172491],[-36.6276086,-9.7166553],[-36.6275003,-9.716465],[-36.626378,-9.7144945],[-36.6274586,-9.7140643],[-36.6299939,-9.7130983],[-36.6309339,-9.712707],[-36.6310551,-9.7128458],[-36.6312901,-9.7131474],[-36.6314611,-9.7133409],[-36.6316577,-9.7135661],[-36.63182,-9.7137417],[-36.6319355,-9.7138482],[-36.6321364,-9.7140095],[-36.6322815,-9.7141235],[-36.6324056,-9.7142341],[-36.6324965,-9.714326],[-36.6325798,-9.7144263],[-36.632709,-9.7145746],[-36.6328144,-9.7146621],[-36.6330065,-9.7148089],[-36.6331457,-9.7149306],[-36.6333061,-9.7150761],[-36.633429,-9.7152093],[-36.633583,-9.7153686],[-36.6336716,-9.7154635],[-36.6339987,-9.7157322],[-36.6341406,-9.7158401],[-36.6344456,-9.7160843],[-36.6347778,-9.7163273],[-36.6349049,-9.7165701],[-36.6350215,-9.7168202],[-36.6351102,-9.7170424],[-36.6351413,-9.7171451],[-36.6350294,-9.7173892],[-36.6349267,-9.7178229],[-36.6349215,-9.7179755],[-36.6350318,-9.7185507],[-36.6350366,-9.7186894],[-36.6350179,-9.7188836],[-36.6349421,-9.7191498],[-36.6346822,-9.7198992],[-36.6346522,-9.7200659],[-36.6346524,-9.7202504],[-36.6347163,-9.7215518],[-36.6347648,-9.7218764],[-36.6348594,-9.7222963],[-36.6349227,-9.7226262],[-36.6349183,-9.7229352],[-36.6348887,-9.7233894],[-36.6348131,-9.7236134],[-36.6347143,-9.7239797],[-36.6346288,-9.7244814],[-36.6345895,-9.7248668],[-36.6345804,-9.72563],[-36.6345585,-9.7262568],[-36.6345043,-9.7268781],[-36.6344964,-9.7271426],[-36.6345098,-9.727326],[-36.6345472,-9.7275405],[-36.6346406,-9.7278054],[-36.6347651,-9.7281082],[-36.6350663,-9.7286937],[-36.635175,-9.7288854],[-36.6357195,-9.7295433],[-36.6357875,-9.7296344],[-36.6360628,-9.7300859],[-36.6363752,-9.7306408],[-36.6367214,-9.7312503],[-36.6367622,-9.7313588],[-36.6368166,-9.7316027],[-36.6368682,-9.7319497],[-36.6369389,-9.7322633],[-36.6370205,-9.7324972],[-36.6371504,-9.7327587],[-36.6375401,-9.7330781],[-36.637787,-9.7332756],[-36.6382231,-9.7336585],[-36.6386844,-9.734102],[-36.6389288,-9.734358],[-36.639389,-9.7349032],[-36.639536,-9.7350669],[-36.6397379,-9.735255],[-36.6398264,-9.7353254],[-36.6400683,-9.7354814],[-36.6403285,-9.7356257],[-36.6406635,-9.7357785],[-36.6410637,-9.735949],[-36.6417448,-9.7363201],[-36.6425366,-9.7367494],[-36.6430069,-9.7370163],[-36.6432548,-9.7371764],[-36.6434629,-9.7373605],[-36.6435609,-9.7374706],[-36.644225,-9.7381711],[-36.6440792,-9.7382978],[-36.6424641,-9.7396787],[-36.6423424,-9.7397794],[-36.6406017,-9.741264],[-36.6385305,-9.7430246]]]]}},
{"type":"Feature","properties":{"ibge_code_municipio":"2700300","name":"Alto do Cruzeiro","code":"2700300001"},"geometry":{"type":"MultiPolygon","coordinates":[[[[-36.6585169,-9.75083],[-36.6579575,-9.7515436],[-36.6572777,-9.7523638],[-36.6567657,-9.7529828],[-36.655866,-9.7524931],[-36.6549082,-9.7519687],[-36.6544834,-9.7517352],[-36.6536704,-9.7512851],[-36.6536121,-9.7511975],[-36.6535658,-9.7510833],[-36.6534954,-9.7509985],[-36.6533854,-9.7509791],[-36.6532955,-9.7510046],[-36.6532635,-9.7510635],[-36.6512013,-9.7499437],[-36.6488573,-9.7486572],[-36.6482944,-9.748349],[-36.6489229,-9.7479438],[-36.6495621,-9.7474397],[-36.6501599,-9.7469741],[-36.6508914,-9.7464279],[-36.6521656,-9.7453919],[-36.6528718,-9.7458171],[-36.6531959,-9.7452572],[-36.6535826,-9.7446149],[-36.6536477,-9.744515],[-36.6545205,-9.7444603],[-36.6553354,-9.7444139],[-36.6564077,-9.7443472],[-36.6579878,-9.7442584],[-36.6580852,-9.7442551],[-36.6581494,-9.744971],[-36.6581667,-9.7451122],[-36.6581929,-9.7457943],[-36.6587242,-9.745828],[-36.6596187,-9.7458536],[-36.6595722,-9.7464185],[-36.6595388,-9.7465422],[-36.6594312,-9.7467292],[-36.6593871,-9.7468034],[-36.6593861,-9.7468451],[-36.6594414,-9.7468786],[-36.6599727,-9.7470059],[-36.6599049,-9.7476556],[-36.6598958,-9.7480268],[-36.6598949,-9.7483588],[-36.6598586,-9.7485538],[-36.6597665,-9.7487998],[-36.6592865,-9.7498412],[-36.6585169,-9.75083]]]]}},
{"type":"Feature","properties":{"ibge_code_municipio":"2700300","name":"Planalto","code":"2700300023"},"geometry":{"type":"MultiPolygon","coordinates":[[[[-36.6653532,-9.7288894],[-36.6627175,-9.7297894],[-36.6609207,-9.7303824],[-36.6604101,-9.7305625],[-36.6593836,-9.7309089],[-36.658891,-9.7311025],[-36.6583514,-9.7313367],[-36.6582628,-9.731376],[-36.6581342,-9.7311498],[-36.6581089,-9.731024],[-36.6570351,-9.7297331],[-36.6566023,-9.7292328],[-36.6562849,-9.7288337],[-36.6560203,-9.7284983],[-36.655932,-9.7283862],[-36.6556672,-9.727948],[-36.6555187,-9.7276697],[-36.6553704,-9.7273506],[-36.6552645,-9.7270699],[-36.655151,-9.7268446],[-36.6548295,-9.7261619],[-36.654757,-9.7260551],[-36.6546603,-9.7261157],[-36.6546094,-9.7260276],[-36.6545191,-9.7258418],[-36.6542664,-9.7252765],[-36.6541188,-9.7249329],[-36.6538934,-9.724329],[-36.6538044,-9.7241153],[-36.6536554,-9.7237398],[-36.6535794,-9.7235601],[-36.6535371,-9.7234162],[-36.65349,-9.7231383],[-36.6534765,-9.7229927],[-36.6534843,-9.722809],[-36.6535091,-9.7225967],[-36.653561,-9.7223893],[-36.6536418,-9.7221811],[-36.6537519,-9.72198],[-36.6538473,-9.7218533],[-36.6539816,-9.7216719],[-36.6540407,-9.7215663],[-36.6542836,-9.7213022],[-36.6543614,-9.7212557],[-36.6545223,-9.7210517],[-36.6547335,-9.7207346],[-36.6547954,-9.7206732],[-36.6549068,-9.7207625],[-36.6550481,-9.7208974],[-36.655172,-9.7209715],[-36.655297,-9.7210791],[-36.6554056,-9.7211814],[-36.6555458,-9.7213045],[-36.6556973,-9.7214359],[-36.6558299,-9.7215668],[-36.6559857,-9.7217436],[-36.6560868,-9.721829],[-36.6561972,-9.7218816],[-36.6561124,-9.7220603],[-36.6568515,-9.722469],[-36.6570443,-9.7225621],[-36.6572802,-9.7226827],[-36.6577071,-9.7228674],[-36.657964,-9.7229206],[-36.6586526,-9.7230549],[-36.6587177,-9.723111],[-36.6588999,-9.7231094],[-36.6590371,-9.7230929],[-36.659335,-9.7230249],[-36.6595205,-9.7229912],[-36.6596419,-9.7229975],[-36.6597371,-9.7229269],[-36.6599478,-9.7227715],[-36.6601404,-9.7226126],[-36.6598164,-9.7221716],[-36.6594853,-9.7217315],[-36.6591697,-9.7212886],[-36.6586711,-9.7207399],[-36.6604219,-9.7190346],[-36.6607478,-9.7194627],[-36.6607966,-9.7194831],[-36.6610709,-9.719889],[-36.6613858,-9.7202622],[-36.6617265,-9.7206857],[-36.6620603,-9.7210879],[-36.6623823,-9.721471],[-36.6626116,-9.7218009],[-36.664574,-9.7210479],[-36.6648551,-9.7209519],[-36.6648824,-9.7209426],[-36.6655475,-9.7206861],[-36.6658524,-9.7205615],[-36.6659233,-9.7205563],[-36.666152,-9.7204622],[-36.6673586,-9.7199985],[-36.6679218,-9.7197857],[-36.6687164,-9.719495],[-36.668743,-9.7194771],[-36.669417,-9.719221],[-36.6706744,-9.7187263],[-36.6723686,-9.7180708],[-36.6719869,-9.7194462],[-36.6715782,-9.7208359],[-36.6712421,-9.722017],[-36.6708251,-9.7233818],[-36.6707419,-9.7236619],[-36.6701766,-9.7256403],[-36.6701102,-9.725857],[-36.6697872,-9.7269177],[-36.6696366,-9.7274205],[-36.6688908,-9.7277117],[-36.668503,-9.7278369],[-36.6680246,-9.7279985],[-36.6658446,-9.7287242],[-36.6653532,-9.7288894]]]]}},
{"type":"Feature","properties":{"ibge_code_municipio":"2700300","name":"Bom Sucesso","code":"2700300035"},"geometry":{"type":"MultiPolygon","coordinates":[[[[-36.6719869,-9.7194462],[-36.6723686,-9.7180708],[-36.6727521,-9.7179264],[-36.6731273,-9.7177849],[-36.6734695,-9.7176445],[-36.6737934,-9.7175224],[-36.6739796,-9.717456],[-36.6741987,-9.7173689],[-36.6745737,-9.7172229],[-36.6749676,-9.7170815],[-36.6751177,-9.7170208],[-36.6755539,-9.716847],[-36.6757542,-9.7167665],[-36.6760179,-9.7166666],[-36.676158,-9.7166159],[-36.6763835,-9.7165629],[-36.676576,-9.7165768],[-36.6771047,-9.7167987],[-36.6777686,-9.717033],[-36.6781379,-9.7172322],[-36.6785692,-9.7174253],[-36.6790335,-9.7175922],[-36.6798095,-9.7167683],[-36.6800205,-9.716725],[-36.6801569,-9.716501],[-36.6802564,-9.7163473],[-36.6806817,-9.7158806],[-36.6815336,-9.71502],[-36.681734,-9.7148148],[-36.682117,-9.7143684],[-36.6824187,-9.713856],[-36.6824979,-9.7136926],[-36.6827115,-9.7132832],[-36.6836074,-9.7114732],[-36.6849593,-9.7088112],[-36.6867309,-9.7052859],[-36.6874893,-9.7037768],[-36.687864,-9.7030415],[-36.6889219,-9.7009509],[-36.6904305,-9.701337],[-36.6906437,-9.7014098],[-36.6902559,-9.7025135],[-36.6905481,-9.7026978],[-36.6900893,-9.7034339],[-36.6909063,-9.7035726],[-36.6916369,-9.7036339],[-36.6926448,-9.7042358],[-36.6940363,-9.706523],[-36.6950956,-9.7082487],[-36.6956325,-9.709147],[-36.6957128,-9.7091221],[-36.6960378,-9.7088859],[-36.697263,-9.7100057],[-36.6979038,-9.7105349],[-36.6980152,-9.7106731],[-36.6980387,-9.7106862],[-36.6982521,-9.7104494],[-36.6985648,-9.71005],[-36.6987317,-9.7098567],[-36.700162,-9.7114771],[-36.7002382,-9.711544],[-36.7005667,-9.7117603],[-36.7000544,-9.7121705],[-36.7004457,-9.712838],[-36.7007941,-9.713422],[-36.7011369,-9.7140306],[-36.7012634,-9.7142682],[-36.70127,-9.7142806],[-36.7006385,-9.7145732],[-36.7007707,-9.7149105],[-36.7009179,-9.715261],[-36.7014128,-9.7168],[-36.6990596,-9.7175812],[-36.6970249,-9.718268],[-36.6935878,-9.7194136],[-36.6872555,-9.721533],[-36.6847051,-9.7223917],[-36.6845864,-9.7224202],[-36.6821612,-9.7232348],[-36.6810076,-9.7236506],[-36.6789878,-9.724217],[-36.67647,-9.7250516],[-36.6730914,-9.726188],[-36.671533,-9.7267186],[-36.671044,-9.7268891],[-36.6696366,-9.7274205],[-36.6697872,-9.7269177],[-36.6701102,-9.725857],[-36.6701766,-9.7256403],[-36.6707419,-9.7236619],[-36.6708251,-9.7233818],[-36.6712421,-9.722017],[-36.6715782,-9.7208359],[-36.6719869,-9.7194462]]]]}},
{"type":"Feature","properties":{"ibge_code_municipio":"2700300","name":"Nova Esperança","code":"2700300019"},"geometry":{"type":"MultiPolygon","coordinates":[[[[-36.6355503,-9.7744979],[-36.6357598,-9.774075],[-36.6362555,-9.7727195],[-36.6366534,-9.7716373],[-36.6367036,-9.7713802],[-36.6373071,-9.7698177],[-36.6380703,-9.7679352],[-36.6382727,-9.7674461],[-36.6386404,-9.7665305],[-36.63917,-9.7651401],[-36.6393869,-9.7645459],[-36.6395072,-9.7642441],[-36.6396336,-9.7639054],[-36.6397923,-9.7634111],[-36.6399145,-9.7629141],[-36.6399465,-9.7627312],[-36.6401443,-9.7630961],[-36.6408018,-9.7645275],[-36.6412229,-9.7654666],[-36.641939,-9.7671004],[-36.64218,-9.7676353],[-36.6426595,-9.7687158],[-36.6429358,-9.7693272],[-36.6430763,-9.7696546],[-36.643341,-9.7702445],[-36.643239,-9.7703131],[-36.642583,-9.7708998],[-36.6427669,-9.7712429],[-36.6434514,-9.7724731],[-36.6437685,-9.7730637],[-36.6438404,-9.77316],[-36.6441443,-9.7737255],[-36.6448149,-9.7749697],[-36.6453372,-9.7759685],[-36.6439187,-9.7770026],[-36.6434937,-9.7773161],[-36.6431449,-9.7775704],[-36.6429765,-9.7776948],[-36.6426722,-9.7779008],[-36.6423908,-9.7780393],[-36.6418848,-9.7782176],[-36.6397231,-9.7789499],[-36.6383979,-9.7784069],[-36.6378895,-9.7781991],[-36.6359979,-9.7774087],[-36.6353814,-9.7771643],[-36.6351873,-9.7771134],[-36.6349982,-9.7771218],[-36.6347888,-9.7771982],[-36.6346266,-9.7773118],[-36.6343087,-9.7777143],[-36.634618,-9.7769066],[-36.6351644,-9.7754844],[-36.6355503,-9.7744979]]]]}},
{"type":"Feature","properties":{"ibge_code_municipio":"2700300","name":"Baixa Grande","code":"2700300002"},"geometry":{"type":"MultiPolygon","coordinates":[[[[-36.6727118,-9.7377698],[-36.6716063,-9.73911],[-36.6711851,-9.7396315],[-36.6707598,-9.7401447],[-36.6700252,-9.7410339],[-36.6695936,-9.7405601],[-36.6692677,-9.7402167],[-36.6689457,-9.7398629],[-36.6686057,-9.7394874],[-36.6682663,-9.7390972],[-36.6679045,-9.7386561],[-36.6670073,-9.7375161],[-36.6668388,-9.737321],[-36.6669771,-9.7368713],[-36.6676664,-9.7343887],[-36.6682516,-9.7323181],[-36.6689553,-9.7298348],[-36.6692081,-9.7290249],[-36.6695397,-9.7278448],[-36.6714288,-9.728144],[-36.6724127,-9.7282764],[-36.6728843,-9.7283445],[-36.6734128,-9.728418],[-36.6736698,-9.7284615],[-36.6745083,-9.729017],[-36.6745349,-9.7290716],[-36.6745551,-9.7290905],[-36.6749709,-9.7293322],[-36.6756827,-9.72982],[-36.6768481,-9.7305439],[-36.6766005,-9.7308477],[-36.6778446,-9.7317251],[-36.6772106,-9.7323554],[-36.6767231,-9.7328762],[-36.6764253,-9.7332474],[-36.6760814,-9.7336711],[-36.6753899,-9.7345159],[-36.675092,-9.734882],[-36.6748304,-9.7351933],[-36.6741621,-9.7359968],[-36.673399,-9.7369411],[-36.6727118,-9.7377698]]]]}},
{"type":"Feature","properties":{"ibge_code_municipio":"2700300","name":"Padre Antonio Lima Neto","code":"2700300036"},"geometry":{"type":"MultiPolygon","coordinates":[[[[-36.6696015,-9.7619539],[-36.6696487,-9.7622693],[-36.6696912,-9.7626137],[-36.6697229,-9.7628895],[-36.6697136,-9.76293],[-36.6697726,-9.763182],[-36.6698577,-9.763467],[-36.6699769,-9.763799],[-36.6700909,-9.764085],[-36.6702886,-9.7644545],[-36.6703083,-9.7645431],[-36.6699308,-9.7648109],[-36.6691098,-9.7654189],[-36.6682432,-9.7647753],[-36.6675438,-9.7641421],[-36.667383,-9.7639467],[-36.667121,-9.7635949],[-36.6668649,-9.7632012],[-36.6660272,-9.7618149],[-36.6665004,-9.7617179],[-36.6672759,-9.7615447],[-36.6679739,-9.7613793],[-36.6692215,-9.7608763],[-36.6695858,-9.7607002],[-36.6696512,-9.7606808],[-36.6701105,-9.7604636],[-36.6706168,-9.7602126],[-36.6708602,-9.7600897],[-36.6713324,-9.759952],[-36.6714092,-9.7599032],[-36.6716085,-9.7599805],[-36.6719801,-9.7601233],[-36.6717056,-9.7609925],[-36.6716257,-9.7612852],[-36.6716439,-9.7614074],[-36.6716823,-9.7617526],[-36.6716164,-9.7617493],[-36.6711753,-9.761765],[-36.6706298,-9.7617897],[-36.6705972,-9.7618413],[-36.6702556,-9.7619184],[-36.6702347,-9.7618397],[-36.670184,-9.7618446],[-36.6699861,-9.7618837],[-36.6696015,-9.7619539]]]]}},
{"type":"Feature","properties":{"ibge_code_municipio":"2700300","name":"São Luiz II","code":"2700300034"},"geometry":{"type":"MultiPolygon","coordinates":[[[[-36.6567142,-9.7701183],[-36.6567292,-9.7701445],[-36.6560184,-9.7707327],[-36.6558726,-9.7708768],[-36.6532193,-9.7730321],[-36.6530284,-9.7728945],[-36.6525788,-9.7725625],[-36.6523514,-9.7724387],[-36.6521272,-9.7723446],[-36.651064,-9.7714171],[-36.6524609,-9.7693683],[-36.6529548,-9.7686758],[-36.6535093,-9.7678584],[-36.6535609,-9.7677781],[-36.6540611,-9.7670589],[-36.6547281,-9.7661041],[-36.6553188,-9.765246],[-36.6556154,-9.7648182],[-36.6557258,-9.7645298],[-36.6557679,-9.7642179],[-36.6558751,-9.7634735],[-36.6566711,-9.7633508],[-36.6566204,-9.7643109],[-36.6565754,-9.765147],[-36.6565447,-9.7657892],[-36.6565186,-9.7662454],[-36.6564984,-9.7667009],[-36.6564912,-9.7669512],[-36.6564837,-9.7672139],[-36.6564879,-9.7675555],[-36.6565322,-9.7678598],[-36.6566148,-9.7681751],[-36.6567137,-9.7684178],[-36.6568511,-9.7686523],[-36.6570329,-9.7689407],[-36.657377,-9.7693319],[-36.657597,-9.7695056],[-36.6579445,-9.7697449],[-36.6567142,-9.7701183]]]]}},
{"type":"Feature","properties":{"ibge_code_municipio":"2700300","name":"Guaribas","code":"2700300014"},"geometry":{"type":"MultiPolygon","coordinates":[[[[-36.6639431,-9.7810502],[-36.6640392,-9.7811034],[-36.6643095,-9.7810499],[-36.664462,-9.7810747],[-36.6645996,-9.7811388],[-36.664678,-9.7812058],[-36.6647403,-9.7812887],[-36.6648029,-9.7814292],[-36.6649429,-9.7819782],[-36.6649941,-9.7820756],[-36.6650683,-9.7821234],[-36.6650894,-9.7823855],[-36.6659124,-9.7855363],[-36.6659171,-9.7856203],[-36.6661722,-9.7854642],[-36.6669246,-9.7879094],[-36.6673207,-9.7891749],[-36.6673468,-9.7894065],[-36.6673436,-9.7896815],[-36.6673053,-9.7899203],[-36.6672587,-9.7900717],[-36.6669699,-9.7907383],[-36.6659882,-9.7925055],[-36.6657768,-9.7931705],[-36.6657816,-9.7938201],[-36.6659361,-9.7945104],[-36.6665451,-9.7954074],[-36.6669596,-9.7957403],[-36.6674956,-9.7960672],[-36.668385,-9.796237],[-36.6693843,-9.7964397],[-36.6699489,-9.796656],[-36.6703156,-9.7970858],[-36.6704523,-9.7976981],[-36.6703684,-9.7983168],[-36.6699287,-9.7991986],[-36.6693109,-9.8004519],[-36.6692318,-9.8009409],[-36.6693062,-9.8014589],[-36.6694312,-9.8018191],[-36.6696459,-9.8020629],[-36.669529,-9.8021672],[-36.6690437,-9.8023319],[-36.6688075,-9.8023926],[-36.6685261,-9.8024642],[-36.66826,-9.802574],[-36.6680229,-9.8027151],[-36.6679317,-9.8028288],[-36.6678203,-9.8029387],[-36.6676978,-9.8031271],[-36.6675341,-9.8032874],[-36.667289,-9.8035175],[-36.6666417,-9.804134],[-36.6664595,-9.8042626],[-36.6661919,-9.8044031],[-36.6658674,-9.8046633],[-36.6655349,-9.8049934],[-36.6651509,-9.8052972],[-36.6648291,-9.8056214],[-36.664798,-9.8057096],[-36.6642615,-9.805792],[-36.663888,-9.8058318],[-36.6630059,-9.8066382],[-36.6624429,-9.8052664],[-36.6618017,-9.8037477],[-36.6611683,-9.8022216],[-36.6608046,-9.8014311],[-36.6606186,-9.8010926],[-36.6604741,-9.8008561],[-36.6602699,-9.80053],[-36.6597875,-9.7997746],[-36.659543,-9.7993108],[-36.6595046,-9.7992174],[-36.6591607,-9.7981901],[-36.6587791,-9.7970811],[-36.6583348,-9.795868],[-36.6581755,-9.7954369],[-36.6577856,-9.7943102],[-36.6577082,-9.7940983],[-36.6573263,-9.7929961],[-36.6570693,-9.7923244],[-36.6569735,-9.7920665],[-36.6566296,-9.7911765],[-36.6563305,-9.7904452],[-36.6557413,-9.7889945],[-36.6553714,-9.7881044],[-36.6549295,-9.7870645],[-36.6542546,-9.7854064],[-36.6539649,-9.7848139],[-36.6539395,-9.7846329],[-36.652857,-9.7820608],[-36.652519,-9.7812565],[-36.6523007,-9.7808044],[-36.6522237,-9.7807711],[-36.6517556,-9.7798178],[-36.6515181,-9.7788566],[-36.6510014,-9.7776101],[-36.6508512,-9.7772255],[-36.6505984,-9.7766281],[-36.6500998,-9.7754111],[-36.6498948,-9.7748632],[-36.6498402,-9.7746456],[-36.6498183,-9.7741139],[-36.6498726,-9.7735379],[-36.6499679,-9.7732639],[-36.6500103,-9.7732301],[-36.6499614,-9.7731304],[-36.6500107,-9.7729916],[-36.6504698,-9.7722836],[-36.6505145,-9.7721528],[-36.6506274,-9.7720355],[-36.6507299,-9.7719188],[-36.6508722,-9.7717317],[-36.651064,-9.7714171],[-36.6521272,-9.7723446],[-36.6523514,-9.7724387],[-36.6525788,-9.7725625],[-36.6530284,-9.7728945],[-36.6532193,-9.7730321],[-36.6558726,-9.7708768],[-36.6560184,-9.7707327],[-36.6567292,-9.7701445],[-36.6569698,-9.7705569],[-36.6572409,-9.7709716],[-36.6574966,-9.7714107],[-36.6576797,-9.771708],[-36.6579457,-9.7721795],[-36.6579818,-9.7723013],[-36.6580018,-9.772366],[-36.6581142,-9.7726617],[-36.6582435,-9.7729801],[-36.6583197,-9.7731253],[-36.6583795,-9.7733288],[-36.6584158,-9.7735558],[-36.6584549,-9.7737324],[-36.6584594,-9.7739482],[-36.6584947,-9.7740833],[-36.6585277,-9.7743349],[-36.6585572,-9.7744763],[-36.6585985,-9.7746416],[-36.6586483,-9.7748267],[-36.6586751,-9.7749757],[-36.6587071,-9.7751195],[-36.6587208,-9.7752733],[-36.6587235,-9.7754105],[-36.6587302,-9.775552],[-36.658724,-9.7757002],[-36.6586931,-9.7758431],[-36.6586874,-9.7759871],[-36.6587018,-9.7761156],[-36.658726,-9.7762348],[-36.658734,-9.7762805],[-36.6586193,-9.7763079],[-36.6582127,-9.7763981],[-36.6581455,-9.7764214],[-36.6578721,-9.7765545],[-36.6577438,-9.776644],[-36.6575696,-9.7767989],[-36.6574679,-9.7769223],[-36.6573614,-9.7770965],[-36.6573034,-9.7772248],[-36.6572525,-9.7773894],[-36.657218,-9.7775692],[-36.6572162,-9.7775781],[-36.6572041,-9.7777185],[-36.6572162,-9.7778758],[-36.6572356,-9.7780186],[-36.6572888,-9.7782267],[-36.6573285,-9.778306],[-36.6573542,-9.7783574],[-36.6574171,-9.7784687],[-36.6574703,-9.7785582],[-36.6575405,-9.7786454],[-36.6576277,-9.7787422],[-36.6577535,-9.778839],[-36.6578939,-9.7789334],[-36.6580137,-9.7789909],[-36.6580149,-9.7789914],[-36.6581431,-9.7790495],[-36.6582714,-9.7790834],[-36.6585473,-9.7791342],[-36.658955,-9.7791999],[-36.6597698,-9.7793411],[-36.6599844,-9.7793786],[-36.6599925,-9.77938],[-36.6600089,-9.7793827],[-36.6616328,-9.7796569],[-36.6624125,-9.7797878],[-36.6628805,-9.7798663],[-36.6629441,-9.7798771],[-36.6630727,-9.7798989],[-36.6634435,-9.779969],[-36.6636366,-9.7800054],[-36.663777,-9.7800635],[-36.6639343,-9.7801216],[-36.6639889,-9.7801526],[-36.6641408,-9.7802402],[-36.6641771,-9.7802652],[-36.6642828,-9.7803491],[-36.6643643,-9.7804133],[-36.664465,-9.7805234],[-36.6645361,-9.7806261],[-36.6639431,-9.7810502]]]]}},
{"type":"Feature","properties":{"ibge_code_municipio":"2700300","name":"Santa Edwiges","code":"2700300026"},"geometry":{"type":"MultiPolygon","coordinates":[[[[-36.6623061,-9.7359898],[-36.6623389,-9.7360132],[-36.6626828,-9.7364233],[-36.6629646,-9.7367742],[-36.6633877,-9.7373239],[-36.6629815,-9.7375544],[-36.660797,-9.7385791],[-36.6600046,-9.7389712],[-36.6593414,-9.7381034],[-36.659161,-9.737852],[-36.6589647,-9.7376289],[-36.6589001,-9.7376625],[-36.6585962,-9.7373002],[-36.6574461,-9.7376155],[-36.6573709,-9.7374314],[-36.6570143,-9.737652],[-36.6567221,-9.7356868],[-36.6563509,-9.7333871],[-36.654722,-9.7336127],[-36.6545242,-9.7338244],[-36.654424,-9.7330724],[-36.6556508,-9.732533],[-36.6569085,-9.7319792],[-36.6582628,-9.731376],[-36.6583514,-9.7313367],[-36.6585899,-9.7316154],[-36.6596099,-9.7327788],[-36.6602663,-9.7335679],[-36.6608273,-9.734237],[-36.6611276,-9.7346122],[-36.6614107,-9.7349399],[-36.6623061,-9.7359898]]]]}},
{"type":"Feature","properties":{"ibge_code_municipio":"2700300","name":"Baixão","code":"2700300003"},"geometry":{"type":"MultiPolygon","coordinates":[[[[-36.6662703,-9.7496844],[-36.6661764,-9.7486372],[-36.6660248,-9.7469396],[-36.6669425,-9.7467556],[-36.6678953,-9.7464551],[-36.6686401,-9.7462057],[-36.6691659,-9.7460374],[-36.669738,-9.7458439],[-36.6711262,-9.7453785],[-36.6724123,-9.7449463],[-36.6725353,-9.7449171],[-36.6725144,-9.7458958],[-36.6725016,-9.7463141],[-36.6724951,-9.7481453],[-36.6724828,-9.7484732],[-36.6724539,-9.750425],[-36.6724205,-9.7528403],[-36.6716785,-9.7527616],[-36.6704964,-9.7526149],[-36.6693474,-9.752471],[-36.6664836,-9.752101],[-36.6663748,-9.7508826],[-36.6662703,-9.7496844]]]]}},
{"type":"Feature","properties":{"ibge_code_municipio":"2700300","name":"João Paulo II","code":"2700300037"},"geometry":{"type":"MultiPolygon","coordinates":[[[[-36.6639631,-9.771139],[-36.6640744,-9.7711876],[-36.6647186,-9.7713234],[-36.6649895,-9.7714045],[-36.6655739,-9.7715685],[-36.6659267,-9.7716396],[-36.6660338,-9.771652],[-36.6664469,-9.771746],[-36.6665547,-9.7717429],[-36.66664,-9.7717804],[-36.6667914,-9.7718656],[-36.6669806,-9.7719995],[-36.6671506,-9.7721313],[-36.6672675,-9.7722632],[-36.6673495,-9.7723746],[-36.6674334,-9.7725345],[-36.6674682,-9.772594],[-36.667527,-9.772721],[-36.667585,-9.772877],[-36.6676116,-9.7730175],[-36.6676193,-9.7731877],[-36.6676108,-9.7733727],[-36.6675833,-9.773549],[-36.6675628,-9.7736747],[-36.6675078,-9.7738092],[-36.6674299,-9.7739538],[-36.6672889,-9.7741638],[-36.6672187,-9.774266],[-36.6672384,-9.7742964],[-36.667258,-9.7743631],[-36.6674904,-9.7753493],[-36.6676154,-9.7758392],[-36.6677438,-9.7763392],[-36.6677737,-9.7764711],[-36.6677788,-9.7766045],[-36.6677289,-9.7770738],[-36.6676871,-9.7777439],[-36.6676626,-9.7782626],[-36.667645,-9.7784141],[-36.666967,-9.7789007],[-36.6656606,-9.779834],[-36.6645361,-9.7806261],[-36.664465,-9.7805234],[-36.6643643,-9.7804133],[-36.6642828,-9.7803491],[-36.6641771,-9.7802652],[-36.6641408,-9.7802402],[-36.6639889,-9.7801526],[-36.6639343,-9.7801216],[-36.663777,-9.7800635],[-36.6636366,-9.7800054],[-36.6634435,-9.779969],[-36.6630727,-9.7798989],[-36.6629441,-9.7798771],[-36.6628805,-9.7798663],[-36.6624125,-9.7797878],[-36.6616328,-9.7796569],[-36.6600089,-9.7793827],[-36.6599925,-9.77938],[-36.6599844,-9.7793786],[-36.6597698,-9.7793411],[-36.658955,-9.7791999],[-36.6585473,-9.7791342],[-36.6582714,-9.7790834],[-36.6581431,-9.7790495],[-36.6580149,-9.7789914],[-36.6580137,-9.7789909],[-36.6578939,-9.7789334],[-36.6577535,-9.778839],[-36.6576277,-9.7787422],[-36.6575405,-9.7786454],[-36.6574703,-9.7785582],[-36.6574171,-9.7784687],[-36.6573542,-9.7783574],[-36.6573285,-9.778306],[-36.6572888,-9.7782267],[-36.6572356,-9.7780186],[-36.6572162,-9.7778758],[-36.6572041,-9.7777185],[-36.6572162,-9.7775781],[-36.657218,-9.7775692],[-36.6572525,-9.7773894],[-36.6573034,-9.7772248],[-36.6573614,-9.7770965],[-36.6574679,-9.7769223],[-36.6575696,-9.7767989],[-36.6577438,-9.776644],[-36.6578721,-9.7765545],[-36.6581455,-9.7764214],[-36.6582127,-9.7763981],[-36.6586193,-9.7763079],[-36.658734,-9.7762805],[-36.658726,-9.7762348],[-36.6587018,-9.7761156],[-36.6586874,-9.7759871],[-36.6586931,-9.7758431],[-36.658724,-9.7757002],[-36.6587302,-9.775552],[-36.6587235,-9.7754105],[-36.6587208,-9.7752733],[-36.6587071,-9.7751195],[-36.6586751,-9.7749757],[-36.6586483,-9.7748267],[-36.6585985,-9.7746416],[-36.6585572,-9.7744763],[-36.6585277,-9.7743349],[-36.6584947,-9.7740833],[-36.6584594,-9.7739482],[-36.6584549,-9.7737324],[-36.6584158,-9.7735558],[-36.6583795,-9.7733288],[-36.6583197,-9.7731253],[-36.6582435,-9.7729801],[-36.6581142,-9.7726617],[-36.6580018,-9.772366],[-36.6579818,-9.7723013],[-36.6579457,-9.7721795],[-36.6576797,-9.771708],[-36.6574966,-9.7714107],[-36.6572409,-9.7709716],[-36.6569698,-9.7705569],[-36.6567292,-9.7701445],[-36.6567142,-9.7701183],[-36.6579445,-9.7697449],[-36.6579736,-9.7697674],[-36.658276,-9.7698693],[-36.6583228,-9.7697523],[-36.6585695,-9.769825],[-36.6588694,-9.7698964],[-36.6596123,-9.7700641],[-36.6603101,-9.7702277],[-36.660894,-9.7703606],[-36.6611174,-9.770415],[-36.6618337,-9.7706037],[-36.6630322,-9.7709112],[-36.6631812,-9.7709392],[-36.6639631,-9.771139]]]]}},
{"type":"Feature","properties":{"ibge_code_municipio":"2700300","name":"São Luiz","code":"2700300028"},"geometry":{"type":"MultiPolygon","coordinates":[[[[-36.6475128,-9.7743686],[-36.6458501,-9.7756032],[-36.6453372,-9.7759685],[-36.6448149,-9.7749697],[-36.6441443,-9.7737255],[-36.6438404,-9.77316],[-36.6437685,-9.7730637],[-36.6434514,-9.7724731],[-36.6427669,-9.7712429],[-36.642583,-9.7708998],[-36.643239,-9.7703131],[-36.643341,-9.7702445],[-36.6430763,-9.7696546],[-36.6429358,-9.7693272],[-36.6426595,-9.7687158],[-36.64218,-9.7676353],[-36.641939,-9.7671004],[-36.6412229,-9.7654666],[-36.6408018,-9.7645275],[-36.6401443,-9.7630961],[-36.6399465,-9.7627312],[-36.6400196,-9.7622831],[-36.6400463,-9.7620003],[-36.6400687,-9.761532],[-36.6400613,-9.7611885],[-36.6400406,-9.7608992],[-36.6399693,-9.7605229],[-36.6414764,-9.7606772],[-36.6416967,-9.7607384],[-36.6418749,-9.7607921],[-36.6421295,-9.7608612],[-36.6422668,-9.7609073],[-36.6426024,-9.7610543],[-36.64318,-9.7613219],[-36.64369,-9.7615981],[-36.6438282,-9.7616543],[-36.6439484,-9.761686],[-36.6440543,-9.7616998],[-36.64423,-9.7617005],[-36.64432,-9.7616911],[-36.645071,-9.7617006],[-36.6454387,-9.76178],[-36.6456147,-9.7618412],[-36.6459378,-9.7617467],[-36.6462504,-9.7616745],[-36.6465254,-9.7616458],[-36.6468391,-9.7616466],[-36.6470816,-9.7616795],[-36.6477984,-9.7617564],[-36.6480057,-9.7617526],[-36.6482634,-9.7616678],[-36.6485347,-9.7615172],[-36.6503306,-9.760425],[-36.6507723,-9.7601317],[-36.6508877,-9.7600925],[-36.6510467,-9.7603084],[-36.6514887,-9.7607858],[-36.6516736,-9.7609481],[-36.6519895,-9.7611872],[-36.652463,-9.7615555],[-36.652962,-9.7619599],[-36.6534756,-9.762381],[-36.6539888,-9.7627997],[-36.6545163,-9.7632256],[-36.6551166,-9.7637052],[-36.6557679,-9.7642179],[-36.6557258,-9.7645298],[-36.6556154,-9.7648182],[-36.6553188,-9.765246],[-36.6547281,-9.7661041],[-36.6540611,-9.7670589],[-36.6535609,-9.7677781],[-36.6535093,-9.7678584],[-36.6529548,-9.7686758],[-36.6524609,-9.7693683],[-36.651064,-9.7714171],[-36.6508722,-9.7717317],[-36.6507299,-9.7719188],[-36.6506274,-9.7720355],[-36.6505145,-9.7721528],[-36.6504064,-9.7722347],[-36.6495206,-9.7728895],[-36.6484724,-9.7736565],[-36.6475128,-9.7743686]]]]}},
{"type":"Feature","properties":{"ibge_code_municipio":"2700300","name":"Primavera","code":"2700300025"},"geometry":{"type":"MultiPolygon","coordinates":[[[[-36.6608159,-9.7600038],[-36.6612107,-9.7606679],[-36.6615185,-9.7611972],[-36.6617838,-9.761718],[-36.6619035,-9.7625523],[-36.6625831,-9.7623915],[-36.6637687,-9.7621503],[-36.6638857,-9.7628266],[-36.6640028,-9.7633618],[-36.6640854,-9.7637251],[-36.6642889,-9.7638255],[-36.6643495,-9.7639222],[-36.6642534,-9.7641103],[-36.6643342,-9.7643523],[-36.6645037,-9.7643705],[-36.6644534,-9.7645591],[-36.6643696,-9.7648693],[-36.6642895,-9.7651001],[-36.6642645,-9.7653144],[-36.6645148,-9.7654268],[-36.6644857,-9.7658192],[-36.6645036,-9.7658986],[-36.6642445,-9.7663237],[-36.6642156,-9.766369],[-36.6643251,-9.7669579],[-36.6644192,-9.7675923],[-36.6645114,-9.768144],[-36.6645889,-9.7686917],[-36.6646803,-9.769257],[-36.6647545,-9.76981],[-36.664834,-9.7703703],[-36.6649908,-9.7713592],[-36.6649895,-9.7714045],[-36.6647186,-9.7713234],[-36.6640744,-9.7711876],[-36.6639631,-9.771139],[-36.6631812,-9.7709392],[-36.6630322,-9.7709112],[-36.6618337,-9.7706037],[-36.6611174,-9.770415],[-36.660894,-9.7703606],[-36.6603101,-9.7702277],[-36.6596123,-9.7700641],[-36.6588694,-9.7698964],[-36.6585695,-9.769825],[-36.6583228,-9.7697523],[-36.658276,-9.7698693],[-36.6579736,-9.7697674],[-36.6579445,-9.7697449],[-36.657597,-9.7695056],[-36.657377,-9.7693319],[-36.6570329,-9.7689407],[-36.6568511,-9.7686523],[-36.6567137,-9.7684178],[-36.6566148,-9.7681751],[-36.6565322,-9.7678598],[-36.6564879,-9.7675555],[-36.6564837,-9.7672139],[-36.6564912,-9.7669512],[-36.6564984,-9.7667009],[-36.6565186,-9.7662454],[-36.6565447,-9.7657892],[-36.6565754,-9.765147],[-36.6566204,-9.7643109],[-36.6566711,-9.7633508],[-36.6566875,-9.7626963],[-36.6567111,-9.7622939],[-36.656739,-9.7620574],[-36.656808,-9.7616678],[-36.6568693,-9.7614731],[-36.6569248,-9.7613236],[-36.6570967,-9.7609158],[-36.6572972,-9.7605669],[-36.6575986,-9.7600034],[-36.6581702,-9.7589544],[-36.6583053,-9.7587025],[-36.6584454,-9.7584908],[-36.6585133,-9.7583698],[-36.6587052,-9.7581222],[-36.658809,-9.7580153],[-36.6589861,-9.7578628],[-36.6590741,-9.7578265],[-36.6593271,-9.7576371],[-36.6594206,-9.75776],[-36.659692,-9.7581046],[-36.6599598,-9.758545],[-36.6604558,-9.7593909],[-36.6608159,-9.7600038]]]]}},
{"type":"Feature","properties":{"ibge_code_municipio":"2700300","name":"Brasília","code":"2700300005"},"geometry":{"type":"MultiPolygon","coordinates":[[[[-36.6412426,-9.7540681],[-36.6409482,-9.7539326],[-36.6397045,-9.7533728],[-36.6391494,-9.7531236],[-36.63902,-9.7530234],[-36.6388588,-9.7529353],[-36.6385525,-9.752843],[-36.6382943,-9.7527653],[-36.6382309,-9.7526784],[-36.6380161,-9.7524343],[-36.6375277,-9.7519609],[-36.6377408,-9.7519202],[-36.6391616,-9.751715],[-36.6397937,-9.7516173],[-36.6411566,-9.7514247],[-36.6418303,-9.7512961],[-36.6426724,-9.7510804],[-36.642831,-9.7510341],[-36.6430547,-9.750972],[-36.6432198,-9.7509144],[-36.6438786,-9.7505784],[-36.644555,-9.7502137],[-36.6447274,-9.750123],[-36.6452468,-9.7498448],[-36.6457431,-9.7495904],[-36.6463771,-9.7492569],[-36.6470714,-9.7489163],[-36.6481891,-9.7483852],[-36.6482944,-9.748349],[-36.6488573,-9.7486572],[-36.6512013,-9.7499437],[-36.6532635,-9.7510635],[-36.6532955,-9.7510046],[-36.6533854,-9.7509791],[-36.6534954,-9.7509985],[-36.6535658,-9.7510833],[-36.6536121,-9.7511975],[-36.6536704,-9.7512851],[-36.6544834,-9.7517352],[-36.6549082,-9.7519687],[-36.655866,-9.7524931],[-36.6567657,-9.7529828],[-36.6571201,-9.7531782],[-36.6563709,-9.7540527],[-36.6556406,-9.7548269],[-36.6553168,-9.755147],[-36.6549276,-9.7555282],[-36.6539783,-9.7564337],[-36.6532392,-9.7571381],[-36.6528337,-9.7574538],[-36.6526153,-9.7575648],[-36.6518625,-9.7578699],[-36.6506371,-9.7583348],[-36.6497677,-9.7585935],[-36.6491323,-9.7586794],[-36.6486414,-9.7587014],[-36.6479208,-9.7587484],[-36.6475976,-9.7586223],[-36.6474171,-9.7585144],[-36.6469498,-9.7581093],[-36.6466912,-9.7578986],[-36.6459088,-9.7572221],[-36.6457514,-9.7570862],[-36.6451214,-9.7565368],[-36.6445852,-9.7560722],[-36.6438625,-9.7554479],[-36.643824,-9.7554112],[-36.6433417,-9.7550187],[-36.6432595,-9.7549671],[-36.643019,-9.7548371],[-36.64176,-9.7542807],[-36.6412426,-9.7540681]]]]}}
]
}
