{
"type": "FeatureCollection",
"name": "SELECT",
"features": [
{"type":"Feature","properties":{"ibge_code_municipio":"2704302","name":"Mangabeiras","code":"2704302026"},"geometry":{"type":"MultiPolygon","coordinates":[[[[-35.7070708,-9.6428945],[-35.7059691,-9.6430168],[-35.7059105,-9.642965],[-35.7059034,-9.642889],[-35.7058878,-9.642719],[-35.7058742,-9.6425189],[-35.7058572,-9.6423538],[-35.7058431,-9.642218],[-35.7057716,-9.6416397],[-35.7057568,-9.6415258],[-35.7056869,-9.6413248],[-35.7056473,-9.6412234],[-35.7055754,-9.6410048],[-35.7055093,-9.640798],[-35.7053866,-9.6408073],[-35.7045983,-9.6408543],[-35.7044252,-9.6408649],[-35.7043993,-9.6407253],[-35.7043691,-9.6405254],[-35.7043082,-9.6401643],[-35.7042518,-9.6397616],[-35.7037887,-9.639768],[-35.7033815,-9.6397709],[-35.7028855,-9.6397704],[-35.7025754,-9.6397812],[-35.7025735,-9.6397811],[-35.7026513,-9.6395711],[-35.7026994,-9.639464],[-35.7027744,-9.6393394],[-35.7028297,-9.639199],[-35.7028627,-9.6390695],[-35.7028921,-9.6387058],[-35.7041898,-9.638772],[-35.7051438,-9.6388115],[-35.7053204,-9.6389592],[-35.7053745,-9.6389837],[-35.7055335,-9.6389273],[-35.7060299,-9.6388882],[-35.7069312,-9.6388098],[-35.7076222,-9.6387329],[-35.7076785,-9.6388923],[-35.7078952,-9.6396808],[-35.7079006,-9.6397006],[-35.7080134,-9.6399871],[-35.7080568,-9.6400972],[-35.7081964,-9.6404211],[-35.7082229,-9.6404825],[-35.7082782,-9.6405558],[-35.7083337,-9.6406059],[-35.70877,-9.6406791],[-35.7087469,-9.6407417],[-35.7087528,-9.6409417],[-35.708762,-9.6410115],[-35.7087855,-9.6410443],[-35.7088301,-9.6410848],[-35.7088326,-9.6411018],[-35.7088507,-9.6411142],[-35.709107,-9.6411789],[-35.7091516,-9.6411802],[-35.709176,-9.6411818],[-35.7093159,-9.641184],[-35.709399,-9.6411839],[-35.7094497,-9.6412159],[-35.7100882,-9.6412012],[-35.7100968,-9.6412012],[-35.7101048,-9.6412201],[-35.7101157,-9.6412454],[-35.7102061,-9.6415154],[-35.710385,-9.6414583],[-35.7107407,-9.6414786],[-35.7108048,-9.6415076],[-35.710872,-9.6415959],[-35.7113349,-9.6415413],[-35.711302,-9.6417547],[-35.7113039,-9.6417604],[-35.7112947,-9.6418465],[-35.7114212,-9.641999],[-35.7116455,-9.6422619],[-35.7116905,-9.6422785],[-35.7108689,-9.6428765],[-35.7109439,-9.6429907],[-35.7115196,-9.642709],[-35.7121078,-9.6427323],[-35.7125326,-9.6426913],[-35.7126685,-9.6428427],[-35.712874,-9.6429826],[-35.7130536,-9.6431012],[-35.7130824,-9.6431908],[-35.7131348,-9.643192],[-35.7132469,-9.6431135],[-35.7133469,-9.6429617],[-35.713486,-9.6427964],[-35.713649,-9.642687],[-35.713885,-9.6426147],[-35.7141349,-9.642636],[-35.7143297,-9.6426901],[-35.7144735,-9.6427688],[-35.7144101,-9.64279],[-35.7144142,-9.6428546],[-35.7146346,-9.6430292],[-35.7147128,-9.6430845],[-35.7146194,-9.6433102],[-35.71458,-9.6434551],[-35.7148163,-9.6436817],[-35.714916,-9.6438019],[-35.7150647,-9.643973],[-35.7150458,-9.6440023],[-35.7150056,-9.6440703],[-35.7147028,-9.6445815],[-35.714864,-9.644807],[-35.715283,-9.6445711],[-35.7156084,-9.6452477],[-35.7156621,-9.6457856],[-35.7156768,-9.6459155],[-35.7159487,-9.6458384],[-35.7161301,-9.6464674],[-35.7165566,-9.6468899],[-35.7171587,-9.646646],[-35.7174244,-9.6469328],[-35.7178674,-9.6476019],[-35.7184153,-9.6483854],[-35.7186495,-9.6488129],[-35.7186403,-9.6488294],[-35.7186692,-9.6488886],[-35.7188321,-9.6488436],[-35.719012,-9.6488436],[-35.7192655,-9.6488947],[-35.7194014,-9.6489751],[-35.7195536,-9.6491136],[-35.7197319,-9.6492788],[-35.7197877,-9.6493461],[-35.7194742,-9.6495822],[-35.719437,-9.6496196],[-35.7193864,-9.649704],[-35.7205425,-9.6512934],[-35.7206109,-9.6514026],[-35.7207023,-9.6515793],[-35.7207787,-9.6516806],[-35.7208692,-9.6517871],[-35.7209288,-9.6518529],[-35.7209775,-9.6519567],[-35.7210522,-9.6521909],[-35.7213611,-9.652277],[-35.7213702,-9.6522893],[-35.721376,-9.6522846],[-35.7214076,-9.6522921],[-35.7216938,-9.6525432],[-35.7220463,-9.6528523],[-35.7221583,-9.6530536],[-35.7221637,-9.6530743],[-35.7222942,-9.6532556],[-35.7220414,-9.6533138],[-35.7222346,-9.6536247],[-35.7223552,-9.6538188],[-35.722464,-9.6540282],[-35.7227584,-9.6545136],[-35.7228636,-9.6547109],[-35.7229303,-9.6548246],[-35.7229792,-9.6549395],[-35.7230223,-9.6550075],[-35.7230292,-9.655036],[-35.723047,-9.6550872],[-35.7232324,-9.6550812],[-35.7235607,-9.6550622],[-35.7235827,-9.6550922],[-35.7236527,-9.6551762],[-35.7238879,-9.655487],[-35.7239871,-9.6556258],[-35.7241451,-9.6559202],[-35.7237822,-9.655939],[-35.7237933,-9.6560754],[-35.7238712,-9.6560709],[-35.7241605,-9.656314],[-35.7241855,-9.6563782],[-35.7245254,-9.656737],[-35.7246352,-9.6569368],[-35.7246388,-9.6569595],[-35.7244902,-9.6569681],[-35.7242736,-9.6569805],[-35.7240471,-9.6569918],[-35.7237406,-9.6570025],[-35.7236697,-9.6570193],[-35.7235903,-9.6570266],[-35.7233001,-9.657092],[-35.7231921,-9.6570386],[-35.723056,-9.6569824],[-35.7229992,-9.6569326],[-35.7227362,-9.6566944],[-35.7225659,-9.6565352],[-35.7220121,-9.6559773],[-35.721857,-9.6558139],[-35.7216507,-9.6555979],[-35.721425,-9.655357],[-35.7211393,-9.6550515],[-35.7209712,-9.6548769],[-35.7208452,-9.6547419],[-35.7205838,-9.654471],[-35.7203964,-9.6542674],[-35.7200069,-9.6538897],[-35.7198562,-9.6537305],[-35.7197202,-9.653588],[-35.7196044,-9.6534644],[-35.7195259,-9.6533782],[-35.7194452,-9.6532941],[-35.7193427,-9.6531916],[-35.7192181,-9.6530601],[-35.7189302,-9.6527583],[-35.7187059,-9.6525048],[-35.7184968,-9.652267],[-35.7184,-9.652256],[-35.7178732,-9.6517563],[-35.7178123,-9.651703],[-35.7177567,-9.6516469],[-35.717445,-9.6513718],[-35.7173831,-9.6513208],[-35.7173286,-9.6512727],[-35.7172565,-9.6512691],[-35.7170715,-9.6512595],[-35.7168709,-9.6512547],[-35.7166825,-9.6512475],[-35.7165389,-9.6512329],[-35.7164117,-9.6512171],[-35.7163315,-9.6511922],[-35.7162442,-9.651131],[-35.7161746,-9.6510763],[-35.7160624,-9.6509882],[-35.7158255,-9.6507593],[-35.7157027,-9.6506339],[-35.7153612,-9.6503023],[-35.7149509,-9.6499046],[-35.7149379,-9.6498911],[-35.7145624,-9.6494996],[-35.7145321,-9.6494663],[-35.7141525,-9.6490499],[-35.7141302,-9.6490258],[-35.7136251,-9.6484779],[-35.7136232,-9.6484757],[-35.713516,-9.6483473],[-35.7135089,-9.6483397],[-35.7132119,-9.6480184],[-35.7129444,-9.6477125],[-35.7129329,-9.6477005],[-35.712242,-9.6469555],[-35.7118758,-9.6465443],[-35.7115798,-9.6462152],[-35.7111429,-9.6457424],[-35.7110237,-9.645626],[-35.7109474,-9.6455435],[-35.7108225,-9.645408],[-35.7107577,-9.6453191],[-35.7106501,-9.6451822],[-35.7105496,-9.6451031],[-35.7103942,-9.645039],[-35.7103982,-9.6450047],[-35.7103987,-9.6449878],[-35.7103997,-9.644959],[-35.7103935,-9.6446614],[-35.7103848,-9.6444068],[-35.7103803,-9.6442984],[-35.7103625,-9.6436212],[-35.7103563,-9.6433781],[-35.7103407,-9.6429598],[-35.710329,-9.6426762],[-35.7102318,-9.642613],[-35.7101904,-9.6425957],[-35.7101024,-9.6425865],[-35.7098949,-9.6426099],[-35.7097701,-9.6426192],[-35.7097355,-9.6426228],[-35.7092341,-9.6426766],[-35.7082131,-9.6427639],[-35.7081842,-9.6427711],[-35.7081502,-9.6427786],[-35.7080705,-9.6427995],[-35.7071086,-9.6428924],[-35.7070708,-9.6428945]]]]}},
{"type":"Feature","properties":{"ibge_code_municipio":"2704302","name":"Vergel do Lago","code":"2704302050"},"geometry":{"type":"MultiPolygon","coordinates":[[[[-35.7589052,-9.6592873],[-35.7588409,-9.6592884],[-35.758514,-9.6592783],[-35.7584388,-9.659275],[-35.7581328,-9.6593924],[-35.7579336,-9.6594974],[-35.7566877,-9.6600834],[-35.7559496,-9.6604523],[-35.7559077,-9.6603991],[-35.7556921,-9.6601141],[-35.7552276,-9.6594947],[-35.7544329,-9.6584527],[-35.7544285,-9.6584468],[-35.754406,-9.6584168],[-35.7536237,-9.6574961],[-35.7532625,-9.6570728],[-35.7530637,-9.6568379],[-35.7528833,-9.6566316],[-35.7526448,-9.6563444],[-35.7525701,-9.6562759],[-35.7525014,-9.6562022],[-35.7521185,-9.6558449],[-35.7520784,-9.6558074],[-35.751931,-9.6556699],[-35.7516922,-9.6554471],[-35.7517146,-9.6554017],[-35.7517536,-9.6553752],[-35.7518126,-9.6553594],[-35.7518553,-9.6553455],[-35.7518798,-9.6553344],[-35.7519224,-9.6553106],[-35.7519485,-9.6552761],[-35.7519602,-9.6552543],[-35.7519646,-9.6552317],[-35.7519753,-9.6552063],[-35.7519869,-9.6551854],[-35.7519867,-9.6551574],[-35.7519921,-9.6551429],[-35.7520248,-9.6551363],[-35.7520594,-9.6551351],[-35.7520801,-9.6551088],[-35.7520855,-9.6551033],[-35.7521054,-9.6550833],[-35.7521323,-9.6550388],[-35.7521898,-9.654938],[-35.7522205,-9.6549062],[-35.7522492,-9.6548526],[-35.7522708,-9.6548245],[-35.7522934,-9.6548017],[-35.7523159,-9.6547744],[-35.7523321,-9.6547499],[-35.7523583,-9.6547162],[-35.7523799,-9.6546899],[-35.7524014,-9.6546481],[-35.7524211,-9.6546082],[-35.7524453,-9.6545629],[-35.7524676,-9.6545076],[-35.7524919,-9.654464],[-35.7525125,-9.654425],[-35.7525367,-9.6543751],[-35.75256,-9.6543279],[-35.7525778,-9.6542781],[-35.7525975,-9.6542364],[-35.7526171,-9.6541911],[-35.7526359,-9.6541484],[-35.7526601,-9.6541049],[-35.7527022,-9.6540223],[-35.7527238,-9.6539815],[-35.7527704,-9.6538899],[-35.7528123,-9.6537884],[-35.7528427,-9.6537194],[-35.7528739,-9.6536361],[-35.7529151,-9.6534424],[-35.7529183,-9.6533845],[-35.752918,-9.6533412],[-35.7529177,-9.6533096],[-35.7529172,-9.6532463],[-35.7529573,-9.6531457],[-35.7529964,-9.653018],[-35.7530209,-9.6529013],[-35.7530208,-9.6527703],[-35.7530192,-9.6526872],[-35.7530203,-9.6526076],[-35.7530513,-9.6524945],[-35.7530617,-9.6524275],[-35.753094,-9.6522556],[-35.7530902,-9.6522439],[-35.7530965,-9.6522312],[-35.7531027,-9.6522113],[-35.7531025,-9.6521878],[-35.7531076,-9.652138],[-35.7531206,-9.6520584],[-35.7531286,-9.6520385],[-35.753141,-9.6519932],[-35.7531651,-9.651928],[-35.7531785,-9.6519053],[-35.7531939,-9.6518916],[-35.7532066,-9.651887],[-35.7532336,-9.6518515],[-35.7532885,-9.6517716],[-35.7533028,-9.6517416],[-35.7533591,-9.6516084],[-35.7533851,-9.6515603],[-35.7534918,-9.6513534],[-35.7536442,-9.6510658],[-35.7536704,-9.6510295],[-35.7536767,-9.6510204],[-35.7536803,-9.6510149],[-35.7537145,-9.6509677],[-35.7537298,-9.6509513],[-35.753765,-9.6509131],[-35.7538508,-9.6508284],[-35.7539033,-9.6507837],[-35.7539377,-9.6507608],[-35.7540155,-9.6507024],[-35.7540326,-9.6506833],[-35.7541129,-9.6505877],[-35.7541426,-9.6505441],[-35.7541507,-9.6505341],[-35.754166,-9.6505159],[-35.7542004,-9.6504813],[-35.754232,-9.6504576],[-35.7542763,-9.6504175],[-35.7543169,-9.6503738],[-35.7544424,-9.6502364],[-35.7544983,-9.6501745],[-35.7545218,-9.650149],[-35.7545462,-9.6501271],[-35.7545616,-9.6501143],[-35.7546212,-9.650056],[-35.7546456,-9.6500296],[-35.75466,-9.6500124],[-35.754688,-9.6499841],[-35.7547269,-9.6499504],[-35.7548651,-9.6498192],[-35.7549148,-9.6497781],[-35.7549411,-9.6497626],[-35.7549774,-9.6497487],[-35.755016,-9.6497311],[-35.7550881,-9.6496981],[-35.7551144,-9.6496808],[-35.7552529,-9.6495839],[-35.7552827,-9.6495565],[-35.7552954,-9.6495483],[-35.7553406,-9.6495172],[-35.7555318,-9.6493955],[-35.7555961,-9.6493607],[-35.755781,-9.6492526],[-35.7558199,-9.6492234],[-35.755911,-9.6491491],[-35.7559284,-9.6491349],[-35.7559817,-9.6490848],[-35.7560234,-9.6490546],[-35.7561203,-9.6489888],[-35.7561493,-9.648975],[-35.7561746,-9.6489549],[-35.7562263,-9.648922],[-35.7562616,-9.6489054],[-35.7562971,-9.6488961],[-35.7563834,-9.6488801],[-35.756418,-9.6488789],[-35.7565282,-9.6488807],[-35.756582,-9.6488875],[-35.7566085,-9.648899],[-35.7566614,-9.6489158],[-35.7568729,-9.6490248],[-35.7569096,-9.6490362],[-35.7569811,-9.6490599],[-35.7570791,-9.6491549],[-35.7570976,-9.6491815],[-35.7571303,-9.6491924],[-35.7571717,-9.6492164],[-35.7572114,-9.6492131],[-35.7572751,-9.6492033],[-35.7573616,-9.6491576],[-35.7574808,-9.6490536],[-35.7575766,-9.6490536],[-35.7576507,-9.6490591],[-35.7577612,-9.6490514],[-35.7578194,-9.6491119],[-35.7578641,-9.6491375],[-35.7579158,-9.6491543],[-35.7580606,-9.649095],[-35.7581248,-9.6490792],[-35.7581727,-9.6490172],[-35.7582201,-9.6489219],[-35.7582397,-9.6488783],[-35.7584149,-9.6488375],[-35.7585026,-9.6489034],[-35.7586185,-9.6489164],[-35.7588199,-9.6489328],[-35.7589979,-9.6489432],[-35.7590106,-9.6489394],[-35.7590692,-9.6489698],[-35.7591449,-9.6490003],[-35.7593049,-9.6489469],[-35.7593817,-9.6489437],[-35.7593942,-9.6490901],[-35.7595194,-9.6490863],[-35.7596669,-9.6491184],[-35.7597769,-9.6491385],[-35.7600398,-9.6492273],[-35.7602053,-9.6493138],[-35.760368,-9.6493966],[-35.7605912,-9.6495005],[-35.7607009,-9.6495502],[-35.7607319,-9.6495788],[-35.7609213,-9.6497318],[-35.761071,-9.6498504],[-35.7611625,-9.6499245],[-35.7611843,-9.649937],[-35.7612946,-9.6500035],[-35.7614613,-9.6501057],[-35.761549,-9.6501591],[-35.7616872,-9.6502336],[-35.7617912,-9.6502913],[-35.7619011,-9.6503519],[-35.7619741,-9.650398],[-35.7620634,-9.6504585],[-35.7621303,-9.6505009],[-35.7623388,-9.6505798],[-35.7624471,-9.6506207],[-35.7625778,-9.6506691],[-35.762667,-9.6506974],[-35.7628576,-9.6507377],[-35.7629109,-9.6507355],[-35.762961,-9.6507638],[-35.7629642,-9.6508422],[-35.7629724,-9.6510817],[-35.7629898,-9.6512521],[-35.7630154,-9.6512788],[-35.7630279,-9.6512891],[-35.7630507,-9.651313],[-35.7630553,-9.6513193],[-35.7630627,-9.6513346],[-35.7630701,-9.6513481],[-35.7630783,-9.6513553],[-35.7630855,-9.6513612],[-35.7630903,-9.6513651],[-35.763104,-9.651374],[-35.763115,-9.6513839],[-35.763126,-9.6513928],[-35.7631352,-9.6514009],[-35.7631434,-9.6514062],[-35.7631526,-9.6514152],[-35.7631618,-9.6514233],[-35.7631746,-9.6514313],[-35.7631874,-9.6514402],[-35.7632038,-9.6514473],[-35.7632139,-9.6514526],[-35.7632239,-9.651458],[-35.763234,-9.6514642],[-35.7632431,-9.6514669],[-35.7632532,-9.6514731],[-35.7633336,-9.6515095],[-35.7633437,-9.6515203],[-35.7633538,-9.6515292],[-35.7633758,-9.6515444],[-35.7634023,-9.6515532],[-35.7634232,-9.6515522],[-35.7634496,-9.6515538],[-35.7634733,-9.6515581],[-35.7634988,-9.6515597],[-35.7635189,-9.6515622],[-35.7635508,-9.6515656],[-35.7635681,-9.6515718],[-35.7635837,-9.651578],[-35.7636001,-9.651586],[-35.763602,-9.6515959],[-35.7636022,-9.6516131],[-35.7636096,-9.6516275],[-35.7636433,-9.6516398],[-35.7636717,-9.6516532],[-35.7636982,-9.6516656],[-35.7637138,-9.6516781],[-35.7637339,-9.6516924],[-35.7637631,-9.6517021],[-35.7637887,-9.6517128],[-35.7638161,-9.6517252],[-35.7638381,-9.6517377],[-35.7638627,-9.6517483],[-35.7638792,-9.6517572],[-35.7638847,-9.6517599],[-35.7639002,-9.6517661],[-35.7639212,-9.6517758],[-35.7639414,-9.6517883],[-35.7639642,-9.6517981],[-35.7639834,-9.6518088],[-35.7640026,-9.6518185],[-35.7640301,-9.6518346],[-35.7640493,-9.6518453],[-35.7640593,-9.6518515],[-35.7640767,-9.6518622],[-35.7640905,-9.6518711],[-35.7641042,-9.651881],[-35.764117,-9.6518881],[-35.7641316,-9.6518952],[-35.7641435,-9.6519014],[-35.7641563,-9.6519068],[-35.76417,-9.6519112],[-35.7641846,-9.6519156],[-35.764201,-9.6519191],[-35.7642074,-9.6519199],[-35.7642146,-9.6519153],[-35.7642254,-9.6518999],[-35.7642363,-9.6518862],[-35.7642516,-9.6518735],[-35.7642652,-9.6518679],[-35.7642798,-9.6518678],[-35.7642962,-9.6518677],[-35.7643135,-9.6518676],[-35.7643235,-9.6518702],[-35.7643281,-9.6518738],[-35.7643319,-9.6518891],[-35.764332,-9.6519063],[-35.7643303,-9.6519207],[-35.7643196,-9.6519425],[-35.7643115,-9.6519597],[-35.7643071,-9.6519751],[-35.7643072,-9.6519914],[-35.7643138,-9.6520103],[-35.7643266,-9.652021],[-35.7643431,-9.6520372],[-35.7643587,-9.652056],[-35.764378,-9.6520703],[-35.7643954,-9.6520855],[-35.764411,-9.6520953],[-35.7644283,-9.652107],[-35.7644412,-9.6521159],[-35.7644512,-9.6521194],[-35.7644567,-9.6521248],[-35.7644605,-9.6521392],[-35.764467,-9.6521545],[-35.7644726,-9.652168],[-35.7644818,-9.6521824],[-35.7644964,-9.6521931],[-35.7645165,-9.6521993],[-35.7645338,-9.652201],[-35.7645566,-9.6522062],[-35.7645858,-9.6522132],[-35.7646215,-9.6522328],[-35.7646507,-9.652247],[-35.7646626,-9.6522505],[-35.7646855,-9.652263],[-35.7647083,-9.6522709],[-35.7647284,-9.652278],[-35.7647512,-9.6522878],[-35.7647741,-9.6522966],[-35.7647951,-9.6523082],[-35.7648106,-9.6523162],[-35.7648326,-9.6523278],[-35.7648554,-9.6523393],[-35.7648747,-9.65235],[-35.7648939,-9.6523607],[-35.764914,-9.6523732],[-35.7649332,-9.6523857],[-35.7649506,-9.6523982],[-35.7649707,-9.6524107],[-35.7649845,-9.6524178],[-35.7650155,-9.6524329],[-35.7650293,-9.6524464],[-35.7650458,-9.6524634],[-35.7650587,-9.6524786],[-35.7650643,-9.6524922],[-35.765069,-9.6525102],[-35.7650764,-9.6525237],[-35.7650793,-9.6525453],[-35.7650804,-9.652567],[-35.7650805,-9.6525878],[-35.7650807,-9.6526068],[-35.7650809,-9.6526321],[-35.7650784,-9.6526619],[-35.765073,-9.6526719],[-35.7650615,-9.6527054],[-35.7650526,-9.6527344],[-35.765041,-9.6527643],[-35.7650321,-9.6527906],[-35.7650233,-9.6528213],[-35.7650207,-9.6528476],[-35.7650173,-9.6528729],[-35.7650129,-9.6528892],[-35.7650031,-9.6529146],[-35.7649896,-9.6529409],[-35.7649789,-9.6529608],[-35.7649654,-9.6529826],[-35.7649518,-9.65299],[-35.7649319,-9.6530019],[-35.7649129,-9.6530255],[-35.764904,-9.6530455],[-35.7648932,-9.6530582],[-35.764886,-9.6530718],[-35.7648819,-9.6530804],[-35.7648816,-9.6530901],[-35.7648817,-9.653108],[-35.7648819,-9.653127],[-35.7648821,-9.6531522],[-35.7648795,-9.6531694],[-35.7648706,-9.6531903],[-35.7648708,-9.6532129],[-35.7648719,-9.6532364],[-35.7648712,-9.6532644],[-35.7648686,-9.6532861],[-35.7648597,-9.6533123],[-35.7648544,-9.6533223],[-35.7648418,-9.6533486],[-35.7648302,-9.653374],[-35.7648277,-9.6533966],[-35.7648288,-9.653421],[-35.764839,-9.6534435],[-35.7648482,-9.6534606],[-35.7648665,-9.6534758],[-35.7648775,-9.6534839],[-35.7648922,-9.6534919],[-35.7648922,-9.6535018],[-35.7648959,-9.6535081],[-35.764896,-9.6535199],[-35.7648853,-9.6535407],[-35.7648727,-9.653558],[-35.7648729,-9.6535824],[-35.7648867,-9.6536067],[-35.7648969,-9.653631],[-35.7649072,-9.6536571],[-35.7649165,-9.6536805],[-35.7649257,-9.6536994],[-35.7649332,-9.6537219],[-35.7649406,-9.6537427],[-35.7649508,-9.6537634],[-35.7649611,-9.6537886],[-35.7649685,-9.6538102],[-35.7649769,-9.6538336],[-35.7649825,-9.6538525],[-35.7649891,-9.6538778],[-35.7649938,-9.6539003],[-35.7650003,-9.653912],[-35.7650069,-9.6539382],[-35.7650217,-9.6539625],[-35.7650319,-9.6539904],[-35.7650412,-9.6540156],[-35.7650523,-9.6540408],[-35.765058,-9.6540643],[-35.7650719,-9.6540903],[-35.7650838,-9.6541074],[-35.7650995,-9.6541317],[-35.7651114,-9.6541424],[-35.7651334,-9.654154],[-35.7651526,-9.6541656],[-35.7651663,-9.6541736],[-35.7651783,-9.6541853],[-35.7651866,-9.6542033],[-35.765195,-9.6542276],[-35.7652007,-9.6542519],[-35.7652081,-9.6542708],[-35.7652192,-9.6542933],[-35.7652294,-9.6543122],[-35.7652414,-9.6543365],[-35.7652552,-9.6543581],[-35.7652682,-9.6543797],[-35.7652829,-9.6544022],[-35.7652977,-9.6544273],[-35.7653097,-9.6544516],[-35.765319,-9.6544723],[-35.7653347,-9.6544957],[-35.7653485,-9.6545182],[-35.765354,-9.6545272],[-35.7653688,-9.6545505],[-35.765379,-9.6545721],[-35.7653865,-9.6545938],[-35.7653957,-9.6546154],[-35.7654068,-9.6546352],[-35.7654161,-9.6546595],[-35.7654236,-9.6546847],[-35.7654293,-9.6547073],[-35.7654377,-9.6547316],[-35.7654469,-9.6547478],[-35.7654571,-9.6547694],[-35.7654673,-9.654791],[-35.7654829,-9.6548134],[-35.7654985,-9.6548278],[-35.7655205,-9.6548466],[-35.7655398,-9.6548627],[-35.76556,-9.6548815],[-35.7655783,-9.6548895],[-35.7656056,-9.6548956],[-35.7656284,-9.6549017],[-35.765644,-9.654907],[-35.7656549,-9.6549105],[-35.7656695,-9.6549176],[-35.7656778,-9.654932],[-35.7656807,-9.6549474],[-35.7656808,-9.6549645],[-35.7656819,-9.6549853],[-35.7656821,-9.6550106],[-35.7656823,-9.6550377],[-35.7656824,-9.6550485],[-35.7656826,-9.6550711],[-35.7656828,-9.6550991],[-35.7656958,-9.6551234],[-35.765716,-9.6551458],[-35.7657271,-9.6551647],[-35.7657436,-9.6551827],[-35.7657674,-9.6551942],[-35.7657903,-9.655213],[-35.7658067,-9.6552192],[-35.7658251,-9.6552326],[-35.7658388,-9.6552451],[-35.7658498,-9.655255],[-35.7658554,-9.655273],[-35.7658596,-9.6552835],[-35.7658629,-9.6552919],[-35.7658721,-9.6553072],[-35.7658758,-9.6553135],[-35.7658933,-9.6553414],[-35.7659108,-9.6553602],[-35.7659264,-9.6553791],[-35.7659457,-9.6554042],[-35.7659596,-9.6554249],[-35.7659706,-9.6554392],[-35.7659826,-9.6554599],[-35.7659918,-9.6554734],[-35.7660066,-9.6554941],[-35.7660087,-9.6554978],[-35.7660167,-9.6555121],[-35.7660288,-9.6555354],[-35.766038,-9.6555543],[-35.7660509,-9.6555732],[-35.7660565,-9.6555822],[-35.7660712,-9.6556074],[-35.7660887,-9.6556289],[-35.7661007,-9.6556505],[-35.7661109,-9.6556721],[-35.7661248,-9.6556955],[-35.7661323,-9.6557225],[-35.7661398,-9.6557532],[-35.7661537,-9.6557847],[-35.7661694,-9.6558099],[-35.7661842,-9.6558351],[-35.7662016,-9.6558557],[-35.7662218,-9.6558736],[-35.7662384,-9.6558942],[-35.7662549,-9.6559167],[-35.7662724,-9.6559382],[-35.7662881,-9.6559634],[-35.7663038,-9.6559877],[-35.7663131,-9.6560111],[-35.7663233,-9.6560372],[-35.7663335,-9.6560615],[-35.7663483,-9.656084],[-35.7663594,-9.6561065],[-35.7663705,-9.6561281],[-35.7663825,-9.6561533],[-35.7663928,-9.6561803],[-35.7664039,-9.6562028],[-35.7664177,-9.656228],[-35.7664325,-9.6562514],[-35.7664482,-9.6562792],[-35.7664556,-9.6562882],[-35.7664721,-9.6563098],[-35.7664887,-9.6563386],[-35.7665063,-9.6563646],[-35.7665192,-9.6563853],[-35.7665339,-9.6564096],[-35.7665469,-9.656433],[-35.7665616,-9.6564545],[-35.7665773,-9.6564815],[-35.7665921,-9.6565076],[-35.766605,-9.6565319],[-35.7666189,-9.6565589],[-35.7666328,-9.6565813],[-35.7666457,-9.6566065],[-35.7666586,-9.6566281],[-35.7666734,-9.6566524],[-35.7666836,-9.6566731],[-35.7666993,-9.6566955],[-35.7667076,-9.6567153],[-35.7667141,-9.656727],[-35.766726,-9.6567369],[-35.7667397,-9.6567467],[-35.7667489,-9.656753],[-35.7667608,-9.6567637],[-35.7667755,-9.6567762],[-35.7667902,-9.6567888],[-35.7668021,-9.656804],[-35.766816,-9.6568265],[-35.7668198,-9.6568464],[-35.7668254,-9.6568689],[-35.7668318,-9.656877],[-35.7668447,-9.6568949],[-35.7668567,-9.6569147],[-35.7668678,-9.6569327],[-35.7668835,-9.656957],[-35.7668955,-9.6569777],[-35.7669038,-9.6569938],[-35.7669122,-9.6570109],[-35.7669233,-9.6570353],[-35.7669344,-9.6570559],[-35.7669437,-9.6570766],[-35.7669511,-9.6570947],[-35.7669621,-9.6571117],[-35.7669696,-9.657127],[-35.7669806,-9.6571432],[-35.7669889,-9.6571603],[-35.7669991,-9.6571819],[-35.7670002,-9.6571964],[-35.7670012,-9.6572126],[-35.7670041,-9.6572289],[-35.7670061,-9.6572505],[-35.7670071,-9.6572686],[-35.7670072,-9.6572722],[-35.7670156,-9.6573197],[-35.7659796,-9.657724],[-35.7659719,-9.6576689],[-35.7659509,-9.657677],[-35.765645,-9.6577997],[-35.7651875,-9.6579957],[-35.7647562,-9.6581793],[-35.764344,-9.6583545],[-35.7639113,-9.6585358],[-35.7635009,-9.6587154],[-35.7633335,-9.6587912],[-35.763094,-9.6588878],[-35.7622546,-9.6592483],[-35.7622481,-9.6592511],[-35.7619075,-9.6593957],[-35.7613488,-9.6596258],[-35.7610998,-9.6597283],[-35.7609538,-9.6597927],[-35.7608947,-9.6597995],[-35.7608609,-9.659789],[-35.7608353,-9.6597747],[-35.7607488,-9.6596009],[-35.7606743,-9.659587],[-35.7604822,-9.6595824],[-35.7600441,-9.6595606],[-35.7597193,-9.65954],[-35.7593055,-9.6594953],[-35.7592416,-9.6594797],[-35.7590801,-9.6594816],[-35.7589255,-9.6594773],[-35.758912,-9.6594769],[-35.7589052,-9.6592873]]]]}},
{"type":"Feature","properties":{"ibge_code_municipio":"2704302","name":"Gruta de Lourdes","code":"2704302017"},"geometry":{"type":"MultiPolygon","coordinates":[[[[-35.7312615,-9.6155752],[-35.7313066,-9.6155699],[-35.7313198,-9.615568],[-35.7313355,-9.6155615],[-35.7313754,-9.6155681],[-35.7314074,-9.6155754],[-35.7314787,-9.6155766],[-35.7315498,-9.6155563],[-35.7316046,-9.6155278],[-35.7317301,-9.6154601],[-35.7317686,-9.6154407],[-35.7319067,-9.6153745],[-35.7320317,-9.6153147],[-35.7320734,-9.6152981],[-35.7321023,-9.6152618],[-35.7321901,-9.6151951],[-35.7322867,-9.6150996],[-35.7323384,-9.6150485],[-35.7323505,-9.6150365],[-35.7323612,-9.615026],[-35.732387,-9.6150005],[-35.7324133,-9.6149744],[-35.7325089,-9.61488],[-35.7325421,-9.6148246],[-35.7325478,-9.6147414],[-35.732569,-9.6146518],[-35.732593,-9.6145785],[-35.732609,-9.6145359],[-35.7326338,-9.6144462],[-35.7326321,-9.6143523],[-35.7326163,-9.6143036],[-35.7325913,-9.6142613],[-35.7325749,-9.6142361],[-35.7325305,-9.6141679],[-35.7325029,-9.6141292],[-35.732468,-9.6140863],[-35.7324538,-9.6140661],[-35.7324394,-9.6140457],[-35.7323933,-9.613972],[-35.7323692,-9.6139207],[-35.7323422,-9.6138459],[-35.7323074,-9.6137125],[-35.7322989,-9.6136673],[-35.7322912,-9.6136195],[-35.73226,-9.6134707],[-35.7322403,-9.6134031],[-35.7321979,-9.6133384],[-35.7321493,-9.6132954],[-35.7321018,-9.6132741],[-35.732038,-9.6132664],[-35.7319623,-9.6132472],[-35.7318818,-9.6132035],[-35.7318469,-9.6131668],[-35.7318147,-9.6131273],[-35.7317724,-9.6130625],[-35.73171,-9.6130097],[-35.7316223,-9.6129725],[-35.731491,-9.6129473],[-35.7314134,-9.6129163],[-35.7313784,-9.6128732],[-35.7313517,-9.6128364],[-35.7312956,-9.6127654],[-35.7312688,-9.6127142],[-35.7312207,-9.6125987],[-35.7312314,-9.6125854],[-35.7312537,-9.6125465],[-35.7312898,-9.6125033],[-35.7313258,-9.6124718],[-35.7313527,-9.6124595],[-35.7313896,-9.612444],[-35.7314318,-9.6124341],[-35.7314777,-9.6124216],[-35.7315636,-9.612394],[-35.7316066,-9.612379],[-35.7316484,-9.6123606],[-35.7316873,-9.6123377],[-35.7317208,-9.6123067],[-35.7317432,-9.6122704],[-35.7317492,-9.6122261],[-35.7317425,-9.6121837],[-35.7317195,-9.612145],[-35.7316901,-9.6121118],[-35.7316534,-9.6120841],[-35.7316177,-9.6120573],[-35.7316165,-9.6120175],[-35.7316289,-9.6119741],[-35.7316468,-9.6119333],[-35.7316655,-9.6118915],[-35.7316852,-9.6118507],[-35.7316985,-9.6118082],[-35.73171,-9.6117638],[-35.7317188,-9.6117195],[-35.7317275,-9.6116751],[-35.7317335,-9.6116308],[-35.7317396,-9.6115856],[-35.7317437,-9.6115413],[-35.7317479,-9.6114961],[-35.7317576,-9.6114517],[-35.7317691,-9.6114083],[-35.731779,-9.6113858],[-35.7317897,-9.6113683],[-35.7318192,-9.6113169],[-35.7318346,-9.6112894],[-35.731857,-9.6112504],[-35.7318786,-9.6112104],[-35.73188,-9.6111661],[-35.7318769,-9.611121],[-35.7318412,-9.6110942],[-35.7318046,-9.6110674],[-35.7317697,-9.6110378],[-35.7317349,-9.6110083],[-35.7316733,-9.6109418],[-35.7316718,-9.6109404],[-35.7316633,-9.610932],[-35.7316325,-9.6108888],[-35.7316182,-9.6108683],[-35.7315942,-9.6108296],[-35.731572,-9.61079],[-35.7315526,-9.6107495],[-35.7315331,-9.6107081],[-35.7315137,-9.6106676],[-35.7314951,-9.6106262],[-35.7314766,-9.6105848],[-35.7314617,-9.6105424],[-35.7314468,-9.6104992],[-35.7314319,-9.6104568],[-35.731417,-9.6104145],[-35.7313881,-9.6103289],[-35.7313713,-9.6102865],[-35.7313294,-9.6102066],[-35.7313085,-9.6101669],[-35.731289,-9.6101255],[-35.7312796,-9.6100813],[-35.731271,-9.6100371],[-35.7312694,-9.6099464],[-35.7312708,-9.6099024],[-35.7312847,-9.6098129],[-35.7312959,-9.6097649],[-35.7313013,-9.6097242],[-35.7312964,-9.6096795],[-35.731286,-9.6096367],[-35.7312629,-9.609598],[-35.7312335,-9.6095648],[-35.7311933,-9.6095435],[-35.7311513,-9.609532],[-35.7311058,-9.609536],[-35.7310622,-9.6095445],[-35.7310186,-9.6095602],[-35.730976,-9.609575],[-35.7309332,-9.6095744],[-35.7308894,-9.6095603],[-35.7308537,-9.6095353],[-35.7308224,-9.609503],[-35.7307994,-9.6094644],[-35.7307808,-9.6094229],[-35.7307732,-9.6093787],[-35.730771,-9.6093336],[-35.7307816,-9.609291],[-35.7307976,-9.6092484],[-35.7308078,-9.6092441],[-35.7308348,-9.6092328],[-35.7308527,-9.6092305],[-35.7308803,-9.609227],[-35.7309249,-9.6092266],[-35.7309705,-9.6092272],[-35.731016,-9.6092286],[-35.7310476,-9.6092004],[-35.7310765,-9.6091649],[-35.7310743,-9.6091216],[-35.7310667,-9.6090773],[-35.7310481,-9.6090359],[-35.7310287,-9.6089954],[-35.7310174,-9.6089512],[-35.7310061,-9.608908],[-35.7310067,-9.6088628],[-35.7310081,-9.6088176],[-35.7310357,-9.6087315],[-35.7310572,-9.6086916],[-35.7310796,-9.6086517],[-35.7311355,-9.6085817],[-35.731169,-9.6085507],[-35.7312051,-9.6085224],[-35.7312413,-9.6084959],[-35.731284,-9.6084802],[-35.7313267,-9.6084645],[-35.7313722,-9.6084633],[-35.7314177,-9.6084611],[-35.731452,-9.608431],[-35.7314855,-9.6084009],[-35.7315079,-9.6083619],[-35.7315304,-9.608322],[-35.7315528,-9.6082829],[-35.7316023,-9.6082076],[-35.7316247,-9.6081685],[-35.7316302,-9.6081276],[-35.7316331,-9.608079],[-35.7316174,-9.6080372],[-35.7315879,-9.6080045],[-35.7315549,-9.607973],[-35.7315119,-9.6079562],[-35.7314699,-9.6079403],[-35.731427,-9.6079234],[-35.7313895,-9.607902],[-35.7313683,-9.6078625],[-35.7313689,-9.6078281],[-35.7314069,-9.6078034],[-35.7314478,-9.6077877],[-35.7314933,-9.6077838],[-35.7315388,-9.6077798],[-35.7315814,-9.6077677],[-35.7316204,-9.6077439],[-35.7316557,-9.6077165],[-35.7317152,-9.6076483],[-35.7317748,-9.6075792],[-35.7317954,-9.6075411],[-35.731805,-9.6074967],[-35.731792,-9.6074598],[-35.731759,-9.6074284],[-35.731717,-9.6074152],[-35.7316723,-9.6074083],[-35.7316294,-9.6073942],[-35.7316191,-9.6073563],[-35.7316197,-9.6073111],[-35.7316531,-9.6072838],[-35.7316912,-9.6072582],[-35.7317302,-9.6072407],[-35.7317746,-9.6072223],[-35.7318164,-9.6072048],[-35.7318452,-9.6071702],[-35.7318732,-9.6071348],[-35.7318737,-9.6070905],[-35.7318706,-9.6070453],[-35.7318572,-9.606956],[-35.731857,-9.6068205],[-35.7318576,-9.6067727],[-35.7318581,-9.6067301],[-35.7318604,-9.6066849],[-35.7318604,-9.6066488],[-35.7318597,-9.6066005],[-35.7318593,-9.6065471],[-35.7318468,-9.6064601],[-35.7318242,-9.6063726],[-35.7318157,-9.6063284],[-35.7318072,-9.6062842],[-35.7318003,-9.6061943],[-35.7318148,-9.6061043],[-35.7318464,-9.6060725],[-35.7318753,-9.6060379],[-35.7318749,-9.6059954],[-35.7318365,-9.6059704],[-35.7317981,-9.6059464],[-35.7317176,-9.6059045],[-35.7316891,-9.6058704],[-35.7316779,-9.6058271],[-35.7316839,-9.6057882],[-35.7317155,-9.6057564],[-35.7317526,-9.6057317],[-35.7317916,-9.6057097],[-35.7318251,-9.6056787],[-35.7318466,-9.6056415],[-35.7318599,-9.605598],[-35.7318632,-9.6055537],[-35.7318601,-9.6055086],[-35.7318516,-9.6054644],[-35.7318263,-9.6053778],[-35.7318159,-9.6053336],[-35.7318128,-9.6052885],[-35.7318143,-9.6052433],[-35.7318478,-9.6052204],[-35.7318895,-9.6052039],[-35.731935,-9.6052008],[-35.7319805,-9.6052004],[-35.732026,-9.6051992],[-35.7320716,-9.6051988],[-35.7320903,-9.605158],[-35.7321082,-9.6051172],[-35.7321042,-9.6050721],[-35.7320993,-9.6050269],[-35.732088,-9.6049836],[-35.7320804,-9.6049394],[-35.7320992,-9.6048986],[-35.7321262,-9.6048659],[-35.7321681,-9.6048592],[-35.7322092,-9.6048779],[-35.7322422,-9.6049065],[-35.732268,-9.6049434],[-35.7322938,-9.6049811],[-35.7323205,-9.605017],[-35.7323544,-9.6050457],[-35.7323937,-9.6050689],[-35.7324366,-9.6050803],[-35.7324821,-9.6050844],[-35.7325276,-9.6050823],[-35.7325731,-9.6050774],[-35.7326158,-9.6050644],[-35.7326584,-9.6050469],[-35.7326993,-9.6050276],[-35.7327799,-9.6049854],[-35.7328152,-9.604958],[-35.7328487,-9.6049279],[-35.732883,-9.6048969],[-35.7328905,-9.6048724],[-35.7328954,-9.6048562],[-35.7329005,-9.6048119],[-35.7328757,-9.604775],[-35.7328481,-9.6047391],[-35.7328441,-9.604694],[-35.7328437,-9.6046506],[-35.7329087,-9.6045317],[-35.7329532,-9.6044519],[-35.7329784,-9.6044155],[-35.7330183,-9.6043944],[-35.7330582,-9.6043733],[-35.7330999,-9.6043549],[-35.7331151,-9.604353],[-35.7331764,-9.6043446],[-35.7334514,-9.6045782],[-35.733578,-9.6046972],[-35.733671,-9.6046459],[-35.7341908,-9.6050519],[-35.7344675,-9.6052726],[-35.7348289,-9.6055813],[-35.7356846,-9.6063269],[-35.737677,-9.6080142],[-35.7390966,-9.609199],[-35.7400309,-9.6099635],[-35.7401575,-9.6101084],[-35.7402132,-9.6101821],[-35.74025,-9.6102307],[-35.7402843,-9.6102584],[-35.7405038,-9.6104347],[-35.7413435,-9.6111093],[-35.7418269,-9.6114976],[-35.741786,-9.6116181],[-35.7417865,-9.6116723],[-35.7418406,-9.611727],[-35.7419083,-9.6117608],[-35.7419603,-9.6117793],[-35.7419958,-9.6117836],[-35.7420369,-9.6117896],[-35.7420843,-9.6118009],[-35.7421181,-9.6118142],[-35.742203,-9.6118416],[-35.7422586,-9.611851],[-35.7423587,-9.6118521],[-35.7424506,-9.611845],[-35.7425453,-9.6118497],[-35.7426184,-9.6118726],[-35.7426604,-9.6118903],[-35.742707,-9.6119189],[-35.7427345,-9.6119421],[-35.7427704,-9.6119834],[-35.7428355,-9.6120784],[-35.7428929,-9.6121622],[-35.7429232,-9.6121954],[-35.7429784,-9.6122673],[-35.7430308,-9.6124385],[-35.7430873,-9.6125618],[-35.7431426,-9.6126445],[-35.7431558,-9.6126968],[-35.7431573,-9.6127691],[-35.7432338,-9.6127784],[-35.7432957,-9.6127815],[-35.7432896,-9.6128159],[-35.7433195,-9.6129015],[-35.7433389,-9.612942],[-35.7433986,-9.6131132],[-35.7434144,-9.6131547],[-35.7434056,-9.613199],[-35.7433562,-9.6132753],[-35.7433405,-9.6133639],[-35.7433281,-9.6134074],[-35.7433279,-9.6134978],[-35.7433356,-9.613542],[-35.7433523,-9.6135843],[-35.7434183,-9.613647],[-35.743455,-9.6136738],[-35.7435354,-9.6137148],[-35.7435834,-9.6137912],[-35.7435992,-9.6138335],[-35.7436435,-9.6139118],[-35.7437069,-9.6139763],[-35.7437372,-9.6140095],[-35.7437779,-9.6140905],[-35.7438059,-9.6141761],[-35.7438184,-9.6142048],[-35.7438434,-9.6142528],[-35.7438679,-9.6142958],[-35.7438891,-9.6143354],[-35.7439531,-9.6144857],[-35.7439916,-9.6146318],[-35.7439925,-9.6147402],[-35.7439984,-9.6147971],[-35.743987,-9.6148433],[-35.7439855,-9.6148893],[-35.7439804,-9.6149337],[-35.7439679,-9.6149582],[-35.7439589,-9.6149745],[-35.7439264,-9.6150073],[-35.7439204,-9.6150525],[-35.7439417,-9.615093],[-35.7439284,-9.6151392],[-35.7439041,-9.6151782],[-35.7439181,-9.6152233],[-35.743924,-9.6152702],[-35.7439198,-9.6153154],[-35.7439028,-9.6153607],[-35.7438896,-9.6154096],[-35.7438755,-9.6154648],[-35.7438558,-9.6155111],[-35.7438489,-9.6155581],[-35.7438484,-9.6156051],[-35.7438588,-9.6156502],[-35.7438719,-9.6157016],[-35.7438741,-9.6157476],[-35.7438736,-9.6157946],[-35.7438694,-9.6158416],[-35.7438507,-9.6158915],[-35.7438273,-9.6159314],[-35.7437967,-9.6159669],[-35.7437596,-9.615997],[-35.7437399,-9.6160396],[-35.7437503,-9.6160865],[-35.7437535,-9.6161434],[-35.7437356,-9.6161869],[-35.7437123,-9.6162296],[-35.7437092,-9.6163019],[-35.7437196,-9.6163479],[-35.7437218,-9.616393],[-35.7437021,-9.6164357],[-35.7436742,-9.6164747],[-35.7436527,-9.6165147],[-35.7436302,-9.6165537],[-35.7435977,-9.6165874],[-35.7435579,-9.6166103],[-35.7435115,-9.6166152],[-35.7434679,-9.6166291],[-35.7434252,-9.6166466],[-35.7433791,-9.6166849],[-35.743353,-9.6167239],[-35.7433288,-9.616763],[-35.743281,-9.6168221],[-35.7432595,-9.6168638],[-35.7432344,-9.6169128],[-35.7432019,-9.6169483],[-35.743164,-9.6169893],[-35.7431288,-9.6170284],[-35.7431064,-9.6170683],[-35.7431113,-9.6171162],[-35.7431389,-9.6171521],[-35.7431384,-9.6171982],[-35.7431024,-9.6172545],[-35.7430671,-9.6172837],[-35.7430089,-9.617285],[-35.7429625,-9.617289],[-35.7429181,-9.6173129],[-35.7428792,-9.6173439],[-35.7428494,-9.6173794],[-35.742827,-9.617422],[-35.7428045,-9.617461],[-35.7427895,-9.6175117],[-35.742768,-9.6175526],[-35.7427391,-9.617588],[-35.742703,-9.6176227],[-35.7426776,-9.6176328],[-35.7426431,-9.6176466],[-35.7425977,-9.6176633],[-35.7425578,-9.6176889],[-35.7425154,-9.6177353],[-35.7424756,-9.6177591],[-35.7424348,-9.6177865],[-35.7424005,-9.6178184],[-35.7423634,-9.6178458],[-35.7423254,-9.6178804],[-35.7422874,-9.6179079],[-35.7422348,-9.6179372],[-35.7421987,-9.6179736],[-35.7421598,-9.6180037],[-35.7421127,-9.6180384],[-35.7420766,-9.6180676],[-35.7420385,-9.6180941],[-35.7420033,-9.6181278],[-35.7419672,-9.6181643],[-35.7419411,-9.6182042],[-35.741915,-9.6182433],[-35.7418816,-9.6182752],[-35.7418281,-9.6183045],[-35.7417984,-9.6183409],[-35.7417878,-9.618388],[-35.7417665,-9.6184496],[-35.7417504,-9.6184922],[-35.7417398,-9.6185365],[-35.741753,-9.6185924],[-35.7417743,-9.6186356],[-35.7417965,-9.6186752],[-35.7418571,-9.6187362],[-35.7418847,-9.6187721],[-35.7419241,-9.6188097],[-35.7419563,-9.6188429],[-35.7419839,-9.6188833],[-35.7420061,-9.618931],[-35.7420293,-9.618976],[-35.742046,-9.6190184],[-35.7420731,-9.6191004],[-35.7420871,-9.6191454],[-35.7421029,-9.6191887],[-35.7421343,-9.6192489],[-35.7421402,-9.6192968],[-35.7421379,-9.6193465],[-35.7421256,-9.6194126],[-35.7421096,-9.619456],[-35.7420872,-9.6194978],[-35.7420465,-9.6195306],[-35.7420057,-9.6195499],[-35.7419969,-9.6195952],[-35.7419748,-9.6196731],[-35.741977,-9.61972],[-35.7419783,-9.6197661],[-35.7420008,-9.619849],[-35.7420203,-9.619895],[-35.7420343,-9.6199382],[-35.7420439,-9.6199996],[-35.7420534,-9.6200465],[-35.7420675,-9.6200988],[-35.7420888,-9.6201456],[-35.7421092,-9.6201897],[-35.7421368,-9.6202265],[-35.7421806,-9.620246],[-35.7422262,-9.6202511],[-35.7422752,-9.620251],[-35.7423937,-9.6202507],[-35.7424492,-9.6202502],[-35.7424975,-9.6202517],[-35.7425439,-9.6202549],[-35.7426288,-9.6202831],[-35.7426736,-9.6203],[-35.7426991,-9.620307],[-35.7427703,-9.6203218],[-35.7428414,-9.6203302],[-35.7429115,-9.6203324],[-35.7429689,-9.6203356],[-35.743019,-9.6203505],[-35.7431304,-9.6203803],[-35.7432408,-9.6204129],[-35.7432785,-9.6204632],[-35.7433272,-9.6205143],[-35.743393,-9.6205535],[-35.7434306,-9.620584],[-35.7435048,-9.6206403],[-35.7436279,-9.6206619],[-35.7437402,-9.620699],[-35.7438299,-9.6207579],[-35.7438703,-9.6208036],[-35.7439127,-9.6208729],[-35.7439598,-9.6209475],[-35.7440175,-9.6209895],[-35.7441367,-9.6209813],[-35.7441786,-9.6209891],[-35.7442353,-9.6210185],[-35.7442892,-9.621047],[-35.7443557,-9.6210491],[-35.7444549,-9.6210438],[-35.7446126,-9.6210616],[-35.7446701,-9.6210801],[-35.7447285,-9.6211067],[-35.7447934,-9.6211324],[-35.7448281,-9.6211511],[-35.7448857,-9.6211814],[-35.7449516,-9.6212152],[-35.7450441,-9.6212831],[-35.7451135,-9.6213106],[-35.7451444,-9.6213031],[-35.7451788,-9.6212874],[-35.7452323,-9.6212527],[-35.745276,-9.6212541],[-35.744592,-9.6225696],[-35.7444954,-9.6225605],[-35.7443999,-9.6224582],[-35.7443623,-9.622426],[-35.7443301,-9.622391],[-35.7442791,-9.6223869],[-35.7441798,-9.6223723],[-35.7441274,-9.6223086],[-35.7440113,-9.6222499],[-35.7439644,-9.6221997],[-35.7438393,-9.6221465],[-35.7437872,-9.6221207],[-35.7437475,-9.6220532],[-35.7437044,-9.6220238],[-35.7436192,-9.6219476],[-35.7435879,-9.6219127],[-35.7434568,-9.6218665],[-35.7432891,-9.6227755],[-35.7430726,-9.6240869],[-35.7423661,-9.6234872],[-35.7410789,-9.6224566],[-35.7404308,-9.6219377],[-35.7399935,-9.6220033],[-35.7389981,-9.6221526],[-35.7389535,-9.6221593],[-35.7389077,-9.6221661],[-35.7388595,-9.6221733],[-35.7388282,-9.6224423],[-35.7386211,-9.6242233],[-35.7385622,-9.6245971],[-35.7383176,-9.6258769],[-35.7381315,-9.6267355],[-35.7381092,-9.6269141],[-35.7381009,-9.6269538],[-35.7380689,-9.6271046],[-35.7380185,-9.6274036],[-35.7380125,-9.6274758],[-35.7380006,-9.6275459],[-35.7378146,-9.6284151],[-35.7377975,-9.628498],[-35.7376699,-9.6291115],[-35.7372306,-9.6313237],[-35.7371869,-9.6313092],[-35.7370816,-9.6312804],[-35.7367814,-9.6311626],[-35.7364692,-9.6310394],[-35.7360085,-9.6308566],[-35.7351364,-9.6305024],[-35.7345017,-9.6302536],[-35.7343756,-9.6302021],[-35.7342183,-9.6301019],[-35.7339814,-9.6299767],[-35.7337856,-9.6298617],[-35.7333792,-9.6296659],[-35.7333196,-9.6296503],[-35.7331187,-9.6295697],[-35.7329622,-9.6294734],[-35.7329256,-9.6294457],[-35.7329191,-9.6294403],[-35.7328907,-9.6294143],[-35.7328559,-9.6293848],[-35.7328156,-9.6293517],[-35.7327753,-9.6293303],[-35.7327315,-9.6293189],[-35.7327221,-9.6293153],[-35.7326749,-9.6292995],[-35.7326448,-9.6292907],[-35.7326021,-9.6292814],[-35.7325605,-9.629299],[-35.7325185,-9.6293171],[-35.7324769,-9.6293349],[-35.7324361,-9.6293522],[-35.7323951,-9.6293731],[-35.7323569,-9.629401],[-35.7323239,-9.6294301],[-35.7322911,-9.6294606],[-35.7322632,-9.629497],[-35.7322128,-9.6295715],[-35.7321949,-9.6295978],[-35.7321477,-9.6296325],[-35.7321242,-9.6296499],[-35.7321088,-9.6296572],[-35.7320226,-9.6297004],[-35.7319409,-9.6297254],[-35.7318556,-9.6297568],[-35.7318157,-9.6297779],[-35.7317405,-9.6298291],[-35.7317219,-9.6298337],[-35.7315997,-9.6298609],[-35.7314633,-9.6298819],[-35.7313824,-9.6297922],[-35.7313109,-9.6297268],[-35.7312053,-9.6297276],[-35.7311588,-9.6297244],[-35.7311086,-9.6297139],[-35.7310612,-9.6297017],[-35.7309734,-9.6296545],[-35.7309338,-9.6296259],[-35.7308751,-9.6295459],[-35.7308458,-9.6295116],[-35.7307108,-9.6294903],[-35.7306619,-9.6294889],[-35.7305948,-9.6294981],[-35.7305244,-9.6294992],[-35.7304343,-9.6295081],[-35.7303932,-9.6295127],[-35.7302882,-9.6295786],[-35.7302365,-9.6296034],[-35.7302085,-9.6296343],[-35.7302516,-9.6295572],[-35.7302145,-9.6294816],[-35.7302145,-9.6293605],[-35.7301589,-9.6292471],[-35.7300697,-9.6291276],[-35.7299283,-9.6289806],[-35.7298823,-9.6289249],[-35.729847,-9.6288822],[-35.7297554,-9.6287714],[-35.7296596,-9.6286303],[-35.7296068,-9.6285205],[-35.7295571,-9.628445],[-35.7295175,-9.628392],[-35.7294682,-9.6283735],[-35.7294025,-9.6283586],[-35.7292837,-9.6282999],[-35.7292281,-9.6282622],[-35.7290618,-9.6282927],[-35.7289609,-9.6283148],[-35.72883,-9.628299],[-35.728729,-9.6282454],[-35.728617,-9.6282154],[-35.7285066,-9.6282186],[-35.7283463,-9.6283642],[-35.7283015,-9.6284554],[-35.7282745,-9.6285669],[-35.7276668,-9.6285101],[-35.727579,-9.6284105],[-35.727508,-9.628304],[-35.7274742,-9.6281588],[-35.7274185,-9.6280878],[-35.7273729,-9.6279932],[-35.7274151,-9.6279071],[-35.7274303,-9.6278243],[-35.7274084,-9.6277449],[-35.7274354,-9.6276588],[-35.7274894,-9.6275287],[-35.7275519,-9.6274679],[-35.7275773,-9.6273885],[-35.7275367,-9.6272956],[-35.7274678,-9.6272238],[-35.7274692,-9.6271686],[-35.7274727,-9.6271606],[-35.7274951,-9.6271097],[-35.7274961,-9.6270094],[-35.7274812,-9.6269607],[-35.7274734,-9.6269084],[-35.727474,-9.6268623],[-35.7274513,-9.6267613],[-35.7274446,-9.6267135],[-35.7274615,-9.6266709],[-35.7274092,-9.626618],[-35.7273327,-9.626615],[-35.7272862,-9.6266045],[-35.7272343,-9.626604],[-35.7271886,-9.626589],[-35.7271412,-9.6265821],[-35.7270921,-9.6265789],[-35.7270548,-9.6265589],[-35.7269952,-9.626539],[-35.7269516,-9.6265177],[-35.7269022,-9.6265137],[-35.7268788,-9.6264756],[-35.7268515,-9.626438],[-35.7268306,-9.626393],[-35.7268189,-9.6263479],[-35.7268057,-9.6263288],[-35.7267666,-9.6263015],[-35.72673,-9.6262719],[-35.7266851,-9.6262505],[-35.7266378,-9.6262491],[-35.7266166,-9.6262059],[-35.7266272,-9.6261495],[-35.7266423,-9.6260962],[-35.7266423,-9.6260007],[-35.7266598,-9.6259566],[-35.7266729,-9.62591],[-35.7266753,-9.6258651],[-35.7266764,-9.6258341],[-35.7266979,-9.6257951],[-35.7267268,-9.6257605],[-35.7267565,-9.625725],[-35.7267863,-9.6256914],[-35.7268161,-9.6256577],[-35.7268395,-9.6256205],[-35.7268555,-9.6255779],[-35.7268633,-9.6255336],[-35.7268721,-9.6254892],[-35.7268744,-9.6254341],[-35.7268785,-9.6253771],[-35.7269026,-9.6253245],[-35.7269044,-9.6253128],[-35.7269168,-9.6252693],[-35.7269292,-9.6252258],[-35.7269314,-9.6252017],[-35.7269503,-9.625138],[-35.7269737,-9.6251026],[-35.7270127,-9.6250806],[-35.7270563,-9.6250676],[-35.7272013,-9.6249924],[-35.7272401,-9.6249424],[-35.7272561,-9.6249007],[-35.7272603,-9.6248564],[-35.7272572,-9.6248112],[-35.7272432,-9.6247689],[-35.7271858,-9.6246465],[-35.7271549,-9.6246136],[-35.7271216,-9.6245828],[-35.7270814,-9.6245651],[-35.7270383,-9.6245487],[-35.7269982,-9.6245296],[-35.726967,-9.6245027],[-35.7269495,-9.6244676],[-35.7269633,-9.624451],[-35.7269554,-9.6244134],[-35.7269614,-9.6243682],[-35.7270175,-9.6242257],[-35.7270774,-9.6240736],[-35.7270971,-9.624024],[-35.727114,-9.6239821],[-35.7271824,-9.6238525],[-35.7272212,-9.6237934],[-35.7272687,-9.6237641],[-35.7272861,-9.6237585],[-35.7272972,-9.6237575],[-35.7273251,-9.6237646],[-35.7273612,-9.6237687],[-35.7274082,-9.6237764],[-35.7274532,-9.6237817],[-35.7274802,-9.6237763],[-35.7275282,-9.6237424],[-35.7275485,-9.6237275],[-35.7276157,-9.623666],[-35.7276397,-9.6236342],[-35.7276655,-9.6236078],[-35.7276862,-9.6235965],[-35.7277066,-9.6235852],[-35.727741,-9.6235522],[-35.7277695,-9.623519],[-35.7277966,-9.6234813],[-35.727816,-9.6234397],[-35.7278315,-9.6233919],[-35.7278373,-9.6233655],[-35.7278418,-9.623344],[-35.7278559,-9.6232997],[-35.7278738,-9.6232581],[-35.7278863,-9.623214],[-35.7278887,-9.6231923],[-35.7278865,-9.6231444],[-35.7278755,-9.6231031],[-35.7278669,-9.6230785],[-35.7278541,-9.6230493],[-35.7278321,-9.622991],[-35.7278242,-9.6229483],[-35.7278204,-9.6229081],[-35.7278215,-9.6228985],[-35.7278332,-9.6228568],[-35.7278513,-9.6228187],[-35.7278652,-9.622767],[-35.7278919,-9.6227284],[-35.7279072,-9.6227054],[-35.7279203,-9.6226857],[-35.7279319,-9.6226546],[-35.7279407,-9.6226324],[-35.7279451,-9.6226135],[-35.7279505,-9.6225902],[-35.7279611,-9.6225551],[-35.7279635,-9.6225046],[-35.7279773,-9.6224577],[-35.7279944,-9.6224241],[-35.7280116,-9.6224012],[-35.7280136,-9.6223985],[-35.728042,-9.6223625],[-35.7280485,-9.6223535],[-35.7280598,-9.6223377],[-35.7280891,-9.6223043],[-35.7281204,-9.622265],[-35.7281618,-9.6222244],[-35.7281856,-9.6221875],[-35.7281993,-9.6221703],[-35.7282137,-9.6221532],[-35.728238,-9.6221312],[-35.7282457,-9.6221131],[-35.728273,-9.622075],[-35.7282774,-9.62203],[-35.7282763,-9.6220097],[-35.7282759,-9.621962],[-35.7282802,-9.6219258],[-35.7282789,-9.6218802],[-35.7282822,-9.6217936],[-35.7282833,-9.6217583],[-35.7282873,-9.6217448],[-35.7282966,-9.6217121],[-35.7283155,-9.6216786],[-35.7283499,-9.621642],[-35.7283594,-9.6216291],[-35.7283637,-9.6216236],[-35.7283794,-9.6216055],[-35.7283997,-9.6215649],[-35.7284304,-9.6215299],[-35.7284716,-9.6214733],[-35.7284962,-9.6214407],[-35.7285176,-9.6214084],[-35.7285283,-9.6213912],[-35.7285464,-9.6213609],[-35.7286067,-9.6212865],[-35.7286325,-9.6212426],[-35.7286558,-9.621197],[-35.7286691,-9.621164],[-35.7286835,-9.6210936],[-35.7286865,-9.6210555],[-35.7286871,-9.6210029],[-35.7286883,-9.6209653],[-35.7286894,-9.6209466],[-35.7287,-9.6208922],[-35.7287225,-9.6208414],[-35.7287341,-9.6208116],[-35.7287482,-9.6207656],[-35.7287718,-9.6207088],[-35.7287916,-9.6206566],[-35.7288165,-9.6205755],[-35.7288213,-9.6205008],[-35.7288154,-9.620445],[-35.7288099,-9.6204413],[-35.7288016,-9.6203971],[-35.7287711,-9.6203632],[-35.7287353,-9.6203326],[-35.7287259,-9.6203234],[-35.7287021,-9.6203004],[-35.7286894,-9.6202918],[-35.7286745,-9.6202464],[-35.7286767,-9.6201939],[-35.7287009,-9.6201359],[-35.7287207,-9.6200951],[-35.7287303,-9.6200788],[-35.7287557,-9.620032],[-35.7287592,-9.6200179],[-35.7287593,-9.6200018],[-35.7287598,-9.6199719],[-35.7287534,-9.6199364],[-35.7287482,-9.6198925],[-35.7287371,-9.6198421],[-35.7287289,-9.6197929],[-35.7287248,-9.6197451],[-35.7287075,-9.6196961],[-35.728697,-9.6196426],[-35.7286947,-9.6195832],[-35.7286963,-9.6195297],[-35.7286939,-9.6194827],[-35.7286962,-9.6194531],[-35.7287134,-9.6194044],[-35.7287218,-9.6193428],[-35.7287279,-9.6193187],[-35.7287592,-9.6192756],[-35.7287872,-9.6192597],[-35.7288276,-9.6192433],[-35.7288796,-9.6192114],[-35.728949,-9.6191539],[-35.7289533,-9.6191493],[-35.7289915,-9.619108],[-35.7290085,-9.619093],[-35.7290209,-9.6190818],[-35.7290482,-9.6190352],[-35.729057,-9.6189934],[-35.7290611,-9.6189425],[-35.7290625,-9.618882],[-35.7290621,-9.6188537],[-35.7290774,-9.6188101],[-35.7290989,-9.6187819],[-35.7291199,-9.6187646],[-35.7291759,-9.6187481],[-35.7292096,-9.6187307],[-35.729228,-9.6187148],[-35.7292521,-9.6186882],[-35.7292535,-9.6186525],[-35.7292505,-9.618632],[-35.7292466,-9.6186078],[-35.729244,-9.6185619],[-35.7292369,-9.6185351],[-35.7292305,-9.6185088],[-35.729191,-9.6184017],[-35.7291815,-9.6183743],[-35.7291779,-9.6183269],[-35.7291806,-9.6182765],[-35.7291819,-9.6182357],[-35.7291851,-9.6181862],[-35.7291957,-9.6181443],[-35.7292199,-9.618099],[-35.7292499,-9.6180634],[-35.7292776,-9.6180235],[-35.7293073,-9.6179862],[-35.729338,-9.6179518],[-35.7293414,-9.617947],[-35.7293641,-9.6179117],[-35.729368,-9.6178895],[-35.7293721,-9.6178655],[-35.7293751,-9.6178232],[-35.7293713,-9.6177775],[-35.7293572,-9.6177329],[-35.7293359,-9.6176933],[-35.7293264,-9.6176428],[-35.7293352,-9.617602],[-35.7293478,-9.6175793],[-35.7293621,-9.6175503],[-35.7293746,-9.6175222],[-35.7294119,-9.6175093],[-35.7294492,-9.6175143],[-35.7294976,-9.6175173],[-35.7295093,-9.6175175],[-35.7295514,-9.617538],[-35.7295939,-9.6175619],[-35.7296318,-9.6175816],[-35.7296683,-9.6175895],[-35.7297148,-9.6175936],[-35.7297757,-9.6175823],[-35.7298196,-9.617568],[-35.7298693,-9.6175553],[-35.7299117,-9.6175366],[-35.7299527,-9.6175158],[-35.7299898,-9.6174884],[-35.7300187,-9.617453],[-35.7300274,-9.6174068],[-35.7300125,-9.6173636],[-35.7299926,-9.6173241],[-35.7299772,-9.6172798],[-35.7299723,-9.6172302],[-35.7299865,-9.6171849],[-35.730018,-9.6171485],[-35.730056,-9.6171175],[-35.730086,-9.617101],[-35.730098,-9.6170944],[-35.7301403,-9.6170725],[-35.7302211,-9.6170457],[-35.7302682,-9.6170316],[-35.7303147,-9.6170215],[-35.7303574,-9.6170049],[-35.7304037,-9.6169919],[-35.7304512,-9.6169806],[-35.7304973,-9.6169676],[-35.7305181,-9.6169575],[-35.730558,-9.6169178],[-35.7305904,-9.616882],[-35.7306201,-9.6168447],[-35.7306523,-9.6168122],[-35.7306878,-9.6167737],[-35.730713,-9.616731],[-35.7307337,-9.6166916],[-35.7307496,-9.6166449],[-35.7307547,-9.6165997],[-35.7307298,-9.6165583],[-35.7306931,-9.6165306],[-35.7306601,-9.6164992],[-35.7306361,-9.6164579],[-35.7306073,-9.6164197],[-35.7305782,-9.6163851],[-35.7305393,-9.6163014],[-35.7305343,-9.6162536],[-35.7305432,-9.61623],[-35.7305547,-9.6161829],[-35.7305569,-9.6161673],[-35.7305589,-9.6161341],[-35.7305831,-9.6160933],[-35.7306162,-9.6160633],[-35.7306564,-9.6160349],[-35.730699,-9.6160137],[-35.7307417,-9.6159971],[-35.7307871,-9.6159877],[-35.7308743,-9.6159599],[-35.7308939,-9.6159245],[-35.7309345,-9.6158574],[-35.7309514,-9.6158148],[-35.7309784,-9.6157694],[-35.7310343,-9.6156964],[-35.7310703,-9.6156593],[-35.7311084,-9.615631],[-35.7311489,-9.6156105],[-35.7312418,-9.6155776],[-35.7312615,-9.6155752]]]]}},
{"type":"Feature","properties":{"ibge_code_municipio":"2704302","name":"Bom Parto","code":"2704302005"},"geometry":{"type":"MultiPolygon","coordinates":[[[[-35.7410753,-9.6541549],[-35.7409834,-9.6541072],[-35.7408925,-9.6540705],[-35.740636,-9.6539321],[-35.7405953,-9.6539125],[-35.74041,-9.6538314],[-35.7402273,-9.6537446],[-35.7401418,-9.6536843],[-35.7400636,-9.6536388],[-35.7399923,-9.6536102],[-35.7399381,-9.6535956],[-35.7396245,-9.6534217],[-35.7395306,-9.6533871],[-35.7393793,-9.6533484],[-35.7391388,-9.6533343],[-35.7389439,-9.6533497],[-35.738719,-9.6533675],[-35.7383837,-9.6533951],[-35.7382208,-9.6533846],[-35.7380551,-9.6533499],[-35.7379307,-9.6532981],[-35.7378511,-9.6532472],[-35.7377072,-9.6531246],[-35.7375813,-9.6529717],[-35.7375128,-9.6528849],[-35.7375116,-9.6528833],[-35.7375011,-9.6528701],[-35.7375355,-9.6528377],[-35.7375714,-9.6528057],[-35.7375986,-9.6527798],[-35.7375792,-9.6527101],[-35.7375673,-9.6526528],[-35.7375632,-9.652598],[-35.737557,-9.6525051],[-35.7377916,-9.6524263],[-35.7381996,-9.6523147],[-35.7382612,-9.6522935],[-35.7384139,-9.6522435],[-35.7384901,-9.6522437],[-35.7385114,-9.6522489],[-35.738575,-9.6522734],[-35.7386376,-9.6523194],[-35.7388191,-9.6524481],[-35.7389895,-9.6525431],[-35.7392022,-9.6526412],[-35.7393847,-9.6527361],[-35.7393983,-9.6527426],[-35.7394358,-9.6527604],[-35.7394723,-9.652783],[-35.7395266,-9.652811],[-35.7395805,-9.6528332],[-35.7396333,-9.6528373],[-35.7397487,-9.652812],[-35.7398061,-9.6528079],[-35.7398553,-9.6528202],[-35.7401075,-9.6528327],[-35.7402246,-9.6527647],[-35.7403504,-9.6526744],[-35.7404813,-9.6525325],[-35.7405707,-9.6524486],[-35.7406963,-9.6522648],[-35.7407574,-9.6522235],[-35.7407881,-9.6521957],[-35.7408387,-9.652119],[-35.7408737,-9.6520793],[-35.7409425,-9.6520183],[-35.7410165,-9.6519481],[-35.7410266,-9.6519264],[-35.7410305,-9.6519182],[-35.7410337,-9.6519112],[-35.7410406,-9.6518964],[-35.7410429,-9.6518448],[-35.741025,-9.6517655],[-35.7410245,-9.6517068],[-35.7410359,-9.6516561],[-35.7410851,-9.6515849],[-35.7411262,-9.6515576],[-35.7411587,-9.6515232],[-35.7412022,-9.6514931],[-35.7412327,-9.6514458],[-35.7412678,-9.6513838],[-35.7412991,-9.6513188],[-35.7413297,-9.6512649],[-35.7413694,-9.6511978],[-35.7413815,-9.6511519],[-35.7413895,-9.6510973],[-35.7414253,-9.6510122],[-35.7414513,-9.6509543],[-35.7414841,-9.6508927],[-35.741515,-9.6508518],[-35.7415588,-9.6507819],[-35.7416274,-9.6506914],[-35.7416623,-9.6506356],[-35.7416906,-9.6505637],[-35.741708,-9.6505209],[-35.7417435,-9.6504469],[-35.7417714,-9.6503881],[-35.7418086,-9.6503347],[-35.7418463,-9.6502556],[-35.7418985,-9.6501214],[-35.7419341,-9.6500218],[-35.7419744,-9.6499353],[-35.742025,-9.6498563],[-35.7420391,-9.6498321],[-35.7420642,-9.6497683],[-35.7421022,-9.649706],[-35.7421225,-9.6496648],[-35.7421349,-9.649617],[-35.7421498,-9.649573],[-35.7421723,-9.6495295],[-35.7421857,-9.6494894],[-35.7421798,-9.6494407],[-35.7422376,-9.6493061],[-35.742254,-9.6492729],[-35.7422737,-9.6492321],[-35.7422951,-9.6491702],[-35.742325,-9.649092],[-35.7423486,-9.6490517],[-35.7423734,-9.6490127],[-35.7424069,-9.6489194],[-35.742486,-9.6487472],[-35.7426506,-9.6482668],[-35.7427252,-9.6482165],[-35.742766,-9.6481647],[-35.7427821,-9.6481439],[-35.7427868,-9.6481332],[-35.7427924,-9.6481157],[-35.7428034,-9.6480814],[-35.7427276,-9.6480531],[-35.7427614,-9.6479666],[-35.7429493,-9.6475444],[-35.7428808,-9.6475125],[-35.743056,-9.6470024],[-35.7431208,-9.6470263],[-35.7431538,-9.6469297],[-35.7431688,-9.646875],[-35.7432134,-9.6467635],[-35.7432073,-9.6466841],[-35.7432839,-9.6465904],[-35.7433237,-9.6465503],[-35.7433339,-9.6464298],[-35.7433775,-9.6463403],[-35.7433835,-9.6462826],[-35.743419,-9.6461791],[-35.743394,-9.6460113],[-35.7433719,-9.6458714],[-35.7433654,-9.6457505],[-35.7432941,-9.6457085],[-35.7433253,-9.6455176],[-35.7433599,-9.6452888],[-35.7432816,-9.645288],[-35.7432686,-9.6451007],[-35.7432515,-9.644837],[-35.7433213,-9.6445726],[-35.7434083,-9.644257],[-35.7434221,-9.6441986],[-35.7435112,-9.6442291],[-35.7436427,-9.6442606],[-35.7437056,-9.6442706],[-35.7437574,-9.6442789],[-35.7438247,-9.6446958],[-35.7442855,-9.6449302],[-35.7444165,-9.6446249],[-35.7444461,-9.6446441],[-35.7444866,-9.6446597],[-35.7445327,-9.6446778],[-35.7445782,-9.6446964],[-35.7446145,-9.6447102],[-35.744655,-9.6447268],[-35.744687,-9.6447375],[-35.7447118,-9.6447459],[-35.7447397,-9.6447571],[-35.7447657,-9.644766],[-35.7447881,-9.6447743],[-35.7449353,-9.6444548],[-35.7451241,-9.6444816],[-35.7453325,-9.6445333],[-35.7454252,-9.6446626],[-35.7454534,-9.6447587],[-35.7454686,-9.6448091],[-35.7454865,-9.6448699],[-35.7454971,-9.6449119],[-35.7455093,-9.6449628],[-35.7455204,-9.6450292],[-35.7455368,-9.6450989],[-35.7455582,-9.645127],[-35.7455839,-9.6451738],[-35.7456022,-9.6451945],[-35.745629,-9.6452129],[-35.7456569,-9.6452157],[-35.7456897,-9.6452227],[-35.7457148,-9.6452244],[-35.7457723,-9.6452252],[-35.7458141,-9.6452361],[-35.7458553,-9.6452363],[-35.7458984,-9.6452279],[-35.7459352,-9.6452147],[-35.745982,-9.6452274],[-35.7460478,-9.6452342],[-35.7460855,-9.6452506],[-35.7461213,-9.6452655],[-35.7461485,-9.6452771],[-35.746182,-9.6452878],[-35.7462241,-9.6452962],[-35.7462539,-9.6453047],[-35.7462889,-9.6453352],[-35.7463243,-9.6453761],[-35.7463383,-9.6454195],[-35.7463733,-9.6454748],[-35.7463999,-9.645508],[-35.7464364,-9.6455462],[-35.7464782,-9.6456027],[-35.7465111,-9.6456526],[-35.7465702,-9.6457339],[-35.7465551,-9.6457837],[-35.7465427,-9.6458281],[-35.746533,-9.6458652],[-35.746527,-9.6459077],[-35.7465137,-9.6459557],[-35.7465014,-9.6460073],[-35.7464963,-9.6460525],[-35.7464911,-9.6460887],[-35.7464851,-9.6461294],[-35.7464754,-9.6461747],[-35.7464694,-9.6462108],[-35.7464634,-9.6462588],[-35.7464592,-9.6463085],[-35.746456,-9.6463546],[-35.7464518,-9.6464043],[-35.7464476,-9.646445],[-35.7464471,-9.6464911],[-35.7464519,-9.6465281],[-35.7464596,-9.6465768],[-35.7464709,-9.6466273],[-35.7464812,-9.6466661],[-35.7464925,-9.6467112],[-35.7465029,-9.6467572],[-35.746517,-9.6468032],[-35.74653,-9.6468455],[-35.7465376,-9.6468825],[-35.7465389,-9.6469213],[-35.7465347,-9.6469683],[-35.7465323,-9.6470054],[-35.7465291,-9.6470455],[-35.746529,-9.6470479],[-35.7465246,-9.6470778],[-35.7465173,-9.647076],[-35.7464791,-9.64707],[-35.7464645,-9.6470647],[-35.7464471,-9.6470558],[-35.7464288,-9.6470469],[-35.7464142,-9.6470398],[-35.7463721,-9.6470193],[-35.7463274,-9.6470052],[-35.7463137,-9.6470008],[-35.7463083,-9.6470081],[-35.7463147,-9.6470099],[-35.7463585,-9.6470213],[-35.7463997,-9.6470462],[-35.7464417,-9.6470667],[-35.7464837,-9.6470844],[-35.7464956,-9.6470906],[-35.7465149,-9.6471085],[-35.7465159,-9.6471158],[-35.7465132,-9.6471266],[-35.7465017,-9.6471611],[-35.7464838,-9.6472046],[-35.7464623,-9.6472436],[-35.7464516,-9.6472789],[-35.7464374,-9.647326],[-35.7464305,-9.6473694],[-35.746429,-9.6474074],[-35.7464266,-9.6474472],[-35.746426,-9.6474833],[-35.7464236,-9.6475339],[-35.7464277,-9.6475836],[-35.7464272,-9.6476306],[-35.7464248,-9.647673],[-35.7464206,-9.6477192],[-35.7464154,-9.6477562],[-35.746413,-9.6477942],[-35.7464152,-9.6478394],[-35.7464246,-9.6478799],[-35.7464349,-9.6479169],[-35.746438,-9.6479593],[-35.7464388,-9.6479634],[-35.7464456,-9.6480008],[-35.746456,-9.6480423],[-35.746459,-9.6480821],[-35.7464766,-9.6481162],[-35.7464906,-9.6481514],[-35.7464891,-9.6481966],[-35.7464867,-9.6482417],[-35.7464807,-9.6482797],[-35.7464666,-9.6483368],[-35.7464551,-9.6483802],[-35.746449,-9.6484164],[-35.7464411,-9.6484544],[-35.7464287,-9.6484934],[-35.7464181,-9.6485377],[-35.7464184,-9.6485784],[-35.7464225,-9.6486253],[-35.7464237,-9.6486615],[-35.7464249,-9.6486985],[-35.7464262,-9.6487437],[-35.7464274,-9.6487852],[-35.7464315,-9.6488385],[-35.7464355,-9.6488836],[-35.7464396,-9.6489387],[-35.7464426,-9.6489775],[-35.7464521,-9.6490281],[-35.7464625,-9.6490732],[-35.7464647,-9.6491147],[-35.7464614,-9.6491635],[-35.7464627,-9.6492114],[-35.7464667,-9.6492574],[-35.7464689,-9.6492981],[-35.7464729,-9.6493387],[-35.7464777,-9.6493793],[-35.7464806,-9.6494233],[-35.7464809,-9.6494272],[-35.7464794,-9.6494669],[-35.7464778,-9.6495031],[-35.7464772,-9.6495429],[-35.7464813,-9.6495952],[-35.7464899,-9.6496376],[-35.7465002,-9.6496782],[-35.7465114,-9.6497142],[-35.7465199,-9.6497548],[-35.7465275,-9.6497909],[-35.7465471,-9.6498423],[-35.74655,-9.6498648],[-35.7465588,-9.6498979],[-35.7465603,-9.6499036],[-35.7465615,-9.6499379],[-35.7465535,-9.6499588],[-35.7465221,-9.6500222],[-35.7465097,-9.6500585],[-35.746499,-9.6500974],[-35.7464946,-9.6501128],[-35.7464848,-9.6501328],[-35.7464559,-9.6501637],[-35.7464243,-9.6501983],[-35.7463945,-9.6502284],[-35.746351,-9.6502549],[-35.7463193,-9.6502759],[-35.7462849,-9.6502943],[-35.7462513,-9.6503108],[-35.7462086,-9.6503283],[-35.746166,-9.6503476],[-35.7461289,-9.6503705],[-35.7460954,-9.6503925],[-35.7460701,-9.6504207],[-35.7460485,-9.6504516],[-35.7460287,-9.6504824],[-35.7459643,-9.6506185],[-35.7459491,-9.6506575],[-35.7459294,-9.650701],[-35.7459042,-9.6507391],[-35.7458854,-9.6507754],[-35.7458648,-9.6508226],[-35.745847,-9.6508625],[-35.7458263,-9.6508997],[-35.7457635,-9.6510185],[-35.7457519,-9.6510466],[-35.7457422,-9.6510747],[-35.7457395,-9.6510838],[-35.7457058,-9.6511906],[-35.7457032,-9.6512169],[-35.7457025,-9.6512422],[-35.7457046,-9.6513831],[-35.7457165,-9.6513938],[-35.745732,-9.6514],[-35.7457348,-9.6514064],[-35.7457349,-9.6514154],[-35.745725,-9.6514254],[-35.7457078,-9.6514391],[-35.7456988,-9.6514491],[-35.745678,-9.6514755],[-35.7456267,-9.65155],[-35.7456178,-9.6515681],[-35.7455962,-9.6516035],[-35.7455747,-9.6516425],[-35.745512,-9.6517686],[-35.7455048,-9.6517904],[-35.745481,-9.6518791],[-35.7454794,-9.6519062],[-35.7454795,-9.6519161],[-35.745476,-9.6519433],[-35.7454737,-9.6519966],[-35.7454741,-9.6520454],[-35.7454785,-9.652133],[-35.7454814,-9.6521592],[-35.7454861,-9.6521709],[-35.7454872,-9.6521926],[-35.7454881,-9.6522265],[-35.7456676,-9.6522176],[-35.7457229,-9.6525007],[-35.7460812,-9.6531791],[-35.7459844,-9.6533991],[-35.7461425,-9.6535711],[-35.7463056,-9.6536949],[-35.7462341,-9.6538856],[-35.7462467,-9.6538932],[-35.7462494,-9.6539004],[-35.7462504,-9.6539103],[-35.7462505,-9.6539221],[-35.746247,-9.6539338],[-35.7462415,-9.6539366],[-35.7462297,-9.6539394],[-35.7462125,-9.653945],[-35.7462107,-9.6539522],[-35.7462099,-9.6539631],[-35.7462154,-9.6539693],[-35.7462319,-9.6539782],[-35.7462548,-9.6539943],[-35.7462621,-9.6540033],[-35.7462649,-9.6540114],[-35.7462685,-9.6540105],[-35.7462813,-9.6540104],[-35.746284,-9.6540103],[-35.7462913,-9.6540103],[-35.7463614,-9.6540115],[-35.7463752,-9.6540223],[-35.74642,-9.6540517],[-35.7464428,-9.654057],[-35.7464619,-9.6540568],[-35.7465075,-9.6540628],[-35.7465331,-9.6540698],[-35.7465613,-9.6540723],[-35.7465959,-9.654072],[-35.7467289,-9.6540764],[-35.7468309,-9.6540837],[-35.746861,-9.6540925],[-35.7468774,-9.6540923],[-35.7469558,-9.654099],[-35.7469813,-9.6541033],[-35.7470051,-9.6541112],[-35.7470206,-9.6541183],[-35.7470361,-9.6541236],[-35.7469663,-9.6544134],[-35.7469158,-9.6546427],[-35.7469041,-9.6546955],[-35.74689,-9.654737],[-35.7468672,-9.6547772],[-35.7468307,-9.6548435],[-35.7468057,-9.6549043],[-35.7467894,-9.6550057],[-35.7467865,-9.6550148],[-35.746784,-9.655024],[-35.7467663,-9.6550721],[-35.7467031,-9.6552692],[-35.7466772,-9.6553326],[-35.7466411,-9.6553781],[-35.7465803,-9.6554083],[-35.7465602,-9.6554157],[-35.7464105,-9.6554558],[-35.7463368,-9.6554716],[-35.7462987,-9.6554826],[-35.7462532,-9.6554991],[-35.7459522,-9.6555675],[-35.7458161,-9.6555969],[-35.7457633,-9.6556121],[-35.7456999,-9.6556305],[-35.7456407,-9.6556382],[-35.7455127,-9.6556081],[-35.7454896,-9.6555988],[-35.7454787,-9.6555944],[-35.7454647,-9.6555956],[-35.7454316,-9.6555827],[-35.7453427,-9.6555521],[-35.7452234,-9.6555156],[-35.745136,-9.6554859],[-35.744997,-9.6554447],[-35.7446908,-9.6553485],[-35.7445001,-9.6552949],[-35.744433,-9.6552743],[-35.7440917,-9.6551785],[-35.7440432,-9.655165],[-35.7439678,-9.655138],[-35.7436835,-9.6550544],[-35.7434635,-9.654988],[-35.7433222,-9.6549435],[-35.7431453,-9.6548877],[-35.742818,-9.6547766],[-35.7419511,-9.6544793],[-35.7414699,-9.654308],[-35.7412452,-9.6542249],[-35.74114,-9.6541815],[-35.7410753,-9.6541549]]]]}},
{"type":"Feature","properties":{"ibge_code_municipio":"2704302","name":"Jatiúca","code":"2704302024"},"geometry":{"type":"MultiPolygon","coordinates":[[[[-35.6984579,-9.6524321],[-35.6985005,-9.6521783],[-35.6986912,-9.6515725],[-35.6987913,-9.6512983],[-35.6989191,-9.6509484],[-35.6991474,-9.6505006],[-35.6992685,-9.6500516],[-35.6994449,-9.6495364],[-35.6995074,-9.6492874],[-35.6995106,-9.6492725],[-35.6995992,-9.6488487],[-35.6996465,-9.6484293],[-35.6996375,-9.6479069],[-35.6994855,-9.6470212],[-35.6992034,-9.6461536],[-35.6989645,-9.6454557],[-35.6989127,-9.6453041],[-35.6985491,-9.644381],[-35.6983597,-9.6439627],[-35.6983176,-9.6438698],[-35.6981571,-9.6435474],[-35.6980271,-9.643199],[-35.6979943,-9.6427351],[-35.6979865,-9.6426249],[-35.6979874,-9.6419771],[-35.6979706,-9.64101],[-35.6979055,-9.6402013],[-35.697865,-9.6397657],[-35.6985097,-9.6396896],[-35.6985657,-9.6396722],[-35.6987365,-9.6396607],[-35.6990969,-9.6396226],[-35.6996946,-9.6395482],[-35.6999399,-9.6395536],[-35.7000842,-9.6396182],[-35.7001941,-9.6397081],[-35.7002549,-9.6397645],[-35.7002568,-9.6397663],[-35.7002722,-9.6397135],[-35.701064,-9.6397377],[-35.701933,-9.6397642],[-35.702054,-9.6397675],[-35.7025735,-9.6397811],[-35.7025754,-9.6397812],[-35.7028855,-9.6397704],[-35.7033815,-9.6397709],[-35.7037887,-9.639768],[-35.7042518,-9.6397616],[-35.7043082,-9.6401643],[-35.7043691,-9.6405254],[-35.7043993,-9.6407253],[-35.7044252,-9.6408649],[-35.7045983,-9.6408543],[-35.7053866,-9.6408073],[-35.7055093,-9.640798],[-35.7055754,-9.6410048],[-35.7056473,-9.6412234],[-35.7056869,-9.6413248],[-35.7057568,-9.6415258],[-35.7057716,-9.6416397],[-35.7058431,-9.642218],[-35.7058572,-9.6423538],[-35.7058742,-9.6425189],[-35.7058878,-9.642719],[-35.7059034,-9.642889],[-35.7059105,-9.642965],[-35.7059691,-9.6430168],[-35.7070708,-9.6428945],[-35.7071086,-9.6428924],[-35.7080705,-9.6427995],[-35.7081502,-9.6427786],[-35.7081842,-9.6427711],[-35.7082131,-9.6427639],[-35.7092341,-9.6426766],[-35.7097355,-9.6426228],[-35.7097701,-9.6426192],[-35.7098949,-9.6426099],[-35.7101024,-9.6425865],[-35.7101904,-9.6425957],[-35.7102318,-9.642613],[-35.710329,-9.6426762],[-35.7103407,-9.6429598],[-35.7103563,-9.6433781],[-35.7103625,-9.6436212],[-35.7103803,-9.6442984],[-35.7103848,-9.6444068],[-35.7103935,-9.6446614],[-35.7103997,-9.644959],[-35.7103987,-9.6449878],[-35.7103982,-9.6450047],[-35.7103942,-9.645039],[-35.7105496,-9.6451031],[-35.7106501,-9.6451822],[-35.7107577,-9.6453191],[-35.7108225,-9.645408],[-35.7109474,-9.6455435],[-35.7110237,-9.645626],[-35.7111429,-9.6457424],[-35.7115798,-9.6462152],[-35.7118758,-9.6465443],[-35.712242,-9.6469555],[-35.7129329,-9.6477005],[-35.7129444,-9.6477125],[-35.7132119,-9.6480184],[-35.7135089,-9.6483397],[-35.713516,-9.6483473],[-35.7136232,-9.6484757],[-35.7136251,-9.6484779],[-35.7141302,-9.6490258],[-35.7141525,-9.6490499],[-35.7145321,-9.6494663],[-35.7145624,-9.6494996],[-35.7149379,-9.6498911],[-35.7149509,-9.6499046],[-35.7153612,-9.6503023],[-35.7157027,-9.6506339],[-35.7158255,-9.6507593],[-35.7160624,-9.6509882],[-35.7161746,-9.6510763],[-35.7162442,-9.651131],[-35.7163315,-9.6511922],[-35.7164117,-9.6512171],[-35.7165389,-9.6512329],[-35.7166825,-9.6512475],[-35.7168709,-9.6512547],[-35.7170715,-9.6512595],[-35.7172565,-9.6512691],[-35.7173286,-9.6512727],[-35.7173831,-9.6513208],[-35.717445,-9.6513718],[-35.7177567,-9.6516469],[-35.7178123,-9.651703],[-35.7178732,-9.6517563],[-35.7184,-9.652256],[-35.7184968,-9.652267],[-35.7187059,-9.6525048],[-35.7189302,-9.6527583],[-35.7192181,-9.6530601],[-35.7193427,-9.6531916],[-35.7194452,-9.6532941],[-35.7195259,-9.6533782],[-35.7196044,-9.6534644],[-35.7197202,-9.653588],[-35.7198562,-9.6537305],[-35.7200069,-9.6538897],[-35.7203964,-9.6542674],[-35.7205838,-9.654471],[-35.7208452,-9.6547419],[-35.7209712,-9.6548769],[-35.7211393,-9.6550515],[-35.721425,-9.655357],[-35.7216507,-9.6555979],[-35.721857,-9.6558139],[-35.7220121,-9.6559773],[-35.7225659,-9.6565352],[-35.7227362,-9.6566944],[-35.7229992,-9.6569326],[-35.723056,-9.6569824],[-35.7231921,-9.6570386],[-35.7230405,-9.657133],[-35.7229364,-9.6572222],[-35.7229023,-9.6572743],[-35.7228901,-9.6573259],[-35.7228976,-9.6574113],[-35.7227865,-9.6573085],[-35.7226274,-9.657154],[-35.7225838,-9.6571242],[-35.7224105,-9.6569674],[-35.7223105,-9.6568797],[-35.7218992,-9.6565051],[-35.7214135,-9.6560628],[-35.721187,-9.6558631],[-35.7205601,-9.6558632],[-35.7203608,-9.6558633],[-35.7198158,-9.6558685],[-35.7187378,-9.655877],[-35.7181155,-9.6558829],[-35.7181098,-9.6560283],[-35.7181148,-9.6562685],[-35.7181274,-9.6563193],[-35.7180623,-9.6563158],[-35.7178026,-9.6563217],[-35.7175852,-9.6563212],[-35.7170562,-9.6563231],[-35.7161861,-9.6563263],[-35.7157053,-9.6563334],[-35.7151747,-9.6563364],[-35.7147061,-9.6563424],[-35.7142375,-9.6563461],[-35.7127909,-9.6563625],[-35.7127347,-9.656362],[-35.7117672,-9.656367],[-35.7114506,-9.6563687],[-35.7102484,-9.6563777],[-35.7102476,-9.6563899],[-35.7102632,-9.6566855],[-35.7089736,-9.6566987],[-35.7089901,-9.6558141],[-35.7089898,-9.6557973],[-35.7077293,-9.6557982],[-35.7064952,-9.6558023],[-35.7052236,-9.6558059],[-35.7039383,-9.6558125],[-35.7027654,-9.655805],[-35.7018877,-9.6558065],[-35.7015281,-9.6558027],[-35.7014553,-9.6558024],[-35.7014305,-9.6558022],[-35.7002459,-9.6558099],[-35.6985945,-9.6558242],[-35.6979157,-9.6558284],[-35.6979208,-9.6556284],[-35.6980055,-9.6550167],[-35.6981424,-9.6542719],[-35.6981795,-9.6541156],[-35.6982819,-9.6536843],[-35.6983462,-9.6533744],[-35.6984087,-9.6530736],[-35.6984199,-9.6526585],[-35.6984579,-9.6524321]]]]}},
{"type":"Feature","properties":{"ibge_code_municipio":"2704302","name":"Santos Dumont","code":"2704302045"},"geometry":{"type":"MultiPolygon","coordinates":[[[[-35.7818863,-9.557018],[-35.7821604,-9.556463],[-35.7824447,-9.5558944],[-35.7826045,-9.5556083],[-35.782616,-9.5555915],[-35.7828221,-9.5552346],[-35.7830177,-9.554886],[-35.7833579,-9.5542983],[-35.7837127,-9.5536829],[-35.7839754,-9.5532273],[-35.7840544,-9.5530895],[-35.7843347,-9.5526007],[-35.7843891,-9.5525059],[-35.7847543,-9.5518691],[-35.7848017,-9.5517864],[-35.7848798,-9.5516503],[-35.7858742,-9.5499277],[-35.7860555,-9.5496171],[-35.7862945,-9.5492038],[-35.7869108,-9.5481342],[-35.7869902,-9.5479979],[-35.7873086,-9.5474515],[-35.7878967,-9.5464315],[-35.7879071,-9.5464135],[-35.7879402,-9.546356],[-35.7881966,-9.5459114],[-35.7882309,-9.545852],[-35.788243,-9.5458309],[-35.7889989,-9.5445199],[-35.7890173,-9.544488],[-35.789038,-9.5444523],[-35.7891871,-9.5441955],[-35.7894992,-9.5436579],[-35.7897267,-9.5432661],[-35.790045,-9.5427111],[-35.7901631,-9.5425122],[-35.7901962,-9.5424553],[-35.790398,-9.5421081],[-35.7906461,-9.5416788],[-35.7908546,-9.5413179],[-35.7908851,-9.5412651],[-35.7913576,-9.5404475],[-35.7917719,-9.5397309],[-35.7925243,-9.5384212],[-35.7932702,-9.5371398],[-35.7941697,-9.5355891],[-35.794775,-9.53454],[-35.7953842,-9.5334837],[-35.7959574,-9.5324924],[-35.7959925,-9.5324317],[-35.795994,-9.532429],[-35.79656,-9.5314396],[-35.7967038,-9.5315255],[-35.7978772,-9.5348269],[-35.7980733,-9.5353788],[-35.798088,-9.5354204],[-35.7980931,-9.5354347],[-35.7981111,-9.5354851],[-35.798303,-9.5360253],[-35.7986323,-9.5369519],[-35.7988569,-9.5375836],[-35.7988629,-9.5376006],[-35.7991232,-9.5383331],[-35.7995185,-9.5394454],[-35.8020364,-9.5465302],[-35.80368,-9.5511551],[-35.805936,-9.5575031],[-35.8098872,-9.568621],[-35.8095518,-9.5683319],[-35.8092622,-9.5680984],[-35.8091622,-9.5680291],[-35.8087585,-9.5677491],[-35.8087144,-9.5677184],[-35.808708,-9.567714],[-35.8083753,-9.5674831],[-35.8079889,-9.5672224],[-35.8076433,-9.5669901],[-35.8074303,-9.5668381],[-35.8072651,-9.5667416],[-35.8071002,-9.5666812],[-35.8069494,-9.5666276],[-35.8067979,-9.5665948],[-35.8066319,-9.5665669],[-35.8064559,-9.5665481],[-35.8063769,-9.5665486],[-35.8056222,-9.5668226],[-35.8047626,-9.5671695],[-35.8042855,-9.5674022],[-35.8039959,-9.5675592],[-35.803824,-9.5676993],[-35.8036559,-9.567959],[-35.8036035,-9.568271],[-35.8035923,-9.568426],[-35.8036876,-9.5691584],[-35.8036879,-9.569534],[-35.8035141,-9.5701866],[-35.8031671,-9.5711702],[-35.8029392,-9.5716004],[-35.8028853,-9.5716922],[-35.8025285,-9.5721035],[-35.8019361,-9.5726549],[-35.8017597,-9.5727739],[-35.8015059,-9.572892],[-35.8011321,-9.5729968],[-35.8007584,-9.5730943],[-35.8005654,-9.5731405],[-35.8002286,-9.5731477],[-35.8001763,-9.5731477],[-35.7997605,-9.5730411],[-35.7994637,-9.5728592],[-35.7993288,-9.5727048],[-35.7992132,-9.5725111],[-35.7991567,-9.5723972],[-35.7989955,-9.5720409],[-35.7987727,-9.5714649],[-35.7986577,-9.5712236],[-35.7984524,-9.570853],[-35.7982902,-9.5706384],[-35.7980602,-9.5703375],[-35.7978055,-9.5700603],[-35.7974821,-9.5697513],[-35.7972727,-9.569585],[-35.7972447,-9.5695699],[-35.7968363,-9.5693498],[-35.7942346,-9.5680674],[-35.7939091,-9.5678837],[-35.7937777,-9.5677707],[-35.7932549,-9.5672421],[-35.7929717,-9.56702],[-35.7927672,-9.5668858],[-35.7926969,-9.566843],[-35.7922933,-9.566597],[-35.7919175,-9.5663841],[-35.791428,-9.5661],[-35.7912381,-9.5659898],[-35.7906317,-9.5656344],[-35.7897762,-9.5651287],[-35.7894249,-9.564906],[-35.7893159,-9.5649044],[-35.7891147,-9.564836],[-35.7888649,-9.564769],[-35.7887086,-9.5647488],[-35.7886409,-9.5647301],[-35.7884562,-9.5647146],[-35.788093,-9.5647042],[-35.7879088,-9.5647171],[-35.7870411,-9.5648321],[-35.7867135,-9.5648826],[-35.7847953,-9.5651588],[-35.7828617,-9.5654456],[-35.7825241,-9.5654922],[-35.7811635,-9.5656902],[-35.7789667,-9.566019],[-35.7787837,-9.5660464],[-35.7784632,-9.5661097],[-35.7783229,-9.5661096],[-35.778203,-9.5660923],[-35.7780953,-9.5660178],[-35.7779852,-9.5659103],[-35.7779747,-9.5658817],[-35.7778886,-9.5655912],[-35.7778799,-9.5653588],[-35.777901,-9.5651562],[-35.7778305,-9.5650311],[-35.7779783,-9.5646777],[-35.7780174,-9.5645842],[-35.7784383,-9.5637548],[-35.7784522,-9.5637274],[-35.7784932,-9.5636466],[-35.7798558,-9.5609612],[-35.7798947,-9.5608845],[-35.7800174,-9.5606461],[-35.7801296,-9.5604142],[-35.7804827,-9.5597302],[-35.7807877,-9.5591382],[-35.7815525,-9.5576446],[-35.7816262,-9.5575196],[-35.7816817,-9.5574256],[-35.7818863,-9.557018]]]]}},
{"type":"Feature","properties":{"ibge_code_municipio":"2704302","name":"São Jorge","code":"2704302046"},"geometry":{"type":"MultiPolygon","coordinates":[[[[-35.6975903,-9.6090042],[-35.697954,-9.6081959],[-35.6981263,-9.6081236],[-35.6982708,-9.6080229],[-35.6984113,-9.6078757],[-35.6986767,-9.6077341],[-35.6987558,-9.6076274],[-35.6988129,-9.607651],[-35.6988443,-9.607659],[-35.6988877,-9.6076699],[-35.6989309,-9.6076655],[-35.6989391,-9.6076647],[-35.699139,-9.607644],[-35.6991919,-9.6076511],[-35.6992818,-9.6076777],[-35.6993612,-9.6076914],[-35.6994621,-9.6077128],[-35.6995943,-9.6077361],[-35.6996837,-9.6077519],[-35.6997293,-9.6077553],[-35.6999952,-9.6077524],[-35.7001039,-9.6077653],[-35.7001991,-9.6077647],[-35.7003821,-9.6077666],[-35.7004687,-9.6077563],[-35.7005568,-9.6077253],[-35.7006917,-9.6077343],[-35.700736,-9.6077473],[-35.7007801,-9.6077468],[-35.7008478,-9.607746],[-35.700855,-9.6077792],[-35.700866,-9.607818],[-35.700876,-9.6078628],[-35.7008769,-9.6078795],[-35.7008736,-9.6079024],[-35.7008354,-9.6079708],[-35.7008125,-9.6080094],[-35.7008068,-9.6080587],[-35.7008111,-9.6081064],[-35.7008168,-9.6081371],[-35.7008221,-9.6081666],[-35.7008245,-9.6082015],[-35.7008268,-9.6082511],[-35.7008297,-9.6083031],[-35.7008693,-9.6083056],[-35.7009447,-9.6083175],[-35.7009747,-9.6083223],[-35.701031,-9.60834],[-35.7010907,-9.6083581],[-35.7011914,-9.6084083],[-35.7013121,-9.6084895],[-35.7014471,-9.6086382],[-35.7015964,-9.6088393],[-35.7016513,-9.6089114],[-35.7017868,-9.6091253],[-35.7019476,-9.6093708],[-35.7021332,-9.6096555],[-35.7022964,-9.6098988],[-35.7023393,-9.6099685],[-35.7023961,-9.6100782],[-35.7024333,-9.6101623],[-35.70247,-9.610255],[-35.7025201,-9.6103955],[-35.7025769,-9.6105612],[-35.7026428,-9.6107561],[-35.7027115,-9.6109725],[-35.7028188,-9.6113073],[-35.7029262,-9.6116307],[-35.7030329,-9.6119646],[-35.7030539,-9.6120275],[-35.7031004,-9.6121079],[-35.703224,-9.6122911],[-35.7032689,-9.6123566],[-35.703387,-9.6125799],[-35.7033955,-9.6125974],[-35.70342,-9.6126432],[-35.7035116,-9.6128118],[-35.7035922,-9.6129609],[-35.7036962,-9.6131291],[-35.7038007,-9.613299],[-35.7039405,-9.6135186],[-35.7040078,-9.6136073],[-35.7040503,-9.6136603],[-35.7041404,-9.6137514],[-35.7042612,-9.6138405],[-35.7044368,-9.6139732],[-35.7044907,-9.6140114],[-35.7046742,-9.6141034],[-35.7048262,-9.6141838],[-35.7050949,-9.6142428],[-35.7053408,-9.6143128],[-35.7056524,-9.6144283],[-35.7060925,-9.6144425],[-35.7066143,-9.6144517],[-35.7071579,-9.614458],[-35.7088011,-9.614484],[-35.7090806,-9.6144834],[-35.7090703,-9.614612],[-35.7090488,-9.6149355],[-35.7090286,-9.6150305],[-35.7090007,-9.6150732],[-35.7089762,-9.6151289],[-35.7089704,-9.6153442],[-35.7089784,-9.6154285],[-35.7090011,-9.6156026],[-35.709003,-9.615685],[-35.7089321,-9.6157981],[-35.7089628,-9.6158768],[-35.7089628,-9.6159114],[-35.7089801,-9.6159922],[-35.7089882,-9.6160896],[-35.7090006,-9.6161529],[-35.7090171,-9.6161996],[-35.7090476,-9.6162371],[-35.7090996,-9.616337],[-35.7093868,-9.6166311],[-35.7095031,-9.616738],[-35.7095474,-9.6167769],[-35.7096217,-9.6168234],[-35.7097027,-9.6168859],[-35.7099497,-9.6170037],[-35.7101154,-9.6170811],[-35.7102798,-9.617123],[-35.7103246,-9.6171355],[-35.7105042,-9.617141],[-35.7105945,-9.617134],[-35.7107046,-9.6171471],[-35.7111115,-9.6171525],[-35.7112369,-9.6172034],[-35.7114334,-9.617205],[-35.7115978,-9.6174808],[-35.7116257,-9.618045],[-35.7115485,-9.6181888],[-35.7115555,-9.6182256],[-35.7117175,-9.6190795],[-35.7117556,-9.619117],[-35.7119084,-9.6193295],[-35.7121007,-9.6196007],[-35.7121722,-9.6197015],[-35.7125945,-9.6201825],[-35.7126076,-9.6202105],[-35.7126095,-9.6202461],[-35.7125702,-9.6203614],[-35.7125449,-9.6204341],[-35.7126181,-9.6206038],[-35.7127557,-9.6205732],[-35.7129369,-9.6206744],[-35.7130532,-9.6207848],[-35.713147,-9.6209002],[-35.7132005,-9.6209902],[-35.7131863,-9.6210083],[-35.7131548,-9.6210856],[-35.7131473,-9.6211368],[-35.7131491,-9.6211944],[-35.7131717,-9.6212381],[-35.7132067,-9.6213532],[-35.7132354,-9.621427],[-35.713268,-9.6214895],[-35.713298,-9.6215546],[-35.7133568,-9.6216196],[-35.7133968,-9.6216909],[-35.7134806,-9.6217247],[-35.7135143,-9.6217522],[-35.7135275,-9.6217822],[-35.7135187,-9.6218178],[-35.7135206,-9.6218566],[-35.7135237,-9.6218904],[-35.7135325,-9.6219423],[-35.7135419,-9.6219848],[-35.7135487,-9.6220392],[-35.7135594,-9.6220974],[-35.7135719,-9.622148],[-35.71358,-9.6221905],[-35.7135888,-9.6222268],[-35.7135919,-9.6222625],[-35.7135938,-9.6222981],[-35.7136019,-9.6223294],[-35.7136013,-9.6223625],[-35.7136038,-9.6223944],[-35.7136,-9.6224301],[-35.7136031,-9.6224688],[-35.7135994,-9.6225282],[-35.7136019,-9.622572],[-35.7136106,-9.6226233],[-35.7136257,-9.6226646],[-35.7136444,-9.6227021],[-35.7136607,-9.6227534],[-35.7136757,-9.6227796],[-35.7136863,-9.6227996],[-35.7136851,-9.6228397],[-35.7136926,-9.6228734],[-35.7136988,-9.6229022],[-35.7136951,-9.622931],[-35.7137026,-9.622966],[-35.7137051,-9.6230085],[-35.713734,-9.623066],[-35.7137431,-9.6231508],[-35.7137648,-9.6231965],[-35.7137799,-9.6232346],[-35.7137855,-9.6232506],[-35.7137841,-9.6232629],[-35.7137788,-9.6235389],[-35.7137088,-9.6240113],[-35.713486,-9.6251718],[-35.7134878,-9.6252318],[-35.7134936,-9.625427],[-35.7134811,-9.6255452],[-35.7134754,-9.6256582],[-35.7134738,-9.6257268],[-35.7134774,-9.625791],[-35.7134782,-9.6258882],[-35.7134764,-9.6259322],[-35.7134709,-9.6259918],[-35.7134654,-9.6260432],[-35.713469,-9.6260789],[-35.7134672,-9.6261202],[-35.7134736,-9.6261716],[-35.713481,-9.6261972],[-35.7134865,-9.6262275],[-35.7134947,-9.6262679],[-35.7135048,-9.6263247],[-35.7135215,-9.6264121],[-35.7135225,-9.6264269],[-35.7135211,-9.6264458],[-35.7135218,-9.62646],[-35.7135219,-9.6264634],[-35.7135225,-9.6264922],[-35.7135209,-9.6265467],[-35.713519,-9.6265898],[-35.7135158,-9.626626],[-35.7135259,-9.626682],[-35.7135369,-9.6267572],[-35.7135635,-9.6268324],[-35.7135621,-9.6269145],[-35.7135575,-9.6269639],[-35.7135566,-9.6270369],[-35.7135695,-9.6271497],[-35.7135979,-9.6272575],[-35.7136114,-9.6273512],[-35.713622,-9.6274805],[-35.7136123,-9.6275895],[-35.7135887,-9.6276344],[-35.713535,-9.6277616],[-35.7134506,-9.627873],[-35.7133448,-9.6279389],[-35.713233,-9.6280036],[-35.713022,-9.6281966],[-35.7128943,-9.6283095],[-35.71282,-9.628381],[-35.7126414,-9.6285779],[-35.7125497,-9.6287246],[-35.7124957,-9.6288336],[-35.7124262,-9.6289543],[-35.7123641,-9.6290876],[-35.7123294,-9.6292204],[-35.7122615,-9.6293924],[-35.7122208,-9.6294588],[-35.7121906,-9.6295267],[-35.7121529,-9.6295871],[-35.7121318,-9.6296414],[-35.7121016,-9.6297033],[-35.7120759,-9.6297636],[-35.7120457,-9.6298225],[-35.711999,-9.6298994],[-35.7119552,-9.6299869],[-35.7118767,-9.6300503],[-35.7118304,-9.6300853],[-35.7118088,-9.6301016],[-35.7116806,-9.6302118],[-35.7114889,-9.63042],[-35.7114331,-9.6305362],[-35.7113833,-9.630592],[-35.7113501,-9.6306267],[-35.7112928,-9.6306946],[-35.7112369,-9.6307595],[-35.7111932,-9.6308033],[-35.7111464,-9.6308485],[-35.7111087,-9.6308802],[-35.7110363,-9.630924],[-35.7109336,-9.6309602],[-35.7107963,-9.6309738],[-35.7107469,-9.6309719],[-35.7107032,-9.6309598],[-35.7106602,-9.6309432],[-35.7106232,-9.6309244],[-35.7105044,-9.6308621],[-35.7104802,-9.6308418],[-35.7104508,-9.6308206],[-35.7104308,-9.6308033],[-35.7103995,-9.6307825],[-35.7103761,-9.6307625],[-35.7102751,-9.6306859],[-35.7102616,-9.6306712],[-35.7102191,-9.6306249],[-35.7101831,-9.6305665],[-35.710155,-9.6304646],[-35.710069,-9.6302016],[-35.7100645,-9.6301879],[-35.71006,-9.6301664],[-35.7100181,-9.6299633],[-35.7100142,-9.6299383],[-35.7100066,-9.6298893],[-35.7100143,-9.629836],[-35.7100188,-9.6298194],[-35.7100356,-9.6297572],[-35.7100396,-9.6296984],[-35.7100227,-9.6296227],[-35.7099902,-9.6295443],[-35.7099818,-9.629518],[-35.7099603,-9.6294497],[-35.7099569,-9.6293639],[-35.709954,-9.6293476],[-35.7099309,-9.629309],[-35.7098573,-9.6292056],[-35.7098569,-9.6291605],[-35.7098307,-9.6290739],[-35.7097891,-9.6289929],[-35.7097615,-9.628957],[-35.7097412,-9.6289165],[-35.7097355,-9.6287819],[-35.7096656,-9.6287278],[-35.7096383,-9.6286923],[-35.7095913,-9.628615],[-35.7095388,-9.6285413],[-35.7095302,-9.6284971],[-35.709504,-9.6284106],[-35.7094661,-9.6283287],[-35.7094566,-9.6282845],[-35.7094521,-9.6282069],[-35.7094513,-9.6281942],[-35.7094329,-9.6281058],[-35.7094135,-9.6280189],[-35.7093554,-9.6278954],[-35.7093397,-9.6278013],[-35.7093332,-9.6277623],[-35.7093146,-9.6277218],[-35.7092897,-9.627684],[-35.7092612,-9.6276481],[-35.7092166,-9.6275775],[-35.7092306,-9.6274559],[-35.7092391,-9.6274107],[-35.7092472,-9.6273672],[-35.7092532,-9.627322],[-35.7092492,-9.6272769],[-35.7092288,-9.6272364],[-35.7091596,-9.6271213],[-35.7091562,-9.6270309],[-35.7091037,-9.6269305],[-35.7090938,-9.6269117],[-35.7091099,-9.6268226],[-35.7091026,-9.6267735],[-35.7089258,-9.6267848],[-35.7087904,-9.6267948],[-35.7087919,-9.6266602],[-35.7087257,-9.6266278],[-35.7086669,-9.626599],[-35.7085668,-9.6265168],[-35.7084982,-9.6265322],[-35.708492,-9.6264326],[-35.7084923,-9.6262774],[-35.7084973,-9.6260375],[-35.7085268,-9.6259666],[-35.7087189,-9.6259456],[-35.7087019,-9.6257545],[-35.7088546,-9.6257498],[-35.7088595,-9.6257496],[-35.7088528,-9.6255611],[-35.7085883,-9.6255611],[-35.7085456,-9.6254321],[-35.7081599,-9.6254649],[-35.7081646,-9.6253707],[-35.7082356,-9.6239348],[-35.7082485,-9.6239351],[-35.7082512,-9.62382],[-35.7082701,-9.6234707],[-35.7082777,-9.6233779],[-35.7082834,-9.623309],[-35.7082789,-9.6232033],[-35.7082365,-9.6229111],[-35.7082064,-9.6226926],[-35.70818,-9.6225289],[-35.7081773,-9.6225093],[-35.7081207,-9.6221049],[-35.7080822,-9.6218416],[-35.7080591,-9.6217135],[-35.7077347,-9.6219615],[-35.7073734,-9.6222174],[-35.7072341,-9.6221539],[-35.7071987,-9.6221378],[-35.7070304,-9.622071],[-35.7068957,-9.6220302],[-35.7066881,-9.6219816],[-35.7065123,-9.621949],[-35.7063835,-9.6219298],[-35.7063042,-9.6219199],[-35.7061361,-9.6218987],[-35.7060707,-9.6218951],[-35.7057257,-9.6218776],[-35.7055718,-9.6218687],[-35.7054618,-9.6218601],[-35.7051454,-9.6218298],[-35.704926,-9.6218035],[-35.7048218,-9.6217862],[-35.7047879,-9.6217805],[-35.7047761,-9.6217793],[-35.7046813,-9.6217723],[-35.7042198,-9.6217877],[-35.7040631,-9.6209238],[-35.703989,-9.6207071],[-35.7038627,-9.6206132],[-35.7037093,-9.6205593],[-35.7033091,-9.6204919],[-35.7031542,-9.6204859],[-35.7030133,-9.620506],[-35.7029174,-9.6204769],[-35.7028364,-9.6203655],[-35.7027176,-9.620305],[-35.7026326,-9.6202686],[-35.7025597,-9.6202502],[-35.7024585,-9.6202429],[-35.7023754,-9.6202092],[-35.7020816,-9.6201202],[-35.702053,-9.6200909],[-35.7016411,-9.6196672],[-35.7014564,-9.6194773],[-35.7012105,-9.6194621],[-35.7007793,-9.6195025],[-35.7002313,-9.6196387],[-35.6997738,-9.6198022],[-35.6994422,-9.6197795],[-35.6992468,-9.6197132],[-35.6988158,-9.6194338],[-35.698623,-9.6192257],[-35.6985065,-9.6191335],[-35.6985836,-9.6189238],[-35.6983181,-9.6188405],[-35.6983167,-9.6188401],[-35.6982883,-9.6188312],[-35.6983188,-9.6187648],[-35.6984086,-9.6186374],[-35.6984233,-9.6186191],[-35.6986838,-9.6182948],[-35.6989325,-9.618035],[-35.6991812,-9.6179641],[-35.6996868,-9.6179343],[-35.6999948,-9.6178673],[-35.7002281,-9.6177815],[-35.7004032,-9.6176928],[-35.70059,-9.6175981],[-35.7009565,-9.6174566],[-35.7011721,-9.6173067],[-35.7012033,-9.617285],[-35.7013998,-9.617101],[-35.701537,-9.6170209],[-35.7015834,-9.6170234],[-35.7019775,-9.617008],[-35.7020923,-9.6170078],[-35.7020878,-9.6169812],[-35.7018343,-9.6155022],[-35.7003376,-9.6157847],[-35.6995354,-9.6159486],[-35.6991909,-9.6159966],[-35.6966536,-9.6155402],[-35.6962149,-9.6154497],[-35.6958812,-9.6152734],[-35.695339,-9.6148701],[-35.6951016,-9.6146605],[-35.6949253,-9.6141297],[-35.6944395,-9.6132607],[-35.6938874,-9.6125354],[-35.6938469,-9.6124884],[-35.6938068,-9.6124419],[-35.6937671,-9.6124171],[-35.6937322,-9.6123952],[-35.6937043,-9.6123603],[-35.6936824,-9.6123176],[-35.6936625,-9.6122787],[-35.6936366,-9.6122399],[-35.6936019,-9.6122069],[-35.6935759,-9.6121732],[-35.693551,-9.6121333],[-35.6935412,-9.6120914],[-35.693505,-9.6120187],[-35.6934774,-9.6119632],[-35.6934555,-9.6119364],[-35.6934117,-9.6119135],[-35.6933689,-9.6119214],[-35.6933361,-9.6119543],[-35.6932803,-9.6119573],[-35.6932445,-9.6119523],[-35.6932057,-9.6119274],[-35.6931778,-9.6118906],[-35.6931778,-9.6118428],[-35.6931898,-9.611805],[-35.6931938,-9.6117582],[-35.6931858,-9.6117114],[-35.6931519,-9.6116786],[-35.6931141,-9.6116517],[-35.6930873,-9.6116189],[-35.6930694,-9.6115791],[-35.6930674,-9.6115303],[-35.6930435,-9.6114975],[-35.6929589,-9.6114626],[-35.692927,-9.6114278],[-35.6928941,-9.6112963],[-35.6928763,-9.6112537],[-35.6928444,-9.6112208],[-35.6927868,-9.6111412],[-35.6927589,-9.6111143],[-35.692732,-9.6110716],[-35.6926922,-9.6110019],[-35.6926763,-9.6109551],[-35.6926344,-9.6109352],[-35.6926086,-9.6109014],[-35.6925877,-9.6108596],[-35.6925439,-9.6108115],[-35.692526,-9.6107919],[-35.6924792,-9.610779],[-35.6924344,-9.6107819],[-35.6923549,-9.6108208],[-35.692314,-9.6108088],[-35.6922165,-9.6107103],[-35.6921797,-9.6106864],[-35.6921337,-9.610684],[-35.6920853,-9.6106783],[-35.6921129,-9.6106164],[-35.6923381,-9.6100233],[-35.6923531,-9.6099811],[-35.6925753,-9.6093955],[-35.6926957,-9.6090774],[-35.692846,-9.6087027],[-35.6929568,-9.6084091],[-35.693041,-9.6082362],[-35.6931429,-9.6080889],[-35.693246,-9.6079448],[-35.693403,-9.6078105],[-35.6936628,-9.6076722],[-35.6940715,-9.607587],[-35.6941289,-9.6076102],[-35.6943989,-9.6075951],[-35.6945839,-9.6076034],[-35.6947946,-9.6076512],[-35.6954703,-9.6078779],[-35.6960361,-9.60813],[-35.6972231,-9.6087922],[-35.6974404,-9.6089134],[-35.6975903,-9.6090042]]]]}},
{"type":"Feature","properties":{"ibge_code_municipio":"2704302","name":"Prado","code":"2704302039"},"geometry":{"type":"MultiPolygon","coordinates":[[[[-35.7449568,-9.6732138],[-35.7446364,-9.673105],[-35.7432481,-9.672648],[-35.743214,-9.6726375],[-35.7418371,-9.6722137],[-35.7418402,-9.6721249],[-35.7418885,-9.6707503],[-35.741831,-9.6706609],[-35.7418394,-9.6705651],[-35.7418273,-9.6704744],[-35.7418307,-9.6703183],[-35.7418541,-9.6695871],[-35.7418581,-9.6692842],[-35.7418598,-9.6691137],[-35.7418676,-9.6690772],[-35.7418701,-9.6690437],[-35.7419509,-9.6690481],[-35.7421423,-9.6689983],[-35.7422676,-9.6689444],[-35.7423801,-9.6688858],[-35.7424066,-9.6688697],[-35.7425285,-9.6687944],[-35.7426812,-9.6686787],[-35.7427663,-9.6686027],[-35.7428407,-9.6685347],[-35.7429079,-9.6684668],[-35.7429742,-9.6683881],[-35.7430236,-9.668306],[-35.7430819,-9.6682043],[-35.7431581,-9.6680505],[-35.7431893,-9.6679912],[-35.7432187,-9.6679217],[-35.7432539,-9.6678239],[-35.7432774,-9.6677437],[-35.7432941,-9.6676736],[-35.7433065,-9.667622],[-35.743316,-9.667562],[-35.7433256,-9.6675044],[-35.7433374,-9.6673789],[-35.7433373,-9.6672964],[-35.7433373,-9.667231],[-35.74333,-9.6670702],[-35.743325,-9.666688],[-35.7432865,-9.6662412],[-35.743261,-9.6659558],[-35.7432556,-9.66591],[-35.7432167,-9.6654884],[-35.7432025,-9.665309],[-35.7432021,-9.6653039],[-35.7432415,-9.6652608],[-35.7434664,-9.6652045],[-35.7443803,-9.6650274],[-35.745103,-9.6648689],[-35.745147,-9.6649407],[-35.7452611,-9.6649357],[-35.7460747,-9.6649024],[-35.7469819,-9.664869],[-35.7473817,-9.66485],[-35.7477772,-9.6648314],[-35.7478451,-9.6648314],[-35.7491002,-9.6647664],[-35.7496436,-9.6647222],[-35.7502048,-9.6646819],[-35.7507081,-9.6646506],[-35.7519906,-9.6645608],[-35.7523953,-9.6645265],[-35.7540625,-9.6643866],[-35.7542069,-9.6643695],[-35.754322,-9.6643849],[-35.7549994,-9.6643456],[-35.7554468,-9.6643173],[-35.7558354,-9.664284],[-35.7565636,-9.6642378],[-35.7577616,-9.6641609],[-35.7577723,-9.664301],[-35.7577755,-9.6644117],[-35.7577826,-9.6646858],[-35.7577852,-9.6647861],[-35.7578153,-9.6657142],[-35.7578162,-9.6657415],[-35.7578228,-9.6658956],[-35.7578332,-9.6662967],[-35.7578228,-9.6667872],[-35.7578198,-9.6672716],[-35.75782,-9.6675362],[-35.7578016,-9.6678166],[-35.7577753,-9.6679777],[-35.7574855,-9.6680059],[-35.7571898,-9.6680333],[-35.7571029,-9.6680558],[-35.7560878,-9.6681721],[-35.7558286,-9.668109],[-35.7556748,-9.6680586],[-35.7555631,-9.6680375],[-35.7552412,-9.6679553],[-35.7548135,-9.6678551],[-35.7546174,-9.667765],[-35.7545389,-9.6680203],[-35.7544557,-9.668291],[-35.7542466,-9.6689641],[-35.7548689,-9.6691004],[-35.7551823,-9.6691593],[-35.7554924,-9.66923],[-35.7554398,-9.6693957],[-35.7553337,-9.6697225],[-35.7552577,-9.6699755],[-35.7552239,-9.6700827],[-35.7549974,-9.6708123],[-35.7554417,-9.670955],[-35.7554432,-9.6709555],[-35.7554424,-9.6709572],[-35.7553749,-9.6711039],[-35.7550917,-9.6718815],[-35.7548941,-9.6724051],[-35.7547997,-9.6726582],[-35.7546158,-9.6731531],[-35.754346,-9.6738929],[-35.7542777,-9.6740723],[-35.7541252,-9.6744731],[-35.7539863,-9.6748626],[-35.7539703,-9.6749088],[-35.7538206,-9.6753398],[-35.7536221,-9.6759134],[-35.7535442,-9.6761078],[-35.7534687,-9.6762963],[-35.7531631,-9.6769647],[-35.7529594,-9.6774104],[-35.7529289,-9.6773922],[-35.7504711,-9.6758002],[-35.7493409,-9.6751427],[-35.7488505,-9.6748575],[-35.7487012,-9.6747707],[-35.7477612,-9.6743308],[-35.7473402,-9.6741338],[-35.7463712,-9.6737325],[-35.7458551,-9.6735188],[-35.7449568,-9.6732138]]]]}},
{"type":"Feature","properties":{"ibge_code_municipio":"2704302","name":"Jaraguá","code":"2704302022"},"geometry":{"type":"MultiPolygon","coordinates":[[[[-35.72309,-9.6757116],[-35.7251009,-9.6796777],[-35.7231611,-9.6806995],[-35.7244241,-9.6831444],[-35.7244545,-9.6832033],[-35.7263194,-9.6824243],[-35.728559,-9.6814888],[-35.7288484,-9.6822283],[-35.7289104,-9.6823866],[-35.7291245,-9.6823109],[-35.7295752,-9.6821514],[-35.7297373,-9.6826058],[-35.7251769,-9.6844155],[-35.7248501,-9.6845314],[-35.7246331,-9.6845977],[-35.7243816,-9.6846543],[-35.724136,-9.6846875],[-35.723922,-9.6846791],[-35.7236932,-9.6846537],[-35.723531,-9.6846053],[-35.7233495,-9.6845436],[-35.7231818,-9.6844629],[-35.7229948,-9.6843688],[-35.7228518,-9.684282],[-35.7226769,-9.6841369],[-35.7225178,-9.6839451],[-35.7224452,-9.68385],[-35.7223269,-9.683695],[-35.7221111,-9.6833588],[-35.7217424,-9.6826807],[-35.7205366,-9.6804045],[-35.7191071,-9.6777069],[-35.7184727,-9.6770452],[-35.7179518,-9.6767264],[-35.7179201,-9.6767069],[-35.7175146,-9.6762695],[-35.7174772,-9.6762276],[-35.7173933,-9.6761337],[-35.7167882,-9.6754563],[-35.7163426,-9.6746621],[-35.7164386,-9.6746291],[-35.717419,-9.6742644],[-35.7180222,-9.6741393],[-35.7181914,-9.6741],[-35.7182871,-9.674085],[-35.7183674,-9.6740767],[-35.7184278,-9.6740725],[-35.7189434,-9.6740349],[-35.7193496,-9.6740826],[-35.7198188,-9.6741756],[-35.7199802,-9.6741991],[-35.7200476,-9.6741965],[-35.7201195,-9.6741765],[-35.7197505,-9.6739535],[-35.7192382,-9.6735895],[-35.7191085,-9.6734934],[-35.7190691,-9.6734589],[-35.7189654,-9.6733682],[-35.7186572,-9.6729709],[-35.7185987,-9.6728889],[-35.7185335,-9.6727711],[-35.7183866,-9.672538],[-35.7181962,-9.6722186],[-35.7183217,-9.6721401],[-35.7184871,-9.6720076],[-35.7186074,-9.6718893],[-35.7186445,-9.6718343],[-35.7187919,-9.6715839],[-35.7188029,-9.6715467],[-35.7190706,-9.6710703],[-35.7192352,-9.6707584],[-35.7192876,-9.6706521],[-35.7193716,-9.6704886],[-35.7193834,-9.6704672],[-35.7195272,-9.6701497],[-35.7196437,-9.6698522],[-35.719678,-9.6696122],[-35.7196715,-9.6683348],[-35.7201123,-9.6685484],[-35.7202619,-9.6686218],[-35.7202838,-9.6686326],[-35.7203139,-9.6685736],[-35.7203509,-9.6685098],[-35.7203984,-9.6684281],[-35.7204323,-9.6683704],[-35.7204696,-9.6683248],[-35.7204969,-9.6682863],[-35.7205245,-9.668247],[-35.720556,-9.6682073],[-35.7205992,-9.6681518],[-35.7206498,-9.6680927],[-35.7206931,-9.6680445],[-35.720712,-9.6680262],[-35.720731,-9.668008],[-35.7207702,-9.6679678],[-35.7207753,-9.6679625],[-35.7207956,-9.6679429],[-35.7208159,-9.6679233],[-35.7208445,-9.6678988],[-35.7208584,-9.6678868],[-35.7209451,-9.667818],[-35.7209779,-9.6677919],[-35.7210774,-9.6677171],[-35.7211156,-9.6676932],[-35.7211825,-9.6676512],[-35.7212414,-9.6676146],[-35.7213132,-9.6675779],[-35.7213859,-9.6675405],[-35.7214364,-9.66752],[-35.7214924,-9.6674932],[-35.7215171,-9.6674814],[-35.7215889,-9.6674555],[-35.7216334,-9.667438],[-35.7216728,-9.6674267],[-35.7216915,-9.6674213],[-35.7217224,-9.667412],[-35.7217533,-9.6674027],[-35.7218203,-9.6673883],[-35.7218923,-9.6673727],[-35.7219577,-9.6673617],[-35.7219919,-9.6673559],[-35.7220293,-9.6673494],[-35.7221102,-9.6673348],[-35.7221129,-9.6673345],[-35.7222082,-9.6673225],[-35.7222101,-9.6673224],[-35.7222581,-9.6673191],[-35.7222962,-9.6673162],[-35.7223914,-9.6673097],[-35.7225547,-9.6672972],[-35.7226274,-9.6672917],[-35.7226346,-9.6672915],[-35.7227724,-9.6672919],[-35.722886,-9.6672853],[-35.7229951,-9.6672807],[-35.7231736,-9.6672704],[-35.7237313,-9.6672426],[-35.7243213,-9.6672152],[-35.7246959,-9.6671955],[-35.7248477,-9.6671875],[-35.7250208,-9.6671778],[-35.7250771,-9.6671783],[-35.7251404,-9.6671762],[-35.7253654,-9.6671663],[-35.7258638,-9.6671428],[-35.7259888,-9.667137],[-35.7265572,-9.6671094],[-35.7267636,-9.6670989],[-35.726981,-9.6670885],[-35.7271739,-9.6670779],[-35.7275344,-9.6670615],[-35.7277295,-9.6670538],[-35.7277316,-9.6670538],[-35.7281966,-9.6670297],[-35.7286551,-9.6670064],[-35.7291363,-9.6669819],[-35.7292631,-9.6669766],[-35.7294703,-9.6669675],[-35.7294575,-9.6671853],[-35.7294594,-9.6674202],[-35.7295129,-9.6676168],[-35.7296226,-9.6677803],[-35.729797,-9.6679587],[-35.7302167,-9.6683068],[-35.7302783,-9.6683579],[-35.7305695,-9.6686257],[-35.7307188,-9.6688907],[-35.7307655,-9.669415],[-35.7308268,-9.6699286],[-35.7308272,-9.669951],[-35.7308346,-9.6702982],[-35.7308952,-9.6710214],[-35.7309327,-9.67147],[-35.7309465,-9.6716348],[-35.7307424,-9.6716807],[-35.7284552,-9.6722775],[-35.7284243,-9.6722856],[-35.7273372,-9.6726928],[-35.7261483,-9.6733595],[-35.7261055,-9.6733835],[-35.7252226,-9.6739361],[-35.7250327,-9.6740428],[-35.7246909,-9.6742348],[-35.7246812,-9.6742402],[-35.7246517,-9.6742568],[-35.7243672,-9.6744167],[-35.7237448,-9.6747852],[-35.723711,-9.6748212],[-35.7235442,-9.6749992],[-35.7233129,-9.6752462],[-35.7230344,-9.6756019],[-35.72309,-9.6757116]]]]}},
{"type":"Feature","properties":{"ibge_code_municipio":"2704302","name":"Ponta Verde","code":"2704302038"},"geometry":{"type":"MultiPolygon","coordinates":[[[[-35.7031092,-9.6640912],[-35.7024261,-9.6641012],[-35.7018222,-9.6642137],[-35.7011746,-9.6643564],[-35.7008213,-9.6644232],[-35.7005245,-9.6644794],[-35.6993622,-9.664752],[-35.6988009,-9.6648113],[-35.6983049,-9.6649355],[-35.6976388,-9.6650397],[-35.6971827,-9.6651105],[-35.697164,-9.665121],[-35.696861,-9.6652904],[-35.6967619,-9.665459],[-35.6967181,-9.6656531],[-35.6966586,-9.6662266],[-35.6961222,-9.6662279],[-35.6961858,-9.6658732],[-35.6959625,-9.6653486],[-35.695737,-9.665216],[-35.6957322,-9.6652132],[-35.6954566,-9.6650535],[-35.6952862,-9.6647656],[-35.6952719,-9.6647123],[-35.6951978,-9.6644345],[-35.6950448,-9.6637751],[-35.6950429,-9.6637671],[-35.6951033,-9.6633628],[-35.6952686,-9.6631583],[-35.6953252,-9.6630882],[-35.695584,-9.6627978],[-35.6958217,-9.6623225],[-35.6958477,-9.6622756],[-35.6963467,-9.6613757],[-35.6967179,-9.6606568],[-35.6968118,-9.6605122],[-35.6970759,-9.6601057],[-35.6971166,-9.6600462],[-35.6973184,-9.6597507],[-35.6975045,-9.6594938],[-35.6976348,-9.6591827],[-35.6976706,-9.6588901],[-35.6976947,-9.6586938],[-35.6976978,-9.6582006],[-35.6977473,-9.6576615],[-35.6977516,-9.657515],[-35.6977557,-9.6573731],[-35.6977887,-9.6570443],[-35.6978646,-9.6566509],[-35.6978696,-9.656625],[-35.6979059,-9.6562153],[-35.6979157,-9.6558284],[-35.6985945,-9.6558242],[-35.7002459,-9.6558099],[-35.7014305,-9.6558022],[-35.7014553,-9.6558024],[-35.7015281,-9.6558027],[-35.7018877,-9.6558065],[-35.7027654,-9.655805],[-35.7039383,-9.6558125],[-35.7052236,-9.6558059],[-35.7064952,-9.6558023],[-35.7077293,-9.6557982],[-35.7089898,-9.6557973],[-35.7089901,-9.6558141],[-35.7089736,-9.6566987],[-35.7102632,-9.6566855],[-35.7102796,-9.6570495],[-35.7102813,-9.657308],[-35.7102803,-9.6576492],[-35.7102829,-9.658306],[-35.7102826,-9.6586641],[-35.7102832,-9.6589081],[-35.7102908,-9.6589453],[-35.7103716,-9.6591507],[-35.7104277,-9.659287],[-35.7104853,-9.6594117],[-35.7105426,-9.6595511],[-35.710676,-9.6597807],[-35.7108824,-9.6601471],[-35.7110325,-9.6604245],[-35.71105,-9.66047],[-35.7110359,-9.6605281],[-35.710827,-9.6609188],[-35.7108207,-9.6609344],[-35.7108048,-9.6609735],[-35.7105164,-9.6614898],[-35.7105107,-9.661499],[-35.7101927,-9.6620549],[-35.7101511,-9.6621321],[-35.7098788,-9.6626339],[-35.7089006,-9.6623131],[-35.7088958,-9.662327],[-35.7086847,-9.6629426],[-35.7090927,-9.6630862],[-35.7085425,-9.6640563],[-35.7084644,-9.6641981],[-35.7084602,-9.664205],[-35.7080139,-9.6649376],[-35.7080038,-9.6649543],[-35.7074365,-9.6647437],[-35.7067963,-9.664542],[-35.7067934,-9.6645411],[-35.7064315,-9.6644594],[-35.7058333,-9.6643244],[-35.7051846,-9.664236],[-35.7045934,-9.6641493],[-35.7038044,-9.6641089],[-35.703122,-9.664091],[-35.7031092,-9.6640912]]]]}},
{"type":"Feature","properties":{"ibge_code_municipio":"2704302","name":"Ipioca","code":"2704302019"},"geometry":{"type":"MultiPolygon","coordinates":[[[[-35.6120278,-9.5168836],[-35.6120765,-9.5169605],[-35.6122118,-9.5171628],[-35.612299,-9.5172722],[-35.6123349,-9.5173173],[-35.6124982,-9.5174733],[-35.6127178,-9.5176343],[-35.612866,-9.5177253],[-35.6131199,-9.5178337],[-35.6131852,-9.5178115],[-35.6134698,-9.5178853],[-35.6135722,-9.5179532],[-35.6136397,-9.5179662],[-35.614774,-9.5181104],[-35.6152941,-9.5181571],[-35.6156186,-9.5182107],[-35.6158675,-9.5182622],[-35.6164484,-9.5184042],[-35.6172304,-9.518664],[-35.6232659,-9.5211397],[-35.6234669,-9.5212303],[-35.623603,-9.521298],[-35.6237273,-9.5213648],[-35.6238536,-9.5214533],[-35.6239681,-9.5215464],[-35.6240755,-9.5216631],[-35.6241775,-9.5217897],[-35.6242575,-9.5218984],[-35.6243525,-9.5220631],[-35.6251709,-9.5238899],[-35.6251851,-9.5239217],[-35.6263917,-9.5266153],[-35.6267691,-9.5272911],[-35.6267822,-9.527318],[-35.6268159,-9.5273873],[-35.6268302,-9.5274168],[-35.6268579,-9.5274738],[-35.6270954,-9.5280522],[-35.6271203,-9.5280926],[-35.6286139,-9.5314092],[-35.6286408,-9.531475],[-35.6289138,-9.5320539],[-35.6289738,-9.532171],[-35.6290218,-9.5322501],[-35.6291212,-9.5323975],[-35.629212,-9.5325059],[-35.6275224,-9.5332924],[-35.6264427,-9.5338779],[-35.6251858,-9.534378],[-35.6247659,-9.5344553],[-35.6242704,-9.5344148],[-35.6232776,-9.5340951],[-35.6201924,-9.5329943],[-35.6196953,-9.5328643],[-35.6193341,-9.5326438],[-35.6190027,-9.5325126],[-35.6177402,-9.5322835],[-35.6168092,-9.5323059],[-35.6162104,-9.5324441],[-35.6160547,-9.5325994],[-35.6160288,-9.5326172],[-35.6159955,-9.5326585],[-35.6159696,-9.5326844],[-35.6159528,-9.5327011],[-35.6159348,-9.5327191],[-35.6159238,-9.5327399],[-35.6158164,-9.5329431],[-35.61574,-9.5334166],[-35.6156897,-9.5340004],[-35.6155899,-9.5344073],[-35.6151921,-9.5349981],[-35.6149263,-9.5354169],[-35.6147111,-9.5358798],[-35.6146777,-9.5363192],[-35.6147372,-9.5368123],[-35.6149967,-9.5371772],[-35.6155096,-9.5377146],[-35.6158294,-9.5381116],[-35.6160592,-9.5386457],[-35.6163157,-9.5390151],[-35.6165435,-9.5392375],[-35.6168913,-9.5394879],[-35.6173449,-9.5395024],[-35.6178645,-9.5392718],[-35.6181322,-9.5389129],[-35.6185958,-9.538716],[-35.6190929,-9.538846],[-35.6192242,-9.5389978],[-35.6194228,-9.5393685],[-35.6196763,-9.5400075],[-35.6197465,-9.5405119],[-35.6196239,-9.5410401],[-35.618781,-9.5418727],[-35.6186046,-9.5423656],[-35.6184684,-9.5428861],[-35.6182122,-9.5446284],[-35.6179587,-9.5449276],[-35.6176757,-9.5451827],[-35.6175287,-9.5456004],[-35.6175491,-9.5462363],[-35.6178231,-9.5467105],[-35.6184112,-9.5470783],[-35.6188929,-9.5473421],[-35.6195397,-9.5473969],[-35.6202444,-9.5473021],[-35.6205095,-9.5473218],[-35.6207178,-9.5474251],[-35.6208548,-9.5475948],[-35.6209336,-9.5477813],[-35.6209115,-9.5479875],[-35.6208191,-9.5482809],[-35.6206659,-9.5486047],[-35.6203955,-9.548847],[-35.6201815,-9.5489133],[-35.620164,-9.5489135],[-35.6201153,-9.5489098],[-35.6196227,-9.5488397],[-35.6191507,-9.548715],[-35.6187556,-9.5485477],[-35.6183917,-9.548399],[-35.6179404,-9.5482195],[-35.6176318,-9.5480344],[-35.6173724,-9.5477836],[-35.6172127,-9.5476075],[-35.6170777,-9.5475003],[-35.6168782,-9.547351],[-35.6168264,-9.5472427],[-35.6167573,-9.5470662],[-35.6168072,-9.5469137],[-35.6169228,-9.5467886],[-35.6171233,-9.5466403],[-35.6173168,-9.5464839],[-35.6174902,-9.5462963],[-35.6175332,-9.5461358],[-35.6174595,-9.5459217],[-35.6173761,-9.5457366],[-35.617184,-9.5455878],[-35.6169532,-9.5455477],[-35.6167478,-9.5454723],[-35.6165811,-9.545385],[-35.6164244,-9.5452846],[-35.6160967,-9.5450903],[-35.6158272,-9.5447797],[-35.6156688,-9.5445098],[-35.6154269,-9.5440564],[-35.6151954,-9.5435764],[-35.6150502,-9.5432431],[-35.6150346,-9.5432339],[-35.6149068,-9.5429905],[-35.6147809,-9.5427232],[-35.6147044,-9.5423469],[-35.614723,-9.5418007],[-35.6146023,-9.5413646],[-35.6144896,-9.5410339],[-35.6141539,-9.5400317],[-35.6138078,-9.5393613],[-35.6132214,-9.5385886],[-35.6125855,-9.5378673],[-35.6118572,-9.5370711],[-35.6104757,-9.535715],[-35.6093531,-9.5347427],[-35.6082947,-9.5338218],[-35.6070523,-9.5328371],[-35.6068066,-9.5326722],[-35.6056751,-9.5319131],[-35.6055517,-9.5318303],[-35.6037071,-9.5308016],[-35.6024111,-9.5302412],[-35.6017033,-9.5300257],[-35.6016494,-9.5300093],[-35.6009244,-9.5298611],[-35.6007121,-9.5298346],[-35.6003791,-9.5297932],[-35.6001457,-9.5297641],[-35.5994197,-9.5296676],[-35.5988817,-9.5295568],[-35.5988467,-9.5295496],[-35.5978044,-9.5295687],[-35.5971349,-9.5296151],[-35.5963717,-9.5297158],[-35.5954915,-9.5298255],[-35.5948873,-9.5299331],[-35.5942886,-9.5300972],[-35.593637,-9.5302857],[-35.5932751,-9.5304851],[-35.5932294,-9.5305245],[-35.5931426,-9.5305994],[-35.5929873,-9.5307443],[-35.5928287,-9.5307687],[-35.5926984,-9.5306352],[-35.592553,-9.5304155],[-35.5923628,-9.530157],[-35.591937,-9.5296893],[-35.5916824,-9.5294469],[-35.5914141,-9.5291261],[-35.5913367,-9.5288975],[-35.5912523,-9.5280271],[-35.5910227,-9.5245858],[-35.5909776,-9.5242167],[-35.5908252,-9.5229685],[-35.5907705,-9.5226449],[-35.5908167,-9.5222846],[-35.5909067,-9.5218007],[-35.5908484,-9.5208364],[-35.5908186,-9.5203422],[-35.5905105,-9.5196103],[-35.5903309,-9.5189674],[-35.5902588,-9.5182764],[-35.5902329,-9.517964],[-35.5901545,-9.5175665],[-35.5900975,-9.5174093],[-35.5899742,-9.5170695],[-35.5897441,-9.5165604],[-35.589563,-9.51618],[-35.5894251,-9.5158945],[-35.5891234,-9.5153299],[-35.5888983,-9.5149711],[-35.5886862,-9.5146632],[-35.5884115,-9.514184],[-35.588109,-9.5137359],[-35.5878273,-9.5132395],[-35.5876346,-9.5126858],[-35.5873891,-9.5120505],[-35.5871907,-9.5115688],[-35.5869469,-9.5112335],[-35.5866287,-9.5109842],[-35.586426,-9.510877],[-35.5861917,-9.5107424],[-35.5859988,-9.5106193],[-35.5858374,-9.5105236],[-35.5856787,-9.5103947],[-35.5854183,-9.5101389],[-35.5850624,-9.5099019],[-35.5847391,-9.509707],[-35.5842699,-9.509383],[-35.5838911,-9.5090439],[-35.5834395,-9.5086282],[-35.582943,-9.5082691],[-35.58239,-9.5077851],[-35.5823525,-9.5077337],[-35.5820573,-9.5073288],[-35.5818749,-9.5069141],[-35.5816384,-9.5063795],[-35.5812548,-9.5056753],[-35.5808841,-9.5050221],[-35.5804955,-9.5043845],[-35.5800006,-9.5036485],[-35.5796384,-9.5032076],[-35.5794044,-9.5029682],[-35.57929,-9.502851],[-35.5787717,-9.5024334],[-35.57835,-9.5021197],[-35.5779926,-9.5018942],[-35.5775966,-9.5016708],[-35.5770012,-9.5014578],[-35.5765923,-9.5012743],[-35.5760758,-9.500995],[-35.5755263,-9.5007994],[-35.5751321,-9.5006076],[-35.5748586,-9.5004412],[-35.5746165,-9.5002934],[-35.5742936,-9.5001313],[-35.5740409,-9.49991],[-35.5740165,-9.4999081],[-35.573807,-9.4996578],[-35.5736013,-9.4993594],[-35.5733312,-9.4990479],[-35.5731649,-9.4987686],[-35.5729016,-9.4984738],[-35.5727028,-9.4981921],[-35.572509,-9.4979511],[-35.572494,-9.4979338],[-35.572479,-9.4979165],[-35.5723014,-9.4976767],[-35.5721777,-9.4974814],[-35.5717844,-9.4969667],[-35.5714961,-9.496678],[-35.5711984,-9.4964048],[-35.5709513,-9.4962162],[-35.5706941,-9.4960511],[-35.5705227,-9.495941],[-35.5701789,-9.4957094],[-35.5697522,-9.495515],[-35.5692684,-9.4953164],[-35.5688854,-9.49519],[-35.5685444,-9.4950507],[-35.5683742,-9.4949246],[-35.5680257,-9.4947767],[-35.5677703,-9.4946346],[-35.5675708,-9.4945237],[-35.5672618,-9.49429],[-35.5669489,-9.4941044],[-35.5667237,-9.4939395],[-35.5666161,-9.4938608],[-35.5663328,-9.4936129],[-35.5660657,-9.4933662],[-35.5658874,-9.4932395],[-35.5656729,-9.4930534],[-35.5655346,-9.4929378],[-35.5653445,-9.4927536],[-35.5650674,-9.4925304],[-35.5647858,-9.4923634],[-35.5645631,-9.4921767],[-35.564276,-9.4919769],[-35.5639988,-9.4917537],[-35.5637166,-9.4915947],[-35.5635164,-9.491434],[-35.5633075,-9.4912806],[-35.5631313,-9.4911375],[-35.5627296,-9.4908661],[-35.5626075,-9.4908132],[-35.5624755,-9.4907364],[-35.5624637,-9.4906254],[-35.5624207,-9.4904627],[-35.5623155,-9.4903445],[-35.5622224,-9.4902591],[-35.5621018,-9.4901861],[-35.5616525,-9.489916],[-35.5611631,-9.4896621],[-35.5606821,-9.4894075],[-35.5602518,-9.489184],[-35.5601741,-9.4891311],[-35.5599123,-9.4889527],[-35.5596716,-9.4887661],[-35.559176,-9.4883112],[-35.5587403,-9.4878492],[-35.5585464,-9.4876014],[-35.5584903,-9.4875297],[-35.558527,-9.4874513],[-35.5588176,-9.4868308],[-35.5589307,-9.4853294],[-35.5590485,-9.4851621],[-35.5591403,-9.4851729],[-35.5597122,-9.48524],[-35.5601267,-9.4852886],[-35.5603762,-9.4852305],[-35.5607361,-9.4845101],[-35.5608449,-9.4838288],[-35.5612114,-9.4828062],[-35.5616795,-9.4809694],[-35.5624023,-9.4797562],[-35.5628474,-9.4795562],[-35.5634392,-9.4795729],[-35.5639614,-9.4794474],[-35.56704,-9.4791527],[-35.5675681,-9.478987],[-35.5676637,-9.4789385],[-35.5686574,-9.4784341],[-35.5691697,-9.4779582],[-35.5692928,-9.4778438],[-35.5699859,-9.4771986],[-35.5731321,-9.4753484],[-35.576935,-9.4729148],[-35.5789173,-9.4718711],[-35.5840937,-9.4788512],[-35.5842122,-9.4789949],[-35.5843342,-9.4791332],[-35.5890774,-9.4836713],[-35.5892297,-9.4838256],[-35.5894619,-9.4840832],[-35.5918219,-9.4869943],[-35.5921502,-9.487432],[-35.5932925,-9.4891322],[-35.5935735,-9.4895919],[-35.593949,-9.4902578],[-35.5940077,-9.4903251],[-35.5948379,-9.4917819],[-35.5950977,-9.4921983],[-35.5953949,-9.4926326],[-35.5954694,-9.4927296],[-35.5957057,-9.4930657],[-35.5972359,-9.495242],[-35.5982567,-9.4965081],[-35.598614,-9.4969514],[-35.5987133,-9.4970853],[-35.5988348,-9.4972633],[-35.5989584,-9.4974801],[-35.5990056,-9.4975746],[-35.6001492,-9.5004089],[-35.6004511,-9.501087],[-35.6008181,-9.5018325],[-35.6009033,-9.5020352],[-35.600934,-9.5021135],[-35.6009895,-9.502236],[-35.6011371,-9.5026117],[-35.6011585,-9.502673],[-35.6012798,-9.5029504],[-35.6014514,-9.5033838],[-35.6014783,-9.5034468],[-35.601521,-9.5035576],[-35.6020491,-9.5048965],[-35.6020712,-9.5049379],[-35.6021854,-9.5051132],[-35.6022343,-9.5051942],[-35.6023337,-9.5053407],[-35.6023916,-9.5054207],[-35.6025468,-9.5056057],[-35.6069937,-9.5098718],[-35.6072258,-9.5101132],[-35.6074609,-9.5103861],[-35.6095067,-9.5129795],[-35.6099275,-9.5136107],[-35.6105013,-9.5145073],[-35.6108981,-9.5151007],[-35.6117225,-9.5164018],[-35.6117374,-9.5164253],[-35.6120278,-9.5168836]]]]}},
{"type":"Feature","properties":{"ibge_code_municipio":"2704302","name":"Clima Bom","code":"2704302011"},"geometry":{"type":"MultiPolygon","coordinates":[[[[-35.784899,-9.5822419],[-35.7847509,-9.5821569],[-35.7845911,-9.5821012],[-35.7844829,-9.5820975],[-35.7817106,-9.5827351],[-35.7816292,-9.5827622],[-35.7815446,-9.582798],[-35.7814257,-9.5828712],[-35.7812401,-9.5830717],[-35.7805061,-9.5839832],[-35.7803392,-9.5842028],[-35.7803099,-9.5841871],[-35.7788604,-9.5853105],[-35.7788407,-9.5853258],[-35.7787952,-9.5853379],[-35.7787719,-9.5852613],[-35.7787387,-9.5852092],[-35.77868,-9.5851617],[-35.7786071,-9.5851282],[-35.7785305,-9.585118],[-35.7784449,-9.5851288],[-35.7783558,-9.5851675],[-35.778264,-9.5851813],[-35.7781879,-9.58518],[-35.7781057,-9.5851727],[-35.778035,-9.5851742],[-35.7770535,-9.5846677],[-35.7767688,-9.5845083],[-35.7764125,-9.5843102],[-35.7763052,-9.5842614],[-35.7761973,-9.5842148],[-35.7760081,-9.584101],[-35.7757137,-9.583951],[-35.775507,-9.5838403],[-35.775249,-9.5836913],[-35.7751399,-9.5835959],[-35.7750497,-9.5834931],[-35.7749612,-9.5833413],[-35.7748915,-9.5831647],[-35.7748432,-9.5829417],[-35.7748407,-9.5828645],[-35.7747785,-9.5823929],[-35.7747491,-9.5822955],[-35.7747284,-9.5821292],[-35.7747024,-9.5820424],[-35.7746655,-9.5819034],[-35.7746465,-9.5818642],[-35.7746081,-9.5817848],[-35.7744668,-9.5815346],[-35.7743577,-9.5813328],[-35.7744177,-9.5811607],[-35.7744676,-9.5810411],[-35.7746954,-9.5804951],[-35.7747766,-9.5803035],[-35.7750054,-9.57971],[-35.77503,-9.5795875],[-35.7750813,-9.5793855],[-35.7752611,-9.5789801],[-35.7753207,-9.5788146],[-35.7754,-9.5785517],[-35.7755104,-9.5778146],[-35.7755918,-9.5772476],[-35.7756148,-9.5771888],[-35.7756327,-9.5771156],[-35.7757742,-9.5766743],[-35.7758078,-9.5765428],[-35.7758367,-9.5764025],[-35.7758481,-9.576319],[-35.7758562,-9.5762788],[-35.7758605,-9.5761461],[-35.7758534,-9.575992],[-35.7758536,-9.575735],[-35.775827,-9.5754751],[-35.7758077,-9.5752909],[-35.7757928,-9.5750485],[-35.7758013,-9.5749575],[-35.7758221,-9.5747801],[-35.7758394,-9.5746595],[-35.7759923,-9.5738969],[-35.7760276,-9.573728],[-35.7761723,-9.5729174],[-35.776198,-9.5728212],[-35.7762414,-9.5725322],[-35.7763377,-9.5719672],[-35.7763672,-9.5718379],[-35.7763902,-9.5717572],[-35.776448,-9.5714279],[-35.7764827,-9.5713861],[-35.7765233,-9.5712188],[-35.7766599,-9.5704459],[-35.7767078,-9.5701778],[-35.7767318,-9.5701715],[-35.7767502,-9.5699946],[-35.7768042,-9.5696514],[-35.7769885,-9.5685962],[-35.7773682,-9.5685705],[-35.777391,-9.5685307],[-35.7772614,-9.5677388],[-35.7772454,-9.5676569],[-35.7772348,-9.5675667],[-35.7772413,-9.5675321],[-35.7772818,-9.5673987],[-35.7775881,-9.5668644],[-35.7775237,-9.566772],[-35.7774477,-9.5666881],[-35.7775394,-9.5666131],[-35.777874,-9.566398],[-35.777888,-9.5663479],[-35.7779418,-9.5662553],[-35.7779755,-9.5661611],[-35.7779852,-9.5659103],[-35.7780953,-9.5660178],[-35.778203,-9.5660923],[-35.7783229,-9.5661096],[-35.7784632,-9.5661097],[-35.7787837,-9.5660464],[-35.7789667,-9.566019],[-35.7811635,-9.5656902],[-35.7825241,-9.5654922],[-35.7828617,-9.5654456],[-35.7847953,-9.5651588],[-35.7867135,-9.5648826],[-35.7870411,-9.5648321],[-35.7879088,-9.5647171],[-35.788093,-9.5647042],[-35.7884562,-9.5647146],[-35.7886409,-9.5647301],[-35.7887086,-9.5647488],[-35.7888649,-9.564769],[-35.7891147,-9.564836],[-35.7893159,-9.5649044],[-35.7894249,-9.564906],[-35.7897762,-9.5651287],[-35.7906317,-9.5656344],[-35.7912381,-9.5659898],[-35.791428,-9.5661],[-35.7919175,-9.5663841],[-35.7922933,-9.566597],[-35.7926969,-9.566843],[-35.7927672,-9.5668858],[-35.7929717,-9.56702],[-35.7932549,-9.5672421],[-35.7937777,-9.5677707],[-35.7939091,-9.5678837],[-35.7942346,-9.5680674],[-35.7968363,-9.5693498],[-35.7972447,-9.5695699],[-35.7972727,-9.569585],[-35.7974821,-9.5697513],[-35.7978055,-9.5700603],[-35.7980602,-9.5703375],[-35.7982902,-9.5706384],[-35.7984524,-9.570853],[-35.7986577,-9.5712236],[-35.7987727,-9.5714649],[-35.7989955,-9.5720409],[-35.7991567,-9.5723972],[-35.7992132,-9.5725111],[-35.7993288,-9.5727048],[-35.7994637,-9.5728592],[-35.7997605,-9.5730411],[-35.8001763,-9.5731477],[-35.8002286,-9.5731477],[-35.8005654,-9.5731405],[-35.8007584,-9.5730943],[-35.8011321,-9.5729968],[-35.8015059,-9.572892],[-35.8017597,-9.5727739],[-35.8019361,-9.5726549],[-35.8025285,-9.5721035],[-35.8028853,-9.5716922],[-35.8029392,-9.5716004],[-35.8031671,-9.5711702],[-35.8035141,-9.5701866],[-35.8036879,-9.569534],[-35.8037983,-9.5696748],[-35.8038973,-9.5699198],[-35.8039274,-9.5700801],[-35.8039372,-9.5702413],[-35.8039148,-9.5703933],[-35.8038505,-9.5705877],[-35.8036753,-9.5710563],[-35.803509,-9.5715257],[-35.8033944,-9.5719901],[-35.8033657,-9.5720409],[-35.8031686,-9.5722712],[-35.8027767,-9.5726289],[-35.8027347,-9.5726748],[-35.8026285,-9.5728021],[-35.8024827,-9.5730445],[-35.8023802,-9.5732046],[-35.8023236,-9.5732812],[-35.8021999,-9.5734239],[-35.8019357,-9.5737058],[-35.8018818,-9.573792],[-35.8018583,-9.5738606],[-35.8018469,-9.5739472],[-35.8018707,-9.5740856],[-35.8019746,-9.5745784],[-35.8020564,-9.5749976],[-35.8020796,-9.5751271],[-35.8020841,-9.575151],[-35.802101,-9.5752386],[-35.8021068,-9.5752688],[-35.8021072,-9.5753357],[-35.8020998,-9.5753957],[-35.8020732,-9.5754844],[-35.8019644,-9.5756933],[-35.8013494,-9.5766167],[-35.8012085,-9.5768132],[-35.800847,-9.5773239],[-35.8007925,-9.577417],[-35.8006823,-9.5776414],[-35.8005877,-9.5778973],[-35.8005587,-9.5779941],[-35.8005275,-9.57828],[-35.8005389,-9.5783446],[-35.8006571,-9.578743],[-35.8007292,-9.5789817],[-35.8007633,-9.5790622],[-35.8007652,-9.579131],[-35.8007252,-9.5792916],[-35.8006975,-9.5793871],[-35.8006308,-9.5795293],[-35.8005319,-9.5797201],[-35.8004227,-9.5798769],[-35.8002528,-9.5801325],[-35.8001453,-9.5803481],[-35.8000504,-9.5805545],[-35.799941,-9.5807925],[-35.7999067,-9.5809103],[-35.7998906,-9.5810713],[-35.7998842,-9.5812568],[-35.7999195,-9.5814403],[-35.8000956,-9.581609],[-35.8001253,-9.5816822],[-35.8001464,-9.581756],[-35.8001474,-9.5819416],[-35.8001808,-9.5823114],[-35.8001995,-9.5824345],[-35.800071,-9.5828511],[-35.7999905,-9.5829829],[-35.7999699,-9.5829558],[-35.7999439,-9.5829191],[-35.7999312,-9.5828768],[-35.7999261,-9.5828333],[-35.7999139,-9.5827891],[-35.7998872,-9.5827532],[-35.7998605,-9.5827173],[-35.799836,-9.5826781],[-35.7997924,-9.582626],[-35.7997492,-9.5825745],[-35.7997168,-9.5825446],[-35.7996846,-9.5825149],[-35.7996766,-9.5824927],[-35.7996694,-9.5824725],[-35.7996909,-9.5824329],[-35.7997101,-9.5823978],[-35.799732,-9.582353],[-35.7997362,-9.5823081],[-35.7997288,-9.5822646],[-35.7997154,-9.5822216],[-35.7997023,-9.5821783],[-35.7996865,-9.582136],[-35.7996706,-9.5820936],[-35.7996349,-9.5820695],[-35.7996031,-9.5820669],[-35.799556,-9.5820675],[-35.7987735,-9.5820799],[-35.7987409,-9.5820515],[-35.798698,-9.581973],[-35.7987109,-9.5819167],[-35.7987322,-9.5818408],[-35.7987783,-9.5817157],[-35.7987913,-9.5816742],[-35.7988018,-9.5816275],[-35.7987881,-9.5815885],[-35.798759,-9.5815536],[-35.7987193,-9.5815299],[-35.7986783,-9.5815144],[-35.7985926,-9.5814817],[-35.7985476,-9.5814646],[-35.7984624,-9.5814428],[-35.798418,-9.5814314],[-35.798385,-9.5814229],[-35.7983306,-9.5814106],[-35.7982859,-9.581403],[-35.7981957,-9.5813875],[-35.7981317,-9.5813562],[-35.7980795,-9.5813178],[-35.7979982,-9.5812796],[-35.7979526,-9.5812719],[-35.7978217,-9.5812964],[-35.7976864,-9.5812738],[-35.7976394,-9.5812717],[-35.797452,-9.5812626],[-35.7973663,-9.5812675],[-35.7973234,-9.58127],[-35.797278,-9.5812574],[-35.7972385,-9.5812405],[-35.7971328,-9.581208],[-35.7970188,-9.5811754],[-35.7968839,-9.5811503],[-35.7967499,-9.5811282],[-35.7966606,-9.581114],[-35.7965879,-9.5810755],[-35.7965819,-9.5810724],[-35.7965474,-9.5810663],[-35.7965368,-9.5810644],[-35.7964504,-9.5810494],[-35.7964023,-9.5810413],[-35.7963585,-9.5810245],[-35.7962315,-9.5809969],[-35.7961855,-9.5809871],[-35.7961381,-9.580975],[-35.796096,-9.5809643],[-35.7960181,-9.5809446],[-35.7959617,-9.580933],[-35.7959458,-9.5809262],[-35.7958977,-9.5809055],[-35.7958791,-9.5808976],[-35.7957902,-9.5808755],[-35.7957454,-9.5808645],[-35.7957019,-9.5808537],[-35.7956174,-9.5808325],[-35.7955713,-9.5808212],[-35.7955265,-9.5808112],[-35.795483,-9.5807945],[-35.7954406,-9.5807781],[-35.7953904,-9.5807588],[-35.7953586,-9.5807423],[-35.7953123,-9.580731],[-35.7952808,-9.5807266],[-35.7952243,-9.5807189],[-35.7951801,-9.5807129],[-35.7951352,-9.5807064],[-35.795044,-9.5807092],[-35.7950082,-9.5807455],[-35.7949788,-9.5807751],[-35.7949476,-9.580801],[-35.7949027,-9.5808141],[-35.7948595,-9.580827],[-35.7947733,-9.5808488],[-35.7947269,-9.5808606],[-35.7945479,-9.5808559],[-35.7945105,-9.5808431],[-35.7944631,-9.5808268],[-35.7944224,-9.5808134],[-35.7943352,-9.5807849],[-35.7942979,-9.5807605],[-35.7942595,-9.5807354],[-35.7942223,-9.580711],[-35.7941919,-9.5806796],[-35.7941612,-9.5806482],[-35.7941178,-9.5806306],[-35.794081,-9.5806068],[-35.794043,-9.5805824],[-35.7940082,-9.5805531],[-35.7939739,-9.5805245],[-35.7939422,-9.5804979],[-35.7939011,-9.5804635],[-35.7938671,-9.580435],[-35.7938329,-9.5804094],[-35.7937975,-9.5803828],[-35.7937599,-9.5803546],[-35.7937254,-9.5803287],[-35.7936792,-9.5803086],[-35.7936408,-9.580292],[-35.7935953,-9.5802806],[-35.7935532,-9.5802701],[-35.793509,-9.5802695],[-35.793468,-9.5802689],[-35.7934345,-9.5802684],[-35.793396,-9.5802669],[-35.7933697,-9.5802658],[-35.7933268,-9.580264],[-35.7932851,-9.5802623],[-35.7932672,-9.5802616],[-35.7931944,-9.5802709],[-35.7930991,-9.5802725],[-35.7930535,-9.5802732],[-35.7930069,-9.580271],[-35.7929601,-9.580269],[-35.7929175,-9.5802743],[-35.792871,-9.5802801],[-35.792828,-9.5802901],[-35.7927857,-9.5803001],[-35.79274,-9.5803108],[-35.7927033,-9.5803194],[-35.7926456,-9.5803293],[-35.7926061,-9.5803322],[-35.7925397,-9.5803369],[-35.7925155,-9.5803387],[-35.792469,-9.580342],[-35.7924251,-9.5803452],[-35.7923782,-9.580344],[-35.7923346,-9.580343],[-35.7922892,-9.5803548],[-35.792255,-9.5803356],[-35.7922245,-9.5803025],[-35.7921897,-9.5802715],[-35.7920821,-9.5801919],[-35.792048,-9.5801621],[-35.7918862,-9.5800017],[-35.7918329,-9.5799475],[-35.7918228,-9.5799371],[-35.7918131,-9.5799309],[-35.7917872,-9.5799142],[-35.7917422,-9.5798912],[-35.7916949,-9.5798561],[-35.7916433,-9.579803],[-35.7915497,-9.5797044],[-35.7914676,-9.5796635],[-35.7912398,-9.5796654],[-35.7911891,-9.5796811],[-35.7910208,-9.5797105],[-35.7909251,-9.5797813],[-35.7908672,-9.5798674],[-35.7907333,-9.5799922],[-35.7905955,-9.5800421],[-35.7904656,-9.580133],[-35.7903357,-9.5801903],[-35.7902903,-9.5802078],[-35.7902486,-9.5802244],[-35.7902059,-9.580241],[-35.7901633,-9.5802577],[-35.7901336,-9.5802805],[-35.7901271,-9.5801739],[-35.7901183,-9.5801026],[-35.7901423,-9.580032],[-35.7901536,-9.5799686],[-35.790133,-9.5798983],[-35.7901243,-9.5798288],[-35.7900983,-9.5797712],[-35.790052,-9.5796749],[-35.7900125,-9.5796301],[-35.7899984,-9.5795687],[-35.7897859,-9.5806094],[-35.7897404,-9.5806082],[-35.7896985,-9.5806384],[-35.7896705,-9.5806718],[-35.7896663,-9.5807226],[-35.7896807,-9.5807916],[-35.7896088,-9.5807979],[-35.7895013,-9.5807825],[-35.7894329,-9.5807767],[-35.7893855,-9.5807671],[-35.7892915,-9.580739],[-35.789225,-9.5807278],[-35.7891502,-9.5807067],[-35.7891027,-9.5806881],[-35.7890543,-9.580674],[-35.7889914,-9.5806592],[-35.7889021,-9.5806409],[-35.78883,-9.5806239],[-35.7887533,-9.5805933],[-35.7887086,-9.5805856],[-35.7886321,-9.5805808],[-35.7886267,-9.580588],[-35.7886144,-9.580646],[-35.7886431,-9.5806954],[-35.7886444,-9.5807914],[-35.7887385,-9.5807823],[-35.7891278,-9.5813086],[-35.78923,-9.581455],[-35.7893597,-9.5816112],[-35.7893589,-9.5817413],[-35.7893047,-9.5817968],[-35.7884762,-9.5822254],[-35.7880973,-9.5824549],[-35.7877609,-9.5826847],[-35.7874462,-9.5830318],[-35.7871652,-9.5834177],[-35.7871315,-9.5834561],[-35.7871096,-9.5834826],[-35.784899,-9.5822419]]]]}},
{"type":"Feature","properties":{"ibge_code_municipio":"2704302","name":"Jacintinho","code":"2704302021"},"geometry":{"type":"MultiPolygon","coordinates":[[[[-35.7113349,-9.6415413],[-35.710872,-9.6415959],[-35.7108048,-9.6415076],[-35.7107407,-9.6414786],[-35.710385,-9.6414583],[-35.7102061,-9.6415154],[-35.7101157,-9.6412454],[-35.7101048,-9.6412201],[-35.7100968,-9.6412012],[-35.7100882,-9.6412012],[-35.7094497,-9.6412159],[-35.709399,-9.6411839],[-35.7093159,-9.641184],[-35.709176,-9.6411818],[-35.7091516,-9.6411802],[-35.709107,-9.6411789],[-35.7088507,-9.6411142],[-35.7088326,-9.6411018],[-35.7088301,-9.6410848],[-35.7087855,-9.6410443],[-35.708762,-9.6410115],[-35.7087528,-9.6409417],[-35.7087469,-9.6407417],[-35.70877,-9.6406791],[-35.7083337,-9.6406059],[-35.7082782,-9.6405558],[-35.7082229,-9.6404825],[-35.7081964,-9.6404211],[-35.7080568,-9.6400972],[-35.7080134,-9.6399871],[-35.7079006,-9.6397006],[-35.7078952,-9.6396808],[-35.7076785,-9.6388923],[-35.7076222,-9.6387329],[-35.7069312,-9.6388098],[-35.7060299,-9.6388882],[-35.7060276,-9.6388222],[-35.7059855,-9.6383476],[-35.7059459,-9.6375677],[-35.7059451,-9.6375559],[-35.7059769,-9.6375277],[-35.7059788,-9.6375079],[-35.7059644,-9.6374755],[-35.7059594,-9.6374566],[-35.7059647,-9.6374405],[-35.70598,-9.6374164],[-35.7059931,-9.6373928],[-35.7060028,-9.6373722],[-35.7059648,-9.6373207],[-35.7058489,-9.6370773],[-35.7056938,-9.6367776],[-35.7055821,-9.6366271],[-35.705402,-9.6363794],[-35.7053537,-9.6363297],[-35.7052978,-9.6362722],[-35.7052455,-9.6362426],[-35.7051822,-9.6361893],[-35.7050397,-9.6360198],[-35.7049643,-9.6359844],[-35.7048828,-9.6359793],[-35.704882,-9.6359578],[-35.7048817,-9.6359484],[-35.7046475,-9.6359544],[-35.704126,-9.6349383],[-35.7041019,-9.6348808],[-35.7044219,-9.6348248],[-35.7046251,-9.634786],[-35.7047325,-9.6347176],[-35.7049977,-9.6345796],[-35.7050867,-9.6345322],[-35.7052086,-9.6344672],[-35.7053626,-9.6344053],[-35.7056912,-9.6342432],[-35.7062141,-9.6339866],[-35.7067141,-9.633747],[-35.7067128,-9.6336589],[-35.7067429,-9.6336483],[-35.7067652,-9.6336391],[-35.7068287,-9.6336124],[-35.7069183,-9.633552],[-35.7069672,-9.633511],[-35.7070196,-9.6334618],[-35.7071616,-9.6333495],[-35.7072356,-9.6333008],[-35.7075309,-9.6330729],[-35.7077812,-9.6330665],[-35.7083185,-9.6330528],[-35.7083471,-9.633037],[-35.708349,-9.6329327],[-35.7083568,-9.6324902],[-35.7085455,-9.6324845],[-35.7086349,-9.6324767],[-35.7087739,-9.6324593],[-35.7088364,-9.6324514],[-35.7090423,-9.6324294],[-35.7091954,-9.6324089],[-35.7094028,-9.6323823],[-35.7097119,-9.6323437],[-35.7098648,-9.63232],[-35.7099233,-9.6323073],[-35.7100773,-9.6322561],[-35.7100846,-9.6322596],[-35.7102588,-9.6321696],[-35.7103302,-9.6321094],[-35.7103996,-9.6320185],[-35.7104418,-9.6318842],[-35.7104893,-9.6316989],[-35.7105263,-9.631583],[-35.7105594,-9.6315041],[-35.7106764,-9.6312642],[-35.7107028,-9.631096],[-35.7107032,-9.6309598],[-35.7107469,-9.6309719],[-35.7107963,-9.6309738],[-35.7109336,-9.6309602],[-35.7110363,-9.630924],[-35.7111087,-9.6308802],[-35.7112432,-9.6309644],[-35.7112883,-9.6311514],[-35.7113376,-9.6313078],[-35.7113772,-9.6312956],[-35.7114849,-9.6313943],[-35.7115182,-9.6315711],[-35.7115374,-9.6318171],[-35.7115288,-9.63191],[-35.711526,-9.631925],[-35.7115182,-9.6319493],[-35.7114734,-9.6320202],[-35.7114544,-9.6321263],[-35.7114759,-9.6323221],[-35.7113775,-9.6323981],[-35.711358,-9.6325523],[-35.7115053,-9.6328231],[-35.7115814,-9.6328255],[-35.7116329,-9.6328915],[-35.7116474,-9.6330316],[-35.7116606,-9.6330562],[-35.7117581,-9.6330939],[-35.7120258,-9.6330952],[-35.7120335,-9.6330952],[-35.7120426,-9.6330953],[-35.7121229,-9.6330956],[-35.7129353,-9.6330994],[-35.7130267,-9.6330999],[-35.7130773,-9.6331001],[-35.7131437,-9.6331004],[-35.713762,-9.6330972],[-35.7137662,-9.6333481],[-35.7138353,-9.6333308],[-35.7138823,-9.6333426],[-35.7138823,-9.633601],[-35.7138604,-9.6337553],[-35.7138311,-9.6337587],[-35.7137721,-9.6337697],[-35.713528,-9.6338964],[-35.7134374,-9.63394],[-35.7133728,-9.6339694],[-35.7133401,-9.6339878],[-35.7132832,-9.6340109],[-35.7131999,-9.6340512],[-35.7130176,-9.6341273],[-35.7130791,-9.6342548],[-35.7131328,-9.6343387],[-35.7132726,-9.6345445],[-35.7133197,-9.6345296],[-35.7134999,-9.6344658],[-35.713955,-9.6343119],[-35.7139642,-9.6343181],[-35.7139922,-9.6342912],[-35.7143418,-9.6342807],[-35.7153099,-9.6343874],[-35.7154126,-9.6343566],[-35.7155786,-9.6343812],[-35.7156491,-9.634459],[-35.7158039,-9.6344575],[-35.7158851,-9.6344744],[-35.7157222,-9.6337577],[-35.7156043,-9.6332944],[-35.7155755,-9.6332383],[-35.7155282,-9.6329627],[-35.7154647,-9.6327223],[-35.7162157,-9.6327114],[-35.7167488,-9.6327059],[-35.7172046,-9.6326988],[-35.7172571,-9.632698],[-35.7172372,-9.6318439],[-35.7180045,-9.6319121],[-35.7180359,-9.6319146],[-35.7182314,-9.6319476],[-35.7183248,-9.6319697],[-35.7184702,-9.6320022],[-35.7186152,-9.6320118],[-35.7192372,-9.6320364],[-35.7194293,-9.6320357],[-35.7194192,-9.6318418],[-35.7195332,-9.6318131],[-35.7195592,-9.6316796],[-35.7199035,-9.6316267],[-35.7202424,-9.6315226],[-35.7204038,-9.6314342],[-35.7204685,-9.6313505],[-35.7204983,-9.6312927],[-35.7205313,-9.6311849],[-35.7205209,-9.6310706],[-35.7204035,-9.6308509],[-35.7206429,-9.6306919],[-35.7208158,-9.6307387],[-35.7209753,-9.6308657],[-35.7209627,-9.6309831],[-35.7210147,-9.6309944],[-35.7210494,-9.6310095],[-35.7210796,-9.6310201],[-35.7211316,-9.631036],[-35.721242,-9.6310676],[-35.7212832,-9.6310908],[-35.7213126,-9.6311249],[-35.7213338,-9.6311654],[-35.7213387,-9.6312105],[-35.72136,-9.631251],[-35.7214012,-9.631276],[-35.7214459,-9.6312919],[-35.7214889,-9.6313169],[-35.7215247,-9.63135],[-35.7215685,-9.6313632],[-35.7216131,-9.6313683],[-35.7216587,-9.6313679],[-35.721705,-9.6313567],[-35.7217348,-9.6313258],[-35.7217646,-9.6312921],[-35.7217989,-9.6312521],[-35.721836,-9.6312238],[-35.7218814,-9.6312099],[-35.7219234,-9.6312285],[-35.7219319,-9.6312709],[-35.7219414,-9.6313214],[-35.7219826,-9.6313473],[-35.7220082,-9.631357],[-35.7220423,-9.6313721],[-35.7220685,-9.6313837],[-35.7221177,-9.6313923],[-35.7221387,-9.631394],[-35.7222015,-9.6313971],[-35.7222635,-9.6313984],[-35.7223127,-9.6314025],[-35.7223562,-9.6313859],[-35.722396,-9.6313531],[-35.7224638,-9.6312929],[-35.7225019,-9.6312673],[-35.7225473,-9.6312543],[-35.7225604,-9.6312958],[-35.7225707,-9.6313436],[-35.7226057,-9.6313839],[-35.722634,-9.6314018],[-35.7226716,-9.6314268],[-35.7227163,-9.6314373],[-35.7227601,-9.6314487],[-35.7228306,-9.6315059],[-35.7228913,-9.6315732],[-35.7229563,-9.6315113],[-35.7230314,-9.6314502],[-35.7231204,-9.6314205],[-35.7232113,-9.6314081],[-35.7232819,-9.6313515],[-35.7233174,-9.6313584],[-35.7233722,-9.6313689],[-35.7233955,-9.6313968],[-35.7234166,-9.631421],[-35.723431,-9.6314376],[-35.7234862,-9.6315116],[-35.7235369,-9.631588],[-35.7235267,-9.6316793],[-35.7234699,-9.6317512],[-35.7233966,-9.631806],[-35.7233782,-9.6318276],[-35.7233362,-9.6318769],[-35.7233269,-9.6319673],[-35.7233867,-9.6320419],[-35.7234662,-9.6320855],[-35.7235332,-9.6321491],[-35.7235584,-9.632232],[-35.7236046,-9.6323166],[-35.7236381,-9.6324022],[-35.7236761,-9.6324841],[-35.723762,-9.6325205],[-35.7238469,-9.6325559],[-35.7238832,-9.6326257],[-35.7238895,-9.6326378],[-35.7239254,-9.6326872],[-35.7239503,-9.6327304],[-35.7239698,-9.6327799],[-35.7239954,-9.6327924],[-35.72402,-9.6327949],[-35.7240437,-9.6328001],[-35.7240775,-9.6328062],[-35.7241003,-9.632815],[-35.7241323,-9.6328311],[-35.7241615,-9.6328435],[-35.7241762,-9.6328515],[-35.7241984,-9.6328956],[-35.7242068,-9.632929],[-35.7242218,-9.6329758],[-35.724233,-9.6330128],[-35.7242346,-9.6330537],[-35.7242352,-9.6330703],[-35.7242355,-9.6330784],[-35.7242359,-9.6330883],[-35.7242364,-9.6331031],[-35.7242343,-9.6331772],[-35.7242327,-9.6332513],[-35.7242324,-9.6332662],[-35.7242323,-9.6332685],[-35.7242345,-9.6333091],[-35.7242412,-9.6333515],[-35.7242483,-9.6335213],[-35.7242072,-9.6335863],[-35.7241794,-9.6337197],[-35.7241514,-9.6338263],[-35.7241291,-9.6339144],[-35.7241132,-9.6339556],[-35.7241078,-9.6339928],[-35.7240992,-9.6340411],[-35.7240959,-9.6340809],[-35.7240924,-9.6340963],[-35.7240888,-9.6341117],[-35.7240697,-9.6341802],[-35.7240334,-9.6343862],[-35.724024,-9.6344351],[-35.7240161,-9.6344709],[-35.724009,-9.6345029],[-35.724,-9.6345588],[-35.7239996,-9.6345612],[-35.7239864,-9.6346722],[-35.7239601,-9.6347286],[-35.7239375,-9.6347851],[-35.7239205,-9.6348246],[-35.7238961,-9.6348735],[-35.7238735,-9.6349168],[-35.7238679,-9.6349845],[-35.7238641,-9.6350654],[-35.7238999,-9.6351143],[-35.7238886,-9.6351839],[-35.7239017,-9.6353119],[-35.7239431,-9.6353909],[-35.7240153,-9.6354919],[-35.7240315,-9.6355553],[-35.7240276,-9.6356095],[-35.7240237,-9.6356638],[-35.7240334,-9.6357145],[-35.7240259,-9.6357672],[-35.7240551,-9.6359217],[-35.7240257,-9.6359987],[-35.7239938,-9.6361047],[-35.7239899,-9.6361419],[-35.7239877,-9.6361634],[-35.7239838,-9.6362013],[-35.7239807,-9.6362316],[-35.7239784,-9.6362533],[-35.7239769,-9.6362683],[-35.7239733,-9.6363539],[-35.7239723,-9.6363778],[-35.7239715,-9.6363958],[-35.7239715,-9.6363994],[-35.7239704,-9.6364798],[-35.7239654,-9.6365422],[-35.7239505,-9.6366119],[-35.7239426,-9.6366472],[-35.7238977,-9.6367297],[-35.7238645,-9.6367842],[-35.7238585,-9.636833],[-35.7238736,-9.636898],[-35.7238959,-9.6369651],[-35.7238991,-9.6369727],[-35.7238998,-9.636981],[-35.7239057,-9.6370459],[-35.7238898,-9.6371011],[-35.7238593,-9.6371556],[-35.7238263,-9.6372453],[-35.7238242,-9.6372733],[-35.7238232,-9.6372858],[-35.7238223,-9.6372982],[-35.7238205,-9.6373212],[-35.7238224,-9.637346],[-35.7238227,-9.63735],[-35.7238229,-9.6373534],[-35.7238256,-9.6373899],[-35.7238444,-9.6374611],[-35.7238621,-9.637507],[-35.7238724,-9.6375413],[-35.7238417,-9.637575],[-35.7237992,-9.6376078],[-35.7237566,-9.6376416],[-35.7237259,-9.6376689],[-35.7237264,-9.6376849],[-35.7237267,-9.6376934],[-35.7237333,-9.6377007],[-35.7237421,-9.637709],[-35.7237663,-9.6377321],[-35.7237698,-9.6377359],[-35.7237732,-9.6377396],[-35.7237793,-9.6377462],[-35.7238454,-9.6378135],[-35.7239179,-9.6378843],[-35.7239375,-9.6379401],[-35.723917,-9.637999],[-35.7238809,-9.6380309],[-35.7238408,-9.6380376],[-35.7237554,-9.6380563],[-35.723701,-9.6380784],[-35.7236713,-9.6381311],[-35.7236764,-9.6381961],[-35.7236832,-9.6382202],[-35.7236952,-9.6382628],[-35.7236985,-9.6382698],[-35.7237304,-9.6383384],[-35.7237748,-9.6384239],[-35.7238132,-9.6384543],[-35.7238876,-9.638526],[-35.7239306,-9.6385582],[-35.7239793,-9.6386066],[-35.7240024,-9.638657],[-35.7240137,-9.6387048],[-35.7240157,-9.6387256],[-35.7240165,-9.6387928],[-35.7240193,-9.6388367],[-35.7240297,-9.6388736],[-35.7240556,-9.638924],[-35.7241027,-9.6390158],[-35.7241513,-9.6390597],[-35.7241972,-9.6390973],[-35.7242155,-9.6391238],[-35.7242257,-9.6391386],[-35.7242588,-9.6391817],[-35.7242973,-9.6392148],[-35.7243357,-9.6392236],[-35.7243647,-9.639217],[-35.724411,-9.6391941],[-35.7244391,-9.6391749],[-35.7244743,-9.6391421],[-35.7245241,-9.6391037],[-35.724564,-9.6390817],[-35.7246285,-9.639074],[-35.7246576,-9.6390656],[-35.7246817,-9.6390013],[-35.7246869,-9.6389678],[-35.7247038,-9.6389261],[-35.7247265,-9.6389088],[-35.7247664,-9.6388985],[-35.724811,-9.63889],[-35.7248484,-9.6388952],[-35.724893,-9.6388993],[-35.7249432,-9.6389143],[-35.7250507,-9.6389216],[-35.7250954,-9.6389294],[-35.725163,-9.6389668],[-35.7251815,-9.639],[-35.7251827,-9.6390398],[-35.7251797,-9.6391157],[-35.7251928,-9.6391572],[-35.7252267,-9.6391822],[-35.7252604,-9.6391837],[-35.7252939,-9.6391672],[-35.7253646,-9.6391242],[-35.7254092,-9.6391184],[-35.7254512,-9.6391407],[-35.7254707,-9.6391821],[-35.7254755,-9.6392182],[-35.7254715,-9.6392806],[-35.7254529,-9.6393458],[-35.7254489,-9.6394172],[-35.725451,-9.639447],[-35.7254659,-9.6394866],[-35.7254852,-9.639509],[-35.7255308,-9.6395195],[-35.7256091,-9.6395207],[-35.7256956,-9.63952],[-35.725765,-9.6395439],[-35.7258007,-9.6395779],[-35.7258167,-9.6396365],[-35.7258514,-9.6397591],[-35.7258735,-9.6397915],[-35.725913,-9.6398345],[-35.7260023,-9.6398465],[-35.7260918,-9.639856],[-35.7260971,-9.6398566],[-35.7261501,-9.6398851],[-35.7261841,-9.6399182],[-35.7262154,-9.6399731],[-35.7262495,-9.6400171],[-35.7262935,-9.6400601],[-35.7263439,-9.6400995],[-35.7263869,-9.6401244],[-35.726418,-9.640135],[-35.7264921,-9.6401805],[-35.7265215,-9.6402119],[-35.7265345,-9.640247],[-35.7265331,-9.6402967],[-35.726529,-9.6403582],[-35.7265294,-9.6404061],[-35.7265425,-9.6404512],[-35.7265799,-9.6404635],[-35.7266327,-9.6404577],[-35.7267499,-9.6404269],[-35.7268743,-9.6403862],[-35.7269103,-9.6403798],[-35.7269225,-9.6403777],[-35.7269581,-9.6403837],[-35.7269809,-9.6403953],[-35.7269894,-9.6404268],[-35.7269951,-9.6404638],[-35.7269981,-9.6405],[-35.7269903,-9.6405416],[-35.7269907,-9.6405922],[-35.727,-9.6406201],[-35.7270411,-9.6406397],[-35.7271195,-9.640649],[-35.7272062,-9.6406673],[-35.727272,-9.6407011],[-35.7272943,-9.6407596],[-35.7273083,-9.6408029],[-35.7273241,-9.6408452],[-35.7273345,-9.6408661],[-35.7273794,-9.6409288],[-35.7274097,-9.6409548],[-35.7274638,-9.6410049],[-35.7274766,-9.641013],[-35.7275215,-9.6410461],[-35.7275489,-9.641054],[-35.7275908,-9.6410582],[-35.7276064,-9.6410698],[-35.7276368,-9.6411192],[-35.7276774,-9.6411812],[-35.7277076,-9.6411973],[-35.7277269,-9.6412224],[-35.7277566,-9.6412981],[-35.7277699,-9.6413621],[-35.7277813,-9.6414208],[-35.7277864,-9.6414867],[-35.7277873,-9.6415526],[-35.7277856,-9.6416213],[-35.7278025,-9.6416844],[-35.7278138,-9.6417286],[-35.7278925,-9.6417813],[-35.7279103,-9.6418363],[-35.7279136,-9.6419112],[-35.7279197,-9.641988],[-35.7279208,-9.6420187],[-35.7279302,-9.6420448],[-35.7279451,-9.6420881],[-35.7279664,-9.6421394],[-35.7279512,-9.6421657],[-35.7279013,-9.6421905],[-35.7278659,-9.6422088],[-35.7278433,-9.6422289],[-35.7278161,-9.6422445],[-35.7277854,-9.6422682],[-35.7277603,-9.6423271],[-35.7277269,-9.6423527],[-35.7277042,-9.6423691],[-35.7276635,-9.6423984],[-35.7276364,-9.6424221],[-35.7276129,-9.6424458],[-35.7275949,-9.6424703],[-35.7275778,-9.6424966],[-35.7275727,-9.6425223],[-35.7275726,-9.642535],[-35.7275721,-9.6425834],[-35.7275725,-9.6426286],[-35.7275592,-9.6426712],[-35.7275257,-9.6427003],[-35.7274867,-9.6427214],[-35.7274549,-9.6427271],[-35.7274268,-9.6427382],[-35.727395,-9.6427529],[-35.7273696,-9.6427666],[-35.7273397,-9.6427804],[-35.7273179,-9.6427923],[-35.7272826,-9.6428116],[-35.7272518,-9.6428299],[-35.7272256,-9.6428509],[-35.7271866,-9.6428738],[-35.7271558,-9.6428907],[-35.7271368,-9.6429076],[-35.7271124,-9.642934],[-35.727088,-9.6429568],[-35.7270608,-9.6429715],[-35.7270309,-9.6429889],[-35.7269946,-9.6430009],[-35.7269673,-9.6430092],[-35.7269373,-9.6430122],[-35.7269018,-9.6430179],[-35.7268709,-9.6430172],[-35.7268362,-9.643003],[-35.7268037,-9.6429873],[-35.726784,-9.6429745],[-35.7267574,-9.6429486],[-35.7267354,-9.6429261],[-35.7267079,-9.6429056],[-35.7266796,-9.6428886],[-35.7266476,-9.6428789],[-35.7266185,-9.6428774],[-35.7265867,-9.6428767],[-35.7265548,-9.6428824],[-35.7265309,-9.6429011],[-35.7265045,-9.6429146],[-35.7264696,-9.6429209],[-35.726432,-9.6429219],[-35.7264128,-9.6429191],[-35.7263773,-9.642909],[-35.7263504,-9.6428982],[-35.7263035,-9.6428764],[-35.726266,-9.6428506],[-35.7262321,-9.6428307],[-35.7261774,-9.6428128],[-35.7261239,-9.6428279],[-35.7260929,-9.6428796],[-35.7260861,-9.6429093],[-35.7260936,-9.6429589],[-35.7260661,-9.6429893],[-35.726016,-9.6430177],[-35.7259936,-9.6430351],[-35.725946,-9.6430785],[-35.7259182,-9.6430941],[-35.7258877,-9.6431042],[-35.7258399,-9.6431283],[-35.7258011,-9.6431452],[-35.7257672,-9.6431677],[-35.7257227,-9.6432014],[-35.7256633,-9.6432481],[-35.7256188,-9.6432585],[-35.7255683,-9.6432682],[-35.7255206,-9.6433056],[-35.7254628,-9.6433353],[-35.7254239,-9.6433713],[-35.7254005,-9.6433776],[-35.7253782,-9.6433611],[-35.7252945,-9.6432633],[-35.7252372,-9.6432492],[-35.7252026,-9.6432587],[-35.7251647,-9.6433071],[-35.7251399,-9.6433401],[-35.7250957,-9.6433907],[-35.725065,-9.6434296],[-35.7250072,-9.6434841],[-35.72496,-9.6435171],[-35.7249255,-9.6435555],[-35.7248949,-9.6435998],[-35.724872,-9.6436513],[-35.7248671,-9.6436878],[-35.7248501,-9.6437252],[-35.7248518,-9.6437301],[-35.7248637,-9.6437656],[-35.7248657,-9.6437948],[-35.7248662,-9.6438293],[-35.7248521,-9.6439139],[-35.7248282,-9.6439819],[-35.7247791,-9.644034],[-35.7246916,-9.644068],[-35.7246177,-9.6440641],[-35.7245545,-9.6440573],[-35.7245195,-9.6440563],[-35.7244675,-9.6440704],[-35.7244456,-9.6440768],[-35.7243941,-9.644102],[-35.7243605,-9.6441093],[-35.7243338,-9.644121],[-35.7242905,-9.6441419],[-35.724239,-9.6441618],[-35.7241675,-9.6441803],[-35.7240751,-9.6441949],[-35.7239973,-9.6442105],[-35.7239526,-9.6442129],[-35.7239258,-9.6442348],[-35.7238976,-9.6442435],[-35.723955,-9.6442773],[-35.7239483,-9.6442812],[-35.7239447,-9.6442859],[-35.7239402,-9.6442919],[-35.7239385,-9.6442973],[-35.7239571,-9.6443809],[-35.7239732,-9.6444352],[-35.7239613,-9.644467],[-35.723943,-9.6444955],[-35.7239148,-9.6445514],[-35.7239055,-9.6445849],[-35.7238961,-9.6446108],[-35.7238906,-9.644638],[-35.723892,-9.6446773],[-35.723896,-9.6447074],[-35.7239049,-9.644754],[-35.7239103,-9.6447917],[-35.7239154,-9.6448806],[-35.7239018,-9.6449535],[-35.7239803,-9.6449826],[-35.724094,-9.6450334],[-35.7241558,-9.6450601],[-35.7241803,-9.6450881],[-35.7241848,-9.6451071],[-35.7241878,-9.6451198],[-35.7241763,-9.6451523],[-35.7241475,-9.6451968],[-35.7241221,-9.645244],[-35.7241002,-9.6452917],[-35.7240825,-9.6453269],[-35.724081,-9.6453346],[-35.7240583,-9.6453843],[-35.7240501,-9.6454143],[-35.7240484,-9.6454358],[-35.7240511,-9.6454753],[-35.7240597,-9.6455118],[-35.7240672,-9.645531],[-35.7240782,-9.6455653],[-35.724096,-9.6455947],[-35.7241165,-9.6456545],[-35.7241172,-9.6456789],[-35.7241069,-9.645715],[-35.7240742,-9.6457711],[-35.7240565,-9.6458014],[-35.7240375,-9.6458311],[-35.7239894,-9.6458702],[-35.7239589,-9.6459154],[-35.7239518,-9.6459371],[-35.723949,-9.6459646],[-35.7239563,-9.6459906],[-35.7239522,-9.6460337],[-35.7239337,-9.6460966],[-35.7238854,-9.6461494],[-35.7240497,-9.6463844],[-35.7241726,-9.6465359],[-35.7244005,-9.6468781],[-35.7246113,-9.6471233],[-35.7247699,-9.6472652],[-35.7249276,-9.6473607],[-35.7250416,-9.647414],[-35.72515,-9.6474487],[-35.7253092,-9.647472],[-35.7254657,-9.6474829],[-35.7255893,-9.6474714],[-35.7256792,-9.6474569],[-35.7262447,-9.6472936],[-35.726376,-9.6472466],[-35.726517,-9.6472301],[-35.7267052,-9.6472252],[-35.726872,-9.6472357],[-35.7269887,-9.6472546],[-35.727072,-9.6472911],[-35.7271604,-9.6473271],[-35.7273594,-9.6474081],[-35.7275949,-9.6475072],[-35.7277772,-9.6476045],[-35.7276304,-9.6480141],[-35.7277527,-9.6480172],[-35.7279319,-9.6480841],[-35.727974,-9.6481179],[-35.7279326,-9.6481779],[-35.7278966,-9.6482228],[-35.7278683,-9.6482593],[-35.7278406,-9.6483021],[-35.7278084,-9.6483426],[-35.7277704,-9.6483859],[-35.7277427,-9.6484263],[-35.7277022,-9.648477],[-35.7276716,-9.6485208],[-35.7276409,-9.6485642],[-35.7276194,-9.6486197],[-35.7276112,-9.6486684],[-35.7276016,-9.6486911],[-35.727609,-9.6487566],[-35.7276151,-9.6488302],[-35.7276239,-9.6489114],[-35.7276445,-9.6490243],[-35.7276654,-9.6491109],[-35.7276941,-9.6492124],[-35.7277097,-9.6492922],[-35.7277483,-9.6494196],[-35.7277848,-9.6495229],[-35.727838,-9.6496128],[-35.7278889,-9.6496819],[-35.7279839,-9.6497997],[-35.7280974,-9.6499284],[-35.7282142,-9.6500711],[-35.7283376,-9.6502295],[-35.7283968,-9.6502941],[-35.7284416,-9.6503747],[-35.7284909,-9.6504303],[-35.728546,-9.6504912],[-35.728602,-9.6505931],[-35.7286012,-9.6506123],[-35.7286345,-9.6508507],[-35.7286163,-9.6509911],[-35.7286004,-9.6511731],[-35.7285852,-9.6513506],[-35.7285731,-9.6514864],[-35.7285738,-9.6515165],[-35.7285776,-9.6516707],[-35.7285746,-9.6518141],[-35.7285829,-9.6519613],[-35.7286147,-9.6521529],[-35.7286328,-9.6522199],[-35.7286421,-9.6522587],[-35.7286717,-9.6523336],[-35.7287714,-9.6527451],[-35.7288968,-9.6531591],[-35.7289032,-9.6532499],[-35.7289042,-9.6533701],[-35.7288092,-9.6542056],[-35.7287009,-9.6546053],[-35.7286331,-9.6548339],[-35.7286078,-9.6549816],[-35.7285956,-9.6550058],[-35.728583,-9.6550771],[-35.7285917,-9.6551046],[-35.7284963,-9.6557248],[-35.7284772,-9.6558746],[-35.7284837,-9.6559553],[-35.7284986,-9.6560259],[-35.7285027,-9.6560451],[-35.7285053,-9.6560574],[-35.7285092,-9.6560701],[-35.7285367,-9.6561598],[-35.7286093,-9.6564277],[-35.7286222,-9.6564699],[-35.7287599,-9.6569196],[-35.7287913,-9.6570256],[-35.7288229,-9.6571321],[-35.7288398,-9.6571873],[-35.7288537,-9.6573068],[-35.7288452,-9.6574377],[-35.7288392,-9.6574641],[-35.7287609,-9.6574487],[-35.7286465,-9.6574006],[-35.7286441,-9.6573996],[-35.7285159,-9.657406],[-35.7280417,-9.6573555],[-35.7279555,-9.6573463],[-35.7277717,-9.6573308],[-35.7273582,-9.657296],[-35.7270958,-9.6572764],[-35.7270655,-9.6576594],[-35.7270541,-9.6578595],[-35.7270595,-9.6578892],[-35.7270684,-9.6579379],[-35.7270377,-9.65809],[-35.7270371,-9.658095],[-35.7270031,-9.6583822],[-35.7269609,-9.6588562],[-35.7269594,-9.6588739],[-35.7269413,-9.6588746],[-35.7269396,-9.6588743],[-35.726937,-9.6588727],[-35.7260911,-9.6588727],[-35.7260767,-9.6588777],[-35.7260199,-9.6588746],[-35.7260865,-9.658768],[-35.7261274,-9.6586525],[-35.7261315,-9.6585238],[-35.7261059,-9.6583797],[-35.7259863,-9.6581477],[-35.7258902,-9.6579829],[-35.7257876,-9.6578069],[-35.7257208,-9.6576853],[-35.7257035,-9.6576409],[-35.7256521,-9.6576647],[-35.7256206,-9.6577037],[-35.7256072,-9.6577444],[-35.7256059,-9.6578059],[-35.7256084,-9.6578845],[-35.7256335,-9.6579932],[-35.7256434,-9.6580531],[-35.7256439,-9.6581146],[-35.725619,-9.6581048],[-35.7255855,-9.6580915],[-35.7255744,-9.6580406],[-35.7255629,-9.6579868],[-35.7255331,-9.6579212],[-35.725488,-9.6578646],[-35.725466,-9.6578143],[-35.7254507,-9.6577538],[-35.7254084,-9.6577072],[-35.7253524,-9.6576616],[-35.7253015,-9.6576176],[-35.7252563,-9.6575783],[-35.7252186,-9.6575343],[-35.7251954,-9.6574839],[-35.7251696,-9.6574443],[-35.7251264,-9.6573959],[-35.7250806,-9.6573525],[-35.7250292,-9.6573099],[-35.7249643,-9.6572824],[-35.724924,-9.6572439],[-35.7248817,-9.6572026],[-35.7248587,-9.6571658],[-35.7248601,-9.6571125],[-35.7248424,-9.6570674],[-35.7248065,-9.6570234],[-35.7247818,-9.6570066],[-35.7247626,-9.6569931],[-35.7247323,-9.6569617],[-35.7246546,-9.6569664],[-35.7246388,-9.6569595],[-35.7246352,-9.6569368],[-35.7245254,-9.656737],[-35.7241855,-9.6563782],[-35.7241605,-9.656314],[-35.7238712,-9.6560709],[-35.7237933,-9.6560754],[-35.7237822,-9.655939],[-35.7241451,-9.6559202],[-35.7239871,-9.6556258],[-35.7238879,-9.655487],[-35.7236527,-9.6551762],[-35.7235827,-9.6550922],[-35.7235607,-9.6550622],[-35.7232324,-9.6550812],[-35.723047,-9.6550872],[-35.7230292,-9.655036],[-35.7230223,-9.6550075],[-35.7229792,-9.6549395],[-35.7229303,-9.6548246],[-35.7228636,-9.6547109],[-35.7227584,-9.6545136],[-35.722464,-9.6540282],[-35.7223552,-9.6538188],[-35.7222346,-9.6536247],[-35.7220414,-9.6533138],[-35.7222942,-9.6532556],[-35.7221637,-9.6530743],[-35.7221583,-9.6530536],[-35.7220463,-9.6528523],[-35.7216938,-9.6525432],[-35.7214076,-9.6522921],[-35.721376,-9.6522846],[-35.7213702,-9.6522893],[-35.7213611,-9.652277],[-35.7210522,-9.6521909],[-35.7209775,-9.6519567],[-35.7209288,-9.6518529],[-35.7208692,-9.6517871],[-35.7207787,-9.6516806],[-35.7207023,-9.6515793],[-35.7206109,-9.6514026],[-35.7205425,-9.6512934],[-35.7193864,-9.649704],[-35.719437,-9.6496196],[-35.7194742,-9.6495822],[-35.7197877,-9.6493461],[-35.7197319,-9.6492788],[-35.7195536,-9.6491136],[-35.7194014,-9.6489751],[-35.7192655,-9.6488947],[-35.719012,-9.6488436],[-35.7188321,-9.6488436],[-35.7186692,-9.6488886],[-35.7186403,-9.6488294],[-35.7186495,-9.6488129],[-35.7184153,-9.6483854],[-35.7178674,-9.6476019],[-35.7174244,-9.6469328],[-35.7171587,-9.646646],[-35.7165566,-9.6468899],[-35.7161301,-9.6464674],[-35.7159487,-9.6458384],[-35.7156768,-9.6459155],[-35.7156621,-9.6457856],[-35.7156084,-9.6452477],[-35.715283,-9.6445711],[-35.714864,-9.644807],[-35.7147028,-9.6445815],[-35.7150056,-9.6440703],[-35.7150458,-9.6440023],[-35.7150647,-9.643973],[-35.714916,-9.6438019],[-35.7148163,-9.6436817],[-35.71458,-9.6434551],[-35.7146194,-9.6433102],[-35.7147128,-9.6430845],[-35.7146346,-9.6430292],[-35.7144142,-9.6428546],[-35.7144101,-9.64279],[-35.7144735,-9.6427688],[-35.7143297,-9.6426901],[-35.7141349,-9.642636],[-35.713885,-9.6426147],[-35.713649,-9.642687],[-35.713486,-9.6427964],[-35.7133469,-9.6429617],[-35.7132469,-9.6431135],[-35.7131348,-9.643192],[-35.7130824,-9.6431908],[-35.7130536,-9.6431012],[-35.712874,-9.6429826],[-35.7126685,-9.6428427],[-35.7125326,-9.6426913],[-35.7121078,-9.6427323],[-35.7115196,-9.642709],[-35.7109439,-9.6429907],[-35.7108689,-9.6428765],[-35.7116905,-9.6422785],[-35.7116455,-9.6422619],[-35.7114212,-9.641999],[-35.7112947,-9.6418465],[-35.7113039,-9.6417604],[-35.711302,-9.6417547],[-35.7113349,-9.6415413]]]]}},
{"type":"Feature","properties":{"ibge_code_municipio":"2704302","name":"Jardim Petrópolis","code":"2704302023"},"geometry":{"type":"MultiPolygon","coordinates":[[[[-35.7454764,-9.6036925],[-35.7447885,-9.6039524],[-35.7440653,-9.6042356],[-35.7436624,-9.6043979],[-35.7433269,-9.6045568],[-35.7432929,-9.6045282],[-35.7432162,-9.6044636],[-35.7430768,-9.6043555],[-35.7430555,-9.6043375],[-35.7397396,-9.6015651],[-35.7396427,-9.6014315],[-35.7395877,-9.6012988],[-35.7396021,-9.6011176],[-35.7396386,-9.6009836],[-35.7397003,-9.6008511],[-35.7401118,-9.6001121],[-35.740137,-9.6000137],[-35.7401296,-9.5999144],[-35.7401208,-9.5997744],[-35.7401096,-9.5996935],[-35.7400796,-9.5997115],[-35.7400063,-9.5997557],[-35.7399212,-9.5998124],[-35.7398515,-9.5998572],[-35.7397965,-9.5999209],[-35.7396823,-9.5999896],[-35.7396178,-9.6000109],[-35.7395589,-9.6000448],[-35.7394882,-9.6000797],[-35.7394266,-9.6001172],[-35.7392232,-9.6002977],[-35.739035,-9.6004329],[-35.7389388,-9.6004788],[-35.7388645,-9.6005237],[-35.7387883,-9.6005595],[-35.7387203,-9.6005818],[-35.7386658,-9.6006084],[-35.7386307,-9.6006502],[-35.7386108,-9.6007023],[-35.7385951,-9.6007562],[-35.7385502,-9.6008392],[-35.7385309,-9.6009212],[-35.7384916,-9.6010145],[-35.7384591,-9.6010527],[-35.7384155,-9.6010639],[-35.7383709,-9.6010643],[-35.7383335,-9.601051],[-35.738265,-9.6010208],[-35.7381856,-9.600998],[-35.7381154,-9.600994],[-35.7379487,-9.6010866],[-35.7379026,-9.6011285],[-35.7378266,-9.6011906],[-35.7377536,-9.6012269],[-35.7377206,-9.6012612],[-35.7376388,-9.6013854],[-35.7375319,-9.6014522],[-35.7373438,-9.6016064],[-35.7372933,-9.6016655],[-35.7372392,-9.6017228],[-35.737205,-9.6017773],[-35.7371899,-9.6018208],[-35.73715,-9.6019612],[-35.7371213,-9.6020075],[-35.7370823,-9.6020295],[-35.7370205,-9.6020381],[-35.7369439,-9.6020306],[-35.7367052,-9.6019972],[-35.7366704,-9.6019803],[-35.7366066,-9.6019637],[-35.7365273,-9.6019598],[-35.73645,-9.6019712],[-35.7363574,-9.6019982],[-35.7362521,-9.6020333],[-35.7361886,-9.6020627],[-35.7360926,-9.6021222],[-35.7359782,-9.6021602],[-35.7359272,-9.602166],[-35.7358606,-9.6021866],[-35.7357473,-9.6022045],[-35.7356856,-9.6022357],[-35.7356329,-9.6022487],[-35.7355712,-9.6022691],[-35.735543,-9.6022756],[-35.7354993,-9.6022679],[-35.735468,-9.6022329],[-35.7354367,-9.6021916],[-35.7354011,-9.6021747],[-35.7353729,-9.6021812],[-35.7353304,-9.6022141],[-35.7352884,-9.602223],[-35.7352508,-9.602232],[-35.7352138,-9.6022325],[-35.7351841,-9.6022336],[-35.7351639,-9.6022303],[-35.7351415,-9.6022241],[-35.7351241,-9.6022174],[-35.7351078,-9.6022123],[-35.7350888,-9.6022084],[-35.7350703,-9.6022118],[-35.7349733,-9.6022174],[-35.7348819,-9.6022106],[-35.7348264,-9.6022078],[-35.7347837,-9.6022039],[-35.7347422,-9.6021972],[-35.7347064,-9.6021826],[-35.7346785,-9.6021659],[-35.7346319,-9.6021396],[-35.7345932,-9.6021261],[-35.7345436,-9.6021213],[-35.7344951,-9.6021334],[-35.7344345,-9.6021491],[-35.734393,-9.6021637],[-35.734356,-9.6021805],[-35.7343134,-9.6022007],[-35.7342607,-9.6022276],[-35.7342259,-9.6022545],[-35.7341856,-9.6022803],[-35.7341418,-9.6023016],[-35.7341085,-9.6023243],[-35.7340681,-9.6023423],[-35.7340474,-9.6023509],[-35.7340322,-9.6023524],[-35.7340005,-9.6023457],[-35.7339567,-9.6023361],[-35.7339112,-9.6023319],[-35.7338665,-9.6023259],[-35.7338219,-9.6023182],[-35.7337763,-9.6023113],[-35.7337343,-9.6022954],[-35.7336923,-9.6022776],[-35.7336502,-9.6022617],[-35.73361,-9.6022412],[-35.7335707,-9.6022181],[-35.7335359,-9.6021894],[-35.7335019,-9.602159],[-35.7334689,-9.6021285],[-35.733435,-9.6020981],[-35.7334137,-9.6020585],[-35.7333943,-9.6020171],[-35.7333721,-9.6019784],[-35.7333481,-9.6019397],[-35.7333423,-9.6018955],[-35.7333374,-9.6018504],[-35.7333398,-9.6018052],[-35.7333431,-9.60176],[-35.7333396,-9.6017467],[-35.7333196,-9.6016725],[-35.7332722,-9.6015455],[-35.7332563,-9.6015032],[-35.7332414,-9.6014608],[-35.7332283,-9.6014175],[-35.7332152,-9.6013743],[-35.7332031,-9.601331],[-35.7331871,-9.6012751],[-35.7331805,-9.6012435],[-35.733172,-9.6011993],[-35.7331625,-9.6011542],[-35.7331467,-9.6011128],[-35.7331069,-9.6010327],[-35.733082,-9.6009931],[-35.7330589,-9.6009545],[-35.733035,-9.6009158],[-35.733021,-9.6008903],[-35.7330128,-9.6008753],[-35.7329936,-9.6008411],[-35.7329156,-9.6007948],[-35.732871,-9.6007852],[-35.7328272,-9.6007756],[-35.7327825,-9.600766],[-35.7327378,-9.6007564],[-35.7326931,-9.6007469],[-35.7326493,-9.6007355],[-35.7324863,-9.6006469],[-35.7324286,-9.6006159],[-35.7309107,-9.5998448],[-35.7300194,-9.5993919],[-35.7299976,-9.599377],[-35.7299828,-9.5993669],[-35.7298767,-9.5992198],[-35.7297928,-9.5991023],[-35.7298288,-9.5990031],[-35.7298266,-9.5989579],[-35.7298136,-9.598921],[-35.7298104,-9.598865],[-35.7298328,-9.5988224],[-35.7298607,-9.5987896],[-35.7298923,-9.598755],[-35.7299129,-9.5987142],[-35.7299299,-9.5986725],[-35.7299432,-9.59863],[-35.7299593,-9.5985874],[-35.7299849,-9.5984968],[-35.7300163,-9.5984315],[-35.7300379,-9.5984006],[-35.7300668,-9.5983688],[-35.7300893,-9.5983424],[-35.7301155,-9.5983214],[-35.7301526,-9.5982886],[-35.7301843,-9.5982658],[-35.7302159,-9.5982303],[-35.7302438,-9.5981948],[-35.7302635,-9.598154],[-35.7302795,-9.5981114],[-35.7302874,-9.5980671],[-35.7302989,-9.5980236],[-35.7303149,-9.597981],[-35.730312,-9.5978455],[-35.7303135,-9.5978003],[-35.7303332,-9.5977595],[-35.7303547,-9.5977205],[-35.730406,-9.5976451],[-35.7304394,-9.597615],[-35.730471,-9.5975832],[-35.7305054,-9.5975531],[-35.7305416,-9.5975257],[-35.7305759,-9.5974965],[-35.7306075,-9.5974628],[-35.7306245,-9.5974256],[-35.7306333,-9.5973777],[-35.7306211,-9.5973389],[-35.7306162,-9.5972956],[-35.7306068,-9.5972514],[-35.7306255,-9.5972097],[-35.7307057,-9.5971006],[-35.730729,-9.5970616],[-35.7307533,-9.5970235],[-35.7307921,-9.5969726],[-35.7308092,-9.5969526],[-35.7308207,-9.5969082],[-35.7308249,-9.596863],[-35.7308229,-9.5967275],[-35.7308289,-9.5966832],[-35.7308431,-9.5966397],[-35.730871,-9.5966051],[-35.7309063,-9.5965759],[-35.7309397,-9.5965449],[-35.7309741,-9.5965158],[-35.7310483,-9.5964628],[-35.7310864,-9.5964435],[-35.7311924,-9.596383],[-35.731244,-9.5963402],[-35.7312727,-9.5962939],[-35.731317,-9.5962456],[-35.7313714,-9.5962271],[-35.7314278,-9.5962158],[-35.7314758,-9.5961902],[-35.7315138,-9.5961501],[-35.7315306,-9.5960949],[-35.7315355,-9.5960207],[-35.7315359,-9.595962],[-35.7315463,-9.5958978],[-35.7315841,-9.5958378],[-35.7316429,-9.5957994],[-35.731701,-9.5957683],[-35.7317563,-9.5957452],[-35.7318171,-9.5957222],[-35.7318715,-9.5956901],[-35.7319133,-9.5955741],[-35.7319358,-9.5954981],[-35.7319559,-9.5954217],[-35.7319735,-9.5953523],[-35.7320244,-9.5952399],[-35.7320341,-9.5952231],[-35.7320523,-9.5951918],[-35.7320993,-9.5951507],[-35.7321444,-9.5951043],[-35.7321951,-9.5950596],[-35.7322348,-9.5950141],[-35.7322727,-9.5949732],[-35.732352,-9.5948741],[-35.7323761,-9.5948233],[-35.7323877,-9.5947834],[-35.7324085,-9.5947688],[-35.732462,-9.5947422],[-35.7325175,-9.5947381],[-35.7325767,-9.5947395],[-35.7326495,-9.5947398],[-35.7327142,-9.5947483],[-35.732768,-9.5947587],[-35.7328244,-9.5947493],[-35.7328805,-9.5947145],[-35.7329175,-9.5946699],[-35.7329416,-9.5946173],[-35.7329503,-9.5945603],[-35.7329644,-9.5945051],[-35.7329749,-9.5944445],[-35.7329766,-9.5943252],[-35.7329898,-9.5942691],[-35.7330176,-9.5942156],[-35.7330527,-9.5941629],[-35.7331118,-9.5940441],[-35.7331148,-9.593736],[-35.7331247,-9.5936031],[-35.7331542,-9.5935333],[-35.7332066,-9.5934859],[-35.7332463,-9.593444],[-35.7332888,-9.5934093],[-35.7333257,-9.5933521],[-35.7333625,-9.5932895],[-35.7334141,-9.5932475],[-35.7334299,-9.5931805],[-35.7334357,-9.5931109],[-35.7334525,-9.5930421],[-35.7334602,-9.5928686],[-35.7334577,-9.59279],[-35.73344,-9.5927368],[-35.7334377,-9.5926817],[-35.7334394,-9.5925435],[-35.7334752,-9.5924709],[-35.7335384,-9.5924081],[-35.7335571,-9.5923564],[-35.7335812,-9.5923035],[-35.7336472,-9.5921235],[-35.733675,-9.5920754],[-35.733712,-9.5920281],[-35.7337545,-9.5919935],[-35.7337987,-9.5919507],[-35.7338312,-9.5919061],[-35.7338544,-9.5918563],[-35.7338904,-9.5918009],[-35.7338908,-9.5917421],[-35.7338748,-9.5916745],[-35.7339056,-9.591649],[-35.7339453,-9.5916107],[-35.7340018,-9.5916111],[-35.7340638,-9.591626],[-35.7341159,-9.5916509],[-35.7341761,-9.5916712],[-35.7342282,-9.5916916],[-35.7342884,-9.5917101],[-35.7343496,-9.5917349],[-35.7344008,-9.5917616],[-35.7344555,-9.5917756],[-35.7345138,-9.5917743],[-35.7346401,-9.5917516],[-35.7347001,-9.5917339],[-35.7347646,-9.5917235],[-35.7348254,-9.5917013],[-35.7348809,-9.5916928],[-35.7349382,-9.5916851],[-35.7350772,-9.5916551],[-35.7351989,-9.591618],[-35.7352497,-9.5915968],[-35.7353177,-9.5915637],[-35.7381942,-9.5930276],[-35.7382314,-9.5930427],[-35.7394464,-9.593629],[-35.7440329,-9.5959047],[-35.7440471,-9.5956784],[-35.7438214,-9.5955105],[-35.7438267,-9.5953529],[-35.7438319,-9.5950748],[-35.7438486,-9.5950382],[-35.7438719,-9.594987],[-35.7439119,-9.5948992],[-35.7439542,-9.5948263],[-35.7439852,-9.5947776],[-35.7437293,-9.594499],[-35.7433475,-9.5940212],[-35.7434134,-9.5935669],[-35.7432337,-9.5932957],[-35.743026,-9.5930914],[-35.7428876,-9.5930043],[-35.7427347,-9.5927241],[-35.742642,-9.5924071],[-35.7424255,-9.5921972],[-35.7420102,-9.5917485],[-35.7417111,-9.5914337],[-35.7414967,-9.5912216],[-35.7412389,-9.5911106],[-35.7410346,-9.591005],[-35.7408448,-9.5908968],[-35.7406889,-9.5907542],[-35.7406456,-9.5906454],[-35.7404998,-9.5904983],[-35.7404838,-9.5904169],[-35.7404663,-9.5903274],[-35.7404539,-9.5902738],[-35.7404518,-9.5902332],[-35.7404442,-9.5900892],[-35.7404442,-9.5900484],[-35.7404448,-9.5900362],[-35.7404468,-9.5899996],[-35.7404559,-9.589958],[-35.7404817,-9.5899155],[-35.7404884,-9.5898676],[-35.740488,-9.5898584],[-35.7404862,-9.5898232],[-35.7404793,-9.5897843],[-35.740463,-9.5897521],[-35.7404526,-9.5897156],[-35.7404355,-9.5896596],[-35.7404264,-9.5896168],[-35.7404189,-9.5895658],[-35.7404114,-9.5895071],[-35.740405,-9.5894634],[-35.7403938,-9.5894203],[-35.7403917,-9.5893829],[-35.7403859,-9.5893427],[-35.7403857,-9.5893038],[-35.7403669,-9.5892738],[-35.7403414,-9.5892305],[-35.7403357,-9.5892209],[-35.7403137,-9.589172],[-35.7403043,-9.5891285],[-35.7402945,-9.5890655],[-35.7402995,-9.5889753],[-35.7403011,-9.588949],[-35.740311,-9.5888608],[-35.7403232,-9.5887499],[-35.7403331,-9.5886619],[-35.7403429,-9.5885744],[-35.7403544,-9.5884718],[-35.7403452,-9.5883736],[-35.7403135,-9.5882746],[-35.74028,-9.5881686],[-35.7402672,-9.588129],[-35.7402516,-9.5880705],[-35.7402354,-9.5880125],[-35.7402327,-9.5879389],[-35.7402306,-9.5879109],[-35.7402268,-9.5878829],[-35.7402239,-9.5878649],[-35.7402171,-9.5878071],[-35.740212,-9.587743],[-35.7402097,-9.5876888],[-35.7402094,-9.5876427],[-35.740208,-9.5875921],[-35.7402077,-9.5875461],[-35.7402037,-9.5874991],[-35.7401886,-9.5874423],[-35.7401773,-9.5873864],[-35.7401768,-9.5873268],[-35.7401755,-9.5872753],[-35.7401805,-9.5872246],[-35.7402147,-9.5871711],[-35.7402416,-9.5871193],[-35.7402593,-9.5870623],[-35.7402716,-9.5870026],[-35.7402757,-9.586951],[-35.7402579,-9.586887],[-35.7402475,-9.586841],[-35.7402453,-9.5867859],[-35.7402476,-9.5867353],[-35.7402579,-9.5866593],[-35.7402675,-9.5866078],[-35.740268,-9.5865517],[-35.740263,-9.5865003],[-35.7402469,-9.5864209],[-35.7402392,-9.586374],[-35.7402378,-9.5863144],[-35.7402374,-9.5862574],[-35.7402341,-9.5861915],[-35.740231,-9.5861418],[-35.7402269,-9.5860913],[-35.7402256,-9.5860344],[-35.740216,-9.585982],[-35.7402147,-9.5859333],[-35.7402177,-9.5858474],[-35.740219,-9.5857887],[-35.7402076,-9.5857246],[-35.7401836,-9.585686],[-35.7401369,-9.5856439],[-35.7401255,-9.5855943],[-35.7401269,-9.5855373],[-35.7401427,-9.5854613],[-35.7401494,-9.5853917],[-35.7401497,-9.5853203],[-35.7401667,-9.5852759],[-35.740186,-9.5851935],[-35.740171,-9.5851286],[-35.7401311,-9.585034],[-35.7401018,-9.5849796],[-35.7400756,-9.5849351],[-35.7403104,-9.5849531],[-35.7403435,-9.5849653],[-35.7403883,-9.5849814],[-35.740455,-9.585017],[-35.7404936,-9.5850583],[-35.740535,-9.5851158],[-35.7405609,-9.585168],[-35.7405782,-9.5852308],[-35.7405982,-9.5852842],[-35.7406436,-9.5853724],[-35.7407045,-9.5854758],[-35.7407201,-9.5854902],[-35.7407495,-9.5855297],[-35.7407938,-9.5855998],[-35.7408443,-9.5856545],[-35.7409051,-9.5857462],[-35.7409614,-9.5858442],[-35.7410626,-9.5860829],[-35.741081,-9.5861116],[-35.741129,-9.5861998],[-35.7411793,-9.5862292],[-35.7412048,-9.586229],[-35.7412776,-9.5862176],[-35.7413075,-9.5862065],[-35.7414301,-9.5861631],[-35.7414499,-9.5861467],[-35.7415357,-9.5860592],[-35.7415907,-9.5859938],[-35.7416774,-9.5859],[-35.7418192,-9.5857589],[-35.7419509,-9.5856133],[-35.7420223,-9.5855512],[-35.7421038,-9.5854705],[-35.7422004,-9.5853953],[-35.7422771,-9.5853492],[-35.7423573,-9.5853263],[-35.7424276,-9.5853164],[-35.7424637,-9.5853074],[-35.7425172,-9.5852889],[-35.742578,-9.5852659],[-35.7426606,-9.5852273],[-35.7429559,-9.5850487],[-35.7430049,-9.5850258],[-35.7430929,-9.5849962],[-35.7432301,-9.5849607],[-35.7434218,-9.5849186],[-35.743949,-9.5848195],[-35.7440972,-9.5847894],[-35.7441689,-9.5847672],[-35.7442324,-9.584736],[-35.7442713,-9.5847122],[-35.7443139,-9.5846802],[-35.7444267,-9.5845676],[-35.7444773,-9.5845295],[-35.7445402,-9.5845221],[-35.7445864,-9.5845252],[-35.7446204,-9.5845341],[-35.7446761,-9.5845608],[-35.7447185,-9.5845929],[-35.7447575,-9.584636],[-35.7447886,-9.5846836],[-35.7448565,-9.5848078],[-35.7448814,-9.584852],[-35.7449153,-9.584876],[-35.7449611,-9.5848937],[-35.7449983,-9.5848952],[-35.7450293,-9.584895],[-35.7451285,-9.5848906],[-35.7452059,-9.5848954],[-35.7453079,-9.5849082],[-35.7453773,-9.5849293],[-35.7455656,-9.5850263],[-35.7456644,-9.5850851],[-35.745753,-9.585163],[-35.7457619,-9.5851894],[-35.7457513,-9.5852195],[-35.7456551,-9.5853027],[-35.7455764,-9.5853896],[-35.745408,-9.5856408],[-35.7452516,-9.5858386],[-35.7451473,-9.5859561],[-35.745062,-9.5860605],[-35.7450248,-9.5861366],[-35.7449999,-9.5862393],[-35.7450094,-9.5870711],[-35.7450144,-9.5874974],[-35.7449803,-9.5878816],[-35.7449743,-9.5881193],[-35.7449853,-9.5882717],[-35.7449783,-9.5884031],[-35.7449442,-9.5884934],[-35.7448098,-9.5887451],[-35.7444704,-9.5892648],[-35.7445253,-9.5893267],[-35.7455281,-9.5901619],[-35.7462234,-9.5907409],[-35.7462827,-9.5907909],[-35.7467512,-9.5911913],[-35.7476428,-9.5919363],[-35.7478187,-9.5920845],[-35.7494671,-9.5934728],[-35.7495726,-9.5935804],[-35.7497015,-9.593473],[-35.7500397,-9.593337],[-35.7503609,-9.5931984],[-35.7509473,-9.5930007],[-35.7515845,-9.5923956],[-35.7531543,-9.591114],[-35.7539361,-9.5905892],[-35.7539912,-9.5906045],[-35.7540616,-9.5906897],[-35.7543509,-9.591133],[-35.754388,-9.5912396],[-35.7546125,-9.5916106],[-35.7546746,-9.5917283],[-35.7548419,-9.5919972],[-35.7549286,-9.5921265],[-35.7550319,-9.5922885],[-35.7550933,-9.5923758],[-35.7553594,-9.5927975],[-35.7554602,-9.5929644],[-35.7537592,-9.5939451],[-35.7529829,-9.5943926],[-35.7527358,-9.5945608],[-35.7524308,-9.5947909],[-35.7521488,-9.5950362],[-35.7519709,-9.5952156],[-35.751696,-9.595523],[-35.7514298,-9.5958798],[-35.7512183,-9.596215],[-35.7509183,-9.596835],[-35.7506758,-9.597397],[-35.7503473,-9.5980781],[-35.7499248,-9.5987573],[-35.7492986,-9.5997202],[-35.7492562,-9.5997895],[-35.7492208,-9.5998501],[-35.7490369,-9.6001659],[-35.7489824,-9.6002688],[-35.7489714,-9.6002928],[-35.7489534,-9.6003322],[-35.7489068,-9.6004215],[-35.7483357,-9.601288],[-35.7478944,-9.6020136],[-35.7476608,-9.6023721],[-35.7475003,-9.6025993],[-35.7473634,-9.6027445],[-35.7471318,-9.6029415],[-35.7467886,-9.6031596],[-35.745803,-9.6035599],[-35.7454764,-9.6036925]]]]}},
{"type":"Feature","properties":{"ibge_code_municipio":"2704302","name":"Ponta Grossa","code":"2704302036"},"geometry":{"type":"MultiPolygon","coordinates":[[[[-35.7544285,-9.6584468],[-35.7544329,-9.6584527],[-35.7552276,-9.6594947],[-35.7556921,-9.6601141],[-35.7559077,-9.6603991],[-35.7559496,-9.6604523],[-35.7566877,-9.6600834],[-35.7579336,-9.6594974],[-35.7581328,-9.6593924],[-35.7584388,-9.659275],[-35.758514,-9.6592783],[-35.7588409,-9.6592884],[-35.7589052,-9.6592873],[-35.758912,-9.6594769],[-35.7589255,-9.6594773],[-35.7590801,-9.6594816],[-35.7592416,-9.6594797],[-35.7593055,-9.6594953],[-35.7597193,-9.65954],[-35.7600441,-9.6595606],[-35.7604822,-9.6595824],[-35.7606743,-9.659587],[-35.7607488,-9.6596009],[-35.7608353,-9.6597747],[-35.7608609,-9.659789],[-35.7608947,-9.6597995],[-35.7609538,-9.6597927],[-35.7610998,-9.6597283],[-35.7613488,-9.6596258],[-35.7619075,-9.6593957],[-35.7622481,-9.6592511],[-35.7622546,-9.6592483],[-35.763094,-9.6588878],[-35.7633335,-9.6587912],[-35.7635009,-9.6587154],[-35.7639113,-9.6585358],[-35.764344,-9.6583545],[-35.7647562,-9.6581793],[-35.7651875,-9.6579957],[-35.765645,-9.6577997],[-35.7659509,-9.657677],[-35.7659719,-9.6576689],[-35.7659796,-9.657724],[-35.7670156,-9.6573197],[-35.7670329,-9.6574174],[-35.7670431,-9.657439],[-35.7670523,-9.6574534],[-35.767059,-9.6574832],[-35.7670692,-9.6575102],[-35.7670803,-9.6575354],[-35.7670869,-9.6575616],[-35.7670944,-9.6575886],[-35.767101,-9.657613],[-35.7671085,-9.6576346],[-35.767115,-9.657658],[-35.7671235,-9.6576869],[-35.7671365,-9.6577256],[-35.7671459,-9.6577635],[-35.7671599,-9.6577977],[-35.7671765,-9.6578292],[-35.7671995,-9.6578561],[-35.7672253,-9.6578911],[-35.7672501,-9.6579189],[-35.7672704,-9.6579486],[-35.7672842,-9.6579711],[-35.7672981,-9.6579972],[-35.7673101,-9.6580224],[-35.7673285,-9.6580457],[-35.7673488,-9.6580735],[-35.7673644,-9.6580924],[-35.7673865,-9.6581193],[-35.7674048,-9.6581309],[-35.7674185,-9.6581371],[-35.7674423,-9.658155],[-35.7674579,-9.6581621],[-35.767478,-9.6581755],[-35.7675009,-9.6581916],[-35.7675238,-9.6582104],[-35.7675468,-9.6582337],[-35.7675687,-9.6582507],[-35.7675889,-9.6582686],[-35.7676064,-9.6582874],[-35.7676238,-9.6583008],[-35.7676422,-9.6583232],[-35.7676606,-9.6583475],[-35.7676753,-9.6583645],[-35.7676882,-9.6583843],[-35.767703,-9.6584086],[-35.7677177,-9.6584293],[-35.7677343,-9.6584517],[-35.7677463,-9.6584706],[-35.7677638,-9.658493],[-35.7677712,-9.6585156],[-35.7677805,-9.6585372],[-35.7677853,-9.6585633],[-35.7677864,-9.6585922],[-35.7677876,-9.6586229],[-35.7677878,-9.6586555],[-35.7677881,-9.6586844],[-35.7677874,-9.6587178],[-35.7677822,-9.6587459],[-35.7677807,-9.6587793],[-35.7677808,-9.6587983],[-35.7677811,-9.6588326],[-35.7677814,-9.6588651],[-35.7677834,-9.6588976],[-35.7677864,-9.6589274],[-35.7677912,-9.6589536],[-35.7677977,-9.6589761],[-35.7677989,-9.6590005],[-35.767799,-9.6590122],[-35.7678073,-9.6590284],[-35.7678002,-9.6590565],[-35.7677868,-9.6590819],[-35.7677815,-9.6591082],[-35.7677754,-9.6591344],[-35.7677656,-9.6591634],[-35.7677549,-9.6591888],[-35.7677486,-9.6592069],[-35.7677452,-9.6592304],[-35.7677417,-9.6592512],[-35.7677409,-9.6592657],[-35.7677365,-9.6592748],[-35.7677292,-9.6592811],[-35.7677211,-9.6592866],[-35.7677111,-9.6592885],[-35.7676902,-9.6592959],[-35.7676693,-9.6593006],[-35.7676475,-9.6593125],[-35.7676258,-9.6593226],[-35.7675976,-9.6593328],[-35.7675722,-9.6593402],[-35.7675567,-9.6593449],[-35.7675404,-9.6593549],[-35.7675195,-9.6593596],[-35.7674978,-9.6593688],[-35.7674715,-9.6593808],[-35.7674497,-9.65939],[-35.7674306,-9.659401],[-35.7674171,-9.6594165],[-35.7674027,-9.6594292],[-35.7673864,-9.6594492],[-35.7673775,-9.6594683],[-35.7673686,-9.6594936],[-35.7673633,-9.6595145],[-35.7673625,-9.6595325],[-35.7673627,-9.6595524],[-35.7673629,-9.659575],[-35.7673629,-9.6595831],[-35.767363,-9.6595877],[-35.7673631,-9.6596048],[-35.7673734,-9.6596345],[-35.7673781,-9.6596526],[-35.7673809,-9.6596697],[-35.7673819,-9.6596742],[-35.7673798,-9.6596749],[-35.7674055,-9.6598102],[-35.7674029,-9.659881],[-35.7673931,-9.6599132],[-35.7673962,-9.6599645],[-35.7673825,-9.6599747],[-35.7673786,-9.6599959],[-35.7673883,-9.6600331],[-35.7673856,-9.6600552],[-35.7673671,-9.6600614],[-35.767398,-9.6601224],[-35.7674095,-9.6601834],[-35.7673954,-9.6601882],[-35.7673675,-9.6601812],[-35.767349,-9.6602393],[-35.7673354,-9.660234],[-35.7673165,-9.6602446],[-35.7673116,-9.6602993],[-35.767289,-9.6603517],[-35.7672446,-9.6604068],[-35.7672401,-9.6604476],[-35.7672277,-9.66046],[-35.7671045,-9.6605102],[-35.7670879,-9.6605354],[-35.767065,-9.6605892],[-35.7670932,-9.660643],[-35.767091,-9.6606779],[-35.7670835,-9.6606876],[-35.7670698,-9.6606903],[-35.76706,-9.6607058],[-35.7670472,-9.6607044],[-35.767034,-9.6606903],[-35.767018,-9.6606947],[-35.7669986,-9.6606823],[-35.7669915,-9.6606885],[-35.7669772,-9.6606859],[-35.7669759,-9.6606885],[-35.7669678,-9.6606967],[-35.7669506,-9.6607104],[-35.7669288,-9.6607205],[-35.7669034,-9.6607243],[-35.7668788,-9.6607254],[-35.7668552,-9.660731],[-35.7668352,-9.6607375],[-35.7668088,-9.6607431],[-35.7667798,-9.6607533],[-35.766758,-9.6607634],[-35.7667344,-9.6607708],[-35.7667171,-9.6607782],[-35.7667144,-9.6607809],[-35.7666918,-9.6607983],[-35.7666793,-9.660821],[-35.7666685,-9.6608436],[-35.7666679,-9.660882],[-35.7666627,-9.6609087],[-35.7666483,-9.6609323],[-35.7666294,-9.6609542],[-35.7666195,-9.6609796],[-35.7666135,-9.6610139],[-35.7666101,-9.6610474],[-35.7666104,-9.6610799],[-35.7666106,-9.6611097],[-35.7665981,-9.6611351],[-35.76658,-9.6611579],[-35.7665666,-9.6611851],[-35.7665577,-9.6612159],[-35.7665571,-9.661252],[-35.7665559,-9.6612651],[-35.7665538,-9.6612891],[-35.7665523,-9.6613261],[-35.7665498,-9.6613632],[-35.7665456,-9.6613976],[-35.7665395,-9.661431],[-35.7665334,-9.6614681],[-35.7665246,-9.6615071],[-35.7665121,-9.6615415],[-35.7665068,-9.6615587],[-35.7664926,-9.6615949],[-35.7664738,-9.6616339],[-35.7664577,-9.6616711],[-35.7664407,-9.6617083],[-35.766421,-9.6617464],[-35.7664003,-9.6617818],[-35.7663796,-9.6618154],[-35.7663608,-9.6618463],[-35.7663428,-9.6618807],[-35.7663231,-9.6619116],[-35.7663014,-9.661938],[-35.7662798,-9.6619662],[-35.7662673,-9.6620024],[-35.7662658,-9.6620359],[-35.7662643,-9.6620693],[-35.7662481,-9.6620947],[-35.76622,-9.6621103],[-35.7661956,-9.6621367],[-35.7661848,-9.6621587],[-35.7661768,-9.6621748],[-35.7661617,-9.6622192],[-35.7661475,-9.6622636],[-35.7661469,-9.6623042],[-35.7661408,-9.6623431],[-35.7661247,-9.6623731],[-35.7661058,-9.6624031],[-35.7660869,-9.6624321],[-35.7660717,-9.6624593],[-35.7660573,-9.6624839],[-35.7660448,-9.6625074],[-35.7660394,-9.6625183],[-35.7660341,-9.662541],[-35.7660316,-9.6625654],[-35.7660264,-9.6625952],[-35.7660193,-9.6626269],[-35.7660105,-9.6626595],[-35.7660016,-9.6626903],[-35.7659928,-9.662722],[-35.7659839,-9.6627501],[-35.765976,-9.6627781],[-35.765968,-9.6628044],[-35.7659609,-9.6628307],[-35.765952,-9.6628569],[-35.7659449,-9.6628841],[-35.7659342,-9.6629086],[-35.7659235,-9.6629358],[-35.7659101,-9.6629648],[-35.7658949,-9.6629983],[-35.7658815,-9.663031],[-35.7658764,-9.6630444],[-35.7656246,-9.6629623],[-35.7656241,-9.6629638],[-35.7655309,-9.6629332],[-35.7655281,-9.6629323],[-35.7652074,-9.6636737],[-35.7650283,-9.6640563],[-35.7648693,-9.6645174],[-35.7648177,-9.6645207],[-35.7647998,-9.6645221],[-35.7647377,-9.6648254],[-35.7647154,-9.6650233],[-35.7642174,-9.664936],[-35.7640618,-9.6649152],[-35.7640641,-9.6648871],[-35.7640727,-9.6648157],[-35.7641333,-9.6645964],[-35.764199,-9.6643372],[-35.7644306,-9.663719],[-35.7643763,-9.6637226],[-35.7638959,-9.6637541],[-35.763415,-9.6637952],[-35.76292,-9.6638231],[-35.7623891,-9.6638651],[-35.7618085,-9.6638913],[-35.7616527,-9.663901],[-35.7610978,-9.6639385],[-35.7609764,-9.6639466],[-35.7609181,-9.6639376],[-35.7609021,-9.6639352],[-35.7604639,-9.6639647],[-35.7602402,-9.6639813],[-35.7601437,-9.663994],[-35.7600325,-9.6640094],[-35.7587789,-9.6641005],[-35.7577616,-9.6641609],[-35.7565636,-9.6642378],[-35.7558354,-9.664284],[-35.7554468,-9.6643173],[-35.7549994,-9.6643456],[-35.754322,-9.6643849],[-35.7542069,-9.6643695],[-35.7540625,-9.6643866],[-35.7523953,-9.6645265],[-35.7519906,-9.6645608],[-35.7507081,-9.6646506],[-35.7502048,-9.6646819],[-35.7496436,-9.6647222],[-35.7491002,-9.6647664],[-35.749016,-9.6640389],[-35.749011,-9.6639965],[-35.749003,-9.6639017],[-35.7489792,-9.6637781],[-35.7489338,-9.6636592],[-35.7488007,-9.6634032],[-35.7486954,-9.663196],[-35.7483202,-9.662458],[-35.7481344,-9.6621041],[-35.7480961,-9.6620289],[-35.7481869,-9.6619747],[-35.748296,-9.6619108],[-35.7482555,-9.66178],[-35.7482654,-9.6616885],[-35.7483405,-9.6613472],[-35.7484079,-9.6610031],[-35.748497,-9.6605773],[-35.7485581,-9.6603344],[-35.7487528,-9.6595605],[-35.7487915,-9.6594065],[-35.7488189,-9.6592837],[-35.7488377,-9.6592021],[-35.7488408,-9.6591889],[-35.7489825,-9.6585758],[-35.7490001,-9.658512],[-35.7490425,-9.6583589],[-35.7490673,-9.6582655],[-35.7491175,-9.6582029],[-35.7496159,-9.6570836],[-35.7497977,-9.656667],[-35.7499139,-9.6563778],[-35.7499393,-9.6563221],[-35.7499799,-9.6562331],[-35.7500175,-9.6561505],[-35.7501451,-9.6558705],[-35.750157,-9.6558786],[-35.7501671,-9.6558929],[-35.7501838,-9.6559235],[-35.750185,-9.6559578],[-35.7501898,-9.6559885],[-35.7502447,-9.6560315],[-35.7503242,-9.6560588],[-35.750377,-9.656062],[-35.7504007,-9.6560609],[-35.7504134,-9.6560626],[-35.7504143,-9.6560545],[-35.7504188,-9.656049],[-35.7504306,-9.6560507],[-35.7504352,-9.6560579],[-35.7504426,-9.656066],[-35.7504841,-9.6560187],[-35.7505639,-9.6559801],[-35.7506141,-9.6559978],[-35.750661,-9.6560471],[-35.7506815,-9.656049],[-35.7507402,-9.6560546],[-35.750762,-9.656049],[-35.7508147,-9.6559176],[-35.7508282,-9.6558976],[-35.7508309,-9.655894],[-35.7508871,-9.6558664],[-35.750966,-9.6558215],[-35.7510494,-9.6557802],[-35.7511382,-9.6557289],[-35.7512044,-9.6556985],[-35.7512571,-9.6556855],[-35.7512991,-9.6556914],[-35.7513328,-9.6556975],[-35.7513848,-9.6557052],[-35.7514103,-9.6557077],[-35.7514567,-9.6557092],[-35.7514886,-9.6557116],[-35.7515079,-9.6557304],[-35.7515353,-9.6557393],[-35.7515623,-9.6557011],[-35.7515766,-9.6556694],[-35.7516018,-9.6556348],[-35.7516189,-9.6556103],[-35.7516387,-9.6555776],[-35.7516475,-9.6555495],[-35.7516608,-9.6555042],[-35.7516807,-9.6554824],[-35.7516851,-9.6554625],[-35.7516922,-9.6554471],[-35.751931,-9.6556699],[-35.7520784,-9.6558074],[-35.7521185,-9.6558449],[-35.7525014,-9.6562022],[-35.7525701,-9.6562759],[-35.7526448,-9.6563444],[-35.7528833,-9.6566316],[-35.7530637,-9.6568379],[-35.7532625,-9.6570728],[-35.7536237,-9.6574961],[-35.754406,-9.6584168],[-35.7544285,-9.6584468]]]]}},
{"type":"Feature","properties":{"ibge_code_municipio":"2704302","name":"Pitanguinha","code":"2704302033"},"geometry":{"type":"MultiPolygon","coordinates":[[[[-35.7295778,-9.6335219],[-35.7295814,-9.633508],[-35.7295947,-9.63347],[-35.7296017,-9.6334379],[-35.7296138,-9.6333933],[-35.729622,-9.6333602],[-35.7296442,-9.633298],[-35.7296624,-9.6332482],[-35.7296672,-9.6332076],[-35.7296657,-9.6331321],[-35.7296644,-9.6330974],[-35.7296656,-9.6330802],[-35.729667,-9.6330566],[-35.7296676,-9.6329898],[-35.729668,-9.6329528],[-35.7296654,-9.6328957],[-35.7296624,-9.6328285],[-35.7296609,-9.6328091],[-35.7296576,-9.6327639],[-35.7296542,-9.6327187],[-35.7296572,-9.6326734],[-35.729659,-9.6326458],[-35.7296599,-9.6326283],[-35.7296624,-9.6325985],[-35.729662,-9.632556],[-35.7296391,-9.6325391],[-35.7296389,-9.6323629],[-35.7296388,-9.6323177],[-35.7296388,-9.6322725],[-35.7296388,-9.6322659],[-35.7296372,-9.6322273],[-35.7296354,-9.6321822],[-35.7296556,-9.6321437],[-35.7296749,-9.6321177],[-35.7296783,-9.6321126],[-35.7296821,-9.6321069],[-35.7296992,-9.6320841],[-35.7296997,-9.6320282],[-35.7297021,-9.6319847],[-35.729702,-9.6319829],[-35.7297008,-9.631933],[-35.7296804,-9.6319],[-35.7296384,-9.6318831],[-35.7296027,-9.6318545],[-35.729595,-9.6318492],[-35.7295598,-9.6318476],[-35.7295189,-9.6318461],[-35.7294688,-9.6318501],[-35.7294234,-9.6318535],[-35.7293795,-9.6318427],[-35.7293357,-9.6318295],[-35.7292991,-9.6318063],[-35.7292964,-9.6318024],[-35.7292733,-9.6317695],[-35.7292578,-9.6317289],[-35.7292553,-9.6316838],[-35.7292526,-9.631638],[-35.7292499,-9.6315947],[-35.7292597,-9.6315491],[-35.7292695,-9.631505],[-35.729279,-9.6314613],[-35.7293098,-9.6314269],[-35.7293423,-9.6313985],[-35.7293548,-9.6313877],[-35.729369,-9.6313734],[-35.729373,-9.6313693],[-35.7294103,-9.6313366],[-35.729451,-9.6313201],[-35.7294926,-9.6313033],[-35.7295217,-9.6312924],[-35.7295234,-9.6312778],[-35.7295304,-9.6312337],[-35.7295373,-9.6311911],[-35.7295372,-9.6311882],[-35.7295408,-9.6311431],[-35.7295438,-9.6310978],[-35.7295462,-9.6310617],[-35.7295452,-9.6310526],[-35.7295418,-9.6310094],[-35.7295382,-9.6309633],[-35.7295347,-9.6309187],[-35.7295311,-9.630873],[-35.7295407,-9.6308289],[-35.7295623,-9.6307914],[-35.7295711,-9.6307764],[-35.7295856,-9.6307524],[-35.7295884,-9.630742],[-35.7295962,-9.6307105],[-35.729606,-9.6306712],[-35.729621,-9.630622],[-35.7296343,-9.6305785],[-35.7296667,-9.6305462],[-35.7297013,-9.6305203],[-35.7297244,-9.6305032],[-35.7297365,-9.630491],[-35.7297547,-9.6304718],[-35.7297681,-9.6304591],[-35.7297838,-9.630438],[-35.7297952,-9.6304254],[-35.7298196,-9.6303853],[-35.7298428,-9.6303469],[-35.7298655,-9.6303093],[-35.7298901,-9.6302687],[-35.7299147,-9.6302283],[-35.7299444,-9.6301975],[-35.729976,-9.6301647],[-35.7299929,-9.630147],[-35.7300327,-9.6300938],[-35.7300346,-9.630092],[-35.7300461,-9.6300512],[-35.7300585,-9.6300077],[-35.7300786,-9.6299662],[-35.7301053,-9.6299315],[-35.7301197,-9.6299123],[-35.7301277,-9.6298925],[-35.7301448,-9.6298479],[-35.7301598,-9.6298082],[-35.7301634,-9.6297983],[-35.7301723,-9.6297658],[-35.7301805,-9.6297362],[-35.7301846,-9.6297214],[-35.7301869,-9.6297118],[-35.7301974,-9.6296739],[-35.7302085,-9.6296343],[-35.7302365,-9.6296034],[-35.7302882,-9.6295786],[-35.7303932,-9.6295127],[-35.7304343,-9.6295081],[-35.7305244,-9.6294992],[-35.7305948,-9.6294981],[-35.7306619,-9.6294889],[-35.7307108,-9.6294903],[-35.7308458,-9.6295116],[-35.7308751,-9.6295459],[-35.7309338,-9.6296259],[-35.7309734,-9.6296545],[-35.7310612,-9.6297017],[-35.7311086,-9.6297139],[-35.7311588,-9.6297244],[-35.7312053,-9.6297276],[-35.7313109,-9.6297268],[-35.7313824,-9.6297922],[-35.7314633,-9.6298819],[-35.7315997,-9.6298609],[-35.7317219,-9.6298337],[-35.7317405,-9.6298291],[-35.7318157,-9.6297779],[-35.7318556,-9.6297568],[-35.7319409,-9.6297254],[-35.7320226,-9.6297004],[-35.7321088,-9.6296572],[-35.7321242,-9.6296499],[-35.7321477,-9.6296325],[-35.7321949,-9.6295978],[-35.7322128,-9.6295715],[-35.7322632,-9.629497],[-35.7322911,-9.6294606],[-35.7323239,-9.6294301],[-35.7323569,-9.629401],[-35.7323951,-9.6293731],[-35.7324361,-9.6293522],[-35.7324769,-9.6293349],[-35.7325185,-9.6293171],[-35.7325605,-9.629299],[-35.7326021,-9.6292814],[-35.7326448,-9.6292907],[-35.7326749,-9.6292995],[-35.7327221,-9.6293153],[-35.7327315,-9.6293189],[-35.7327753,-9.6293303],[-35.7328156,-9.6293517],[-35.7328559,-9.6293848],[-35.7328907,-9.6294143],[-35.7329191,-9.6294403],[-35.7329256,-9.6294457],[-35.7329622,-9.6294734],[-35.7331187,-9.6295697],[-35.7333196,-9.6296503],[-35.7333792,-9.6296659],[-35.7337856,-9.6298617],[-35.7339814,-9.6299767],[-35.7342183,-9.6301019],[-35.7343756,-9.6302021],[-35.7345017,-9.6302536],[-35.7351364,-9.6305024],[-35.7360085,-9.6308566],[-35.7364692,-9.6310394],[-35.7367814,-9.6311626],[-35.7370816,-9.6312804],[-35.7371869,-9.6313092],[-35.7372306,-9.6313237],[-35.7369492,-9.6327225],[-35.736611,-9.6344454],[-35.7366081,-9.6344987],[-35.7366095,-9.6345232],[-35.7366026,-9.6345587],[-35.7365929,-9.6346081],[-35.7365751,-9.6346995],[-35.7365296,-9.634944],[-35.7362452,-9.6362782],[-35.736214,-9.6364294],[-35.7360711,-9.6371221],[-35.7360477,-9.6372353],[-35.7360349,-9.6373077],[-35.7359789,-9.6376245],[-35.7358751,-9.6382117],[-35.7357221,-9.6389578],[-35.7356744,-9.6391396],[-35.7353061,-9.6410047],[-35.7352079,-9.6415023],[-35.7350284,-9.6423883],[-35.7348252,-9.6434072],[-35.7347875,-9.6433984],[-35.7347372,-9.6433868],[-35.7346305,-9.643345],[-35.7337454,-9.6429645],[-35.7331815,-9.6427174],[-35.7331511,-9.6426937],[-35.7331427,-9.6426811],[-35.7331364,-9.6426652],[-35.7331301,-9.6426339],[-35.733152,-9.642522],[-35.7332082,-9.6422027],[-35.7327176,-9.6419877],[-35.732437,-9.64186],[-35.7322557,-9.6417781],[-35.731868,-9.6415985],[-35.7318763,-9.6415062],[-35.7319354,-9.6409971],[-35.7315435,-9.6408541],[-35.7314647,-9.640825],[-35.7314253,-9.6408095],[-35.7314004,-9.6407867],[-35.7313931,-9.6407576],[-35.7313952,-9.640712],[-35.7311569,-9.6406912],[-35.7310928,-9.6406648],[-35.7305455,-9.640794],[-35.7305192,-9.6408002],[-35.7304991,-9.6407526],[-35.7304679,-9.6407101],[-35.7304439,-9.6406724],[-35.7304217,-9.6406328],[-35.7304023,-9.6405914],[-35.7303815,-9.6405373],[-35.7303613,-9.6405062],[-35.7303389,-9.6404712],[-35.7303199,-9.6404321],[-35.7303041,-9.6403943],[-35.7302702,-9.6403266],[-35.7302416,-9.6402954],[-35.730213,-9.6402809],[-35.7301491,-9.6402551],[-35.7300996,-9.6402396],[-35.7300276,-9.6402311],[-35.7299725,-9.6402219],[-35.7299287,-9.6402212],[-35.7298976,-9.6402135],[-35.7298481,-9.640205],[-35.7297888,-9.6402029],[-35.7297252,-9.6402071],[-35.7296617,-9.6402142],[-35.7296136,-9.640217],[-35.7295599,-9.6402113],[-35.7294978,-9.6402113],[-35.7294469,-9.6402099],[-35.7293631,-9.6402201],[-35.7293211,-9.6402033],[-35.7292793,-9.6401788],[-35.7292601,-9.6401412],[-35.7292601,-9.6400993],[-35.7292661,-9.6400553],[-35.7292737,-9.6400065],[-35.7292928,-9.6399614],[-35.7293079,-9.6399188],[-35.729324,-9.6398762],[-35.7293391,-9.6398345],[-35.7293533,-9.6397959],[-35.7293613,-9.6397507],[-35.7293668,-9.6397011],[-35.7293692,-9.6396584],[-35.7293582,-9.6396121],[-35.7293414,-9.6395687],[-35.7293093,-9.6395344],[-35.7292687,-9.6395038],[-35.7292343,-9.6394875],[-35.7291949,-9.6394751],[-35.729145,-9.6394756],[-35.729106,-9.6394773],[-35.7290549,-9.6394808],[-35.7290094,-9.6394802],[-35.7289639,-9.6394788],[-35.7289183,-9.6394755],[-35.7288699,-9.6394729],[-35.7288093,-9.6394604],[-35.7287787,-9.6394387],[-35.7287548,-9.6394046],[-35.7287576,-9.6393602],[-35.728775,-9.6393186],[-35.7287926,-9.6392904],[-35.7288364,-9.639253],[-35.7288744,-9.6392283],[-35.7289097,-9.639201],[-35.7289299,-9.6391644],[-35.7289329,-9.6391402],[-35.7289366,-9.6391068],[-35.7289333,-9.6390734],[-35.7289226,-9.6390242],[-35.7289017,-9.6389905],[-35.7288768,-9.6389527],[-35.728851,-9.6389159],[-35.7288252,-9.6388782],[-35.7288012,-9.638835],[-35.7287826,-9.6387936],[-35.7287673,-9.6387529],[-35.7287474,-9.6387152],[-35.7287188,-9.6386751],[-35.7287063,-9.6386354],[-35.7287008,-9.6385873],[-35.7286996,-9.6385422],[-35.7287056,-9.6385145],[-35.7287115,-9.6384995],[-35.7287262,-9.6384579],[-35.7287441,-9.6384162],[-35.7287641,-9.6383834],[-35.7287871,-9.6383364],[-35.7288016,-9.6383065],[-35.7288213,-9.6382574],[-35.728838,-9.6382113],[-35.7288587,-9.6381702],[-35.7288749,-9.6381322],[-35.7288929,-9.6380901],[-35.728913,-9.6380137],[-35.7289289,-9.6379613],[-35.7289376,-9.6379114],[-35.728957,-9.6378344],[-35.7289706,-9.637774],[-35.7289734,-9.6376532],[-35.7289641,-9.6375497],[-35.7289553,-9.6375083],[-35.7289495,-9.6374632],[-35.7289418,-9.637419],[-35.7289333,-9.6373748],[-35.7289207,-9.6373177],[-35.7289198,-9.6372854],[-35.7289286,-9.6372411],[-35.7289346,-9.6371968],[-35.7289442,-9.6371524],[-35.7289557,-9.637109],[-35.7289681,-9.6370646],[-35.7289814,-9.637022],[-35.7289993,-9.636972],[-35.7290144,-9.6369396],[-35.7290277,-9.6368983],[-35.7290398,-9.6368496],[-35.7290429,-9.6368107],[-35.7290437,-9.6367661],[-35.7290409,-9.6367171],[-35.7290369,-9.6366701],[-35.7290329,-9.636625],[-35.7290289,-9.6365817],[-35.7290239,-9.6365356],[-35.729019,-9.6364905],[-35.7290159,-9.6364471],[-35.7290146,-9.6364027],[-35.7290116,-9.6363568],[-35.7290048,-9.6363109],[-35.7290019,-9.6362643],[-35.7290008,-9.6362551],[-35.728995,-9.6362223],[-35.7289911,-9.6362107],[-35.7289812,-9.6361806],[-35.7289568,-9.6361259],[-35.7289351,-9.6360918],[-35.728913,-9.6360595],[-35.7288869,-9.6360329],[-35.7288484,-9.6359976],[-35.7288208,-9.6359608],[-35.7287959,-9.6359203],[-35.7287837,-9.6358762],[-35.7287749,-9.6358395],[-35.7287746,-9.6357875],[-35.7287696,-9.6357439],[-35.7287669,-9.6356938],[-35.728774,-9.6356487],[-35.728793,-9.6356062],[-35.7288077,-9.6355535],[-35.7288068,-9.6355154],[-35.7287957,-9.6354699],[-35.7287882,-9.6354278],[-35.7287731,-9.6353897],[-35.7287528,-9.6353508],[-35.7287337,-9.6353091],[-35.7287178,-9.6352677],[-35.7286984,-9.6352263],[-35.7286753,-9.6351852],[-35.7286558,-9.6351435],[-35.7286488,-9.6351274],[-35.728636,-9.6350907],[-35.7286324,-9.6350517],[-35.7286324,-9.6350099],[-35.7286334,-9.6349619],[-35.7286319,-9.6349019],[-35.7286334,-9.6348213],[-35.7286314,-9.6348071],[-35.7286337,-9.6347883],[-35.7286353,-9.6347398],[-35.7286404,-9.6346908],[-35.7286601,-9.6346556],[-35.7286876,-9.6346251],[-35.7287107,-9.6345964],[-35.7287394,-9.6345692],[-35.728765,-9.6345502],[-35.7288102,-9.6345287],[-35.7288854,-9.6345035],[-35.72893,-9.6344953],[-35.72897,-9.6344881],[-35.7290216,-9.6344851],[-35.7290888,-9.6344851],[-35.7291563,-9.6344855],[-35.729206,-9.6344869],[-35.7292513,-9.6344776],[-35.729281,-9.6344624],[-35.72929,-9.6344475],[-35.7293054,-9.6344137],[-35.7293089,-9.6344015],[-35.7293056,-9.6343691],[-35.7293009,-9.6343488],[-35.7292969,-9.6343314],[-35.7292883,-9.6342905],[-35.7292841,-9.6342657],[-35.7292893,-9.6341842],[-35.7292881,-9.6341565],[-35.7292877,-9.6340743],[-35.7293177,-9.6340271],[-35.7293224,-9.6340233],[-35.7293541,-9.6340032],[-35.7293895,-9.6339912],[-35.7294291,-9.6339863],[-35.7294659,-9.6339842],[-35.7295027,-9.6339758],[-35.7295237,-9.633969],[-35.7295376,-9.6339652],[-35.7295529,-9.6339128],[-35.7295525,-9.6338561],[-35.7295627,-9.6338125],[-35.7295627,-9.6337598],[-35.7295627,-9.6337527],[-35.7295635,-9.6337353],[-35.7295659,-9.633691],[-35.7295705,-9.6336507],[-35.7295776,-9.6335875],[-35.7295725,-9.6335497],[-35.7295778,-9.6335219]]]]}},
{"type":"Feature","properties":{"ibge_code_municipio":"2704302","name":"Cidade Universitária","code":"2704302010"},"geometry":{"type":"MultiPolygon","coordinates":[[[[-35.7385287,-9.5550809],[-35.7381335,-9.5547077],[-35.7380516,-9.5546304],[-35.7374615,-9.554038],[-35.7374159,-9.5539952],[-35.737307,-9.5538924],[-35.7373576,-9.5537982],[-35.7380513,-9.5525227],[-35.7393549,-9.5501059],[-35.7396609,-9.5495385],[-35.7405448,-9.5478918],[-35.7414218,-9.5462905],[-35.742151,-9.5449565],[-35.7423833,-9.5445315],[-35.7433759,-9.5427155],[-35.7433775,-9.5427127],[-35.7438939,-9.5417502],[-35.7443848,-9.540863],[-35.7448806,-9.5399611],[-35.7453569,-9.5390859],[-35.7453904,-9.5390243],[-35.7458803,-9.5381247],[-35.7461566,-9.5376263],[-35.7463754,-9.5372317],[-35.7465612,-9.536904],[-35.7467594,-9.5365545],[-35.7468992,-9.5363076],[-35.7470638,-9.5360222],[-35.7471977,-9.5357828],[-35.7474092,-9.5354048],[-35.7479135,-9.53449],[-35.748046,-9.53426],[-35.7481857,-9.5340158],[-35.7484258,-9.5335895],[-35.7489397,-9.5326773],[-35.7489618,-9.5326237],[-35.7500838,-9.5322004],[-35.770354,-9.5262509],[-35.7720694,-9.5257717],[-35.7727938,-9.525456],[-35.773285,-9.5250778],[-35.7737316,-9.5247033],[-35.7740831,-9.5242252],[-35.7743514,-9.5237741],[-35.7745037,-9.5233193],[-35.7745947,-9.5228707],[-35.7746312,-9.522316],[-35.7746132,-9.5219363],[-35.7745438,-9.5215058],[-35.7744613,-9.5212221],[-35.7752536,-9.5208508],[-35.7779619,-9.5195816],[-35.7783779,-9.5193766],[-35.7786804,-9.5192306],[-35.7787554,-9.5191936],[-35.7799973,-9.5185818],[-35.7803894,-9.5205609],[-35.7804702,-9.5209866],[-35.7805,-9.521151],[-35.7806188,-9.5217979],[-35.7808721,-9.5231547],[-35.7808981,-9.5232687],[-35.780945,-9.5233011],[-35.7813818,-9.5259712],[-35.7813925,-9.5260668],[-35.7814349,-9.5260405],[-35.7816298,-9.5260065],[-35.7827611,-9.5258177],[-35.7837534,-9.5256594],[-35.783906,-9.5256223],[-35.7839176,-9.5256194],[-35.7841169,-9.525571],[-35.784225,-9.5255406],[-35.7844182,-9.525492],[-35.785665,-9.5252516],[-35.7886899,-9.5246686],[-35.7887569,-9.5246558],[-35.7906191,-9.5243118],[-35.7921664,-9.5240245],[-35.7923161,-9.5239935],[-35.7932461,-9.523816],[-35.7933808,-9.5237914],[-35.7949219,-9.5234824],[-35.7952345,-9.5238331],[-35.7960317,-9.5280065],[-35.7963602,-9.5297262],[-35.7967038,-9.5315255],[-35.79656,-9.5314396],[-35.795994,-9.532429],[-35.7959925,-9.5324317],[-35.7959574,-9.5324924],[-35.7953842,-9.5334837],[-35.794775,-9.53454],[-35.7941697,-9.5355891],[-35.7932702,-9.5371398],[-35.7925243,-9.5384212],[-35.7917719,-9.5397309],[-35.7913576,-9.5404475],[-35.7908851,-9.5412651],[-35.7908546,-9.5413179],[-35.7906461,-9.5416788],[-35.790398,-9.5421081],[-35.7901962,-9.5424553],[-35.7901631,-9.5425122],[-35.790045,-9.5427111],[-35.7897267,-9.5432661],[-35.7894992,-9.5436579],[-35.7891871,-9.5441955],[-35.789038,-9.5444523],[-35.7890173,-9.544488],[-35.7889989,-9.5445199],[-35.788243,-9.5458309],[-35.7882309,-9.545852],[-35.7881966,-9.5459114],[-35.7879402,-9.546356],[-35.7879071,-9.5464135],[-35.7878967,-9.5464315],[-35.7873086,-9.5474515],[-35.7869902,-9.5479979],[-35.7869108,-9.5481342],[-35.7862945,-9.5492038],[-35.7860555,-9.5496171],[-35.7858742,-9.5499277],[-35.7848798,-9.5516503],[-35.7848017,-9.5517864],[-35.7847543,-9.5518691],[-35.7843891,-9.5525059],[-35.7843347,-9.5526007],[-35.7840544,-9.5530895],[-35.7839754,-9.5532273],[-35.7837127,-9.5536829],[-35.7833579,-9.5542983],[-35.7830177,-9.554886],[-35.7828221,-9.5552346],[-35.782616,-9.5555915],[-35.7826045,-9.5556083],[-35.7824447,-9.5558944],[-35.7821604,-9.556463],[-35.7818863,-9.557018],[-35.7816817,-9.5574256],[-35.7816262,-9.5575196],[-35.7815525,-9.5576446],[-35.7807877,-9.5591382],[-35.7804827,-9.5597302],[-35.7801296,-9.5604142],[-35.7800174,-9.5606461],[-35.7798947,-9.5608845],[-35.7798558,-9.5609612],[-35.7784932,-9.5636466],[-35.7784522,-9.5637274],[-35.7784383,-9.5637548],[-35.7780174,-9.5645842],[-35.7779783,-9.5646777],[-35.7778305,-9.5650311],[-35.777901,-9.5651562],[-35.7778799,-9.5653588],[-35.7778886,-9.5655912],[-35.7774746,-9.5653762],[-35.7773354,-9.5653588],[-35.777221,-9.5654259],[-35.7770669,-9.565508],[-35.7769123,-9.5655787],[-35.7767336,-9.5656099],[-35.7765912,-9.5656097],[-35.776442,-9.5655854],[-35.7762839,-9.5655656],[-35.7762075,-9.5655128],[-35.7740804,-9.5644339],[-35.7707557,-9.562744],[-35.7702954,-9.562508],[-35.7687481,-9.5617146],[-35.7667873,-9.5607339],[-35.7649123,-9.5597774],[-35.7648573,-9.5597408],[-35.7647786,-9.5596886],[-35.7633447,-9.55897],[-35.7585785,-9.5564875],[-35.7574195,-9.5559135],[-35.7569368,-9.5556744],[-35.7566872,-9.5555674],[-35.7558228,-9.5551477],[-35.7550196,-9.554796],[-35.7545601,-9.5546277],[-35.7541522,-9.5545228],[-35.7536472,-9.5544356],[-35.7530029,-9.5543847],[-35.7526986,-9.5543921],[-35.7518649,-9.5545445],[-35.751251,-9.5546891],[-35.7507045,-9.5548792],[-35.7499841,-9.5552028],[-35.7496232,-9.5554606],[-35.7494589,-9.5555913],[-35.7491443,-9.5558585],[-35.7490298,-9.5559671],[-35.7488696,-9.5561192],[-35.7485315,-9.556494],[-35.7485139,-9.5565134],[-35.7482061,-9.5569301],[-35.7480737,-9.5571595],[-35.7478531,-9.5575801],[-35.7477374,-9.5578293],[-35.7474855,-9.5584193],[-35.7469188,-9.5597983],[-35.7465413,-9.5606903],[-35.7463791,-9.5610737],[-35.7458394,-9.5623491],[-35.7457058,-9.5625822],[-35.7456145,-9.5622994],[-35.7450821,-9.5612566],[-35.7450067,-9.5611498],[-35.7449127,-9.5610441],[-35.7446253,-9.5607684],[-35.7441163,-9.560272],[-35.7431462,-9.5593628],[-35.7428567,-9.5591012],[-35.7421539,-9.5584495],[-35.741751,-9.5580865],[-35.7413111,-9.5576954],[-35.7408383,-9.5572551],[-35.7399635,-9.5564315],[-35.7399121,-9.5563823],[-35.7392291,-9.5557292],[-35.7389077,-9.5554303],[-35.7386623,-9.5552071],[-35.7386226,-9.5551696],[-35.7385287,-9.5550809]]]]}},
{"type":"Feature","properties":{"ibge_code_municipio":"2704302","name":"Chã da Jaqueira","code":"2704302009"},"geometry":{"type":"MultiPolygon","coordinates":[[[[-35.7489542,-9.6110105],[-35.7489907,-9.6110377],[-35.7492025,-9.6112213],[-35.7493346,-9.6112311],[-35.7495166,-9.6112179],[-35.7497161,-9.6111205],[-35.7498253,-9.6110839],[-35.7504171,-9.6108854],[-35.7504771,-9.6110131],[-35.7506722,-9.6114774],[-35.7507355,-9.6116328],[-35.7507734,-9.6118152],[-35.7507915,-9.6120176],[-35.7508005,-9.612088],[-35.7508402,-9.6121368],[-35.7509076,-9.6121761],[-35.7509986,-9.6122189],[-35.7511636,-9.6122343],[-35.7513226,-9.6122325],[-35.7515159,-9.6122072],[-35.7515222,-9.6122062],[-35.7515238,-9.6122278],[-35.7514994,-9.6124289],[-35.7514635,-9.6125969],[-35.751426,-9.6126638],[-35.751258,-9.6128677],[-35.751209,-9.6129395],[-35.7512139,-9.6129574],[-35.7514048,-9.613194],[-35.7515674,-9.6133858],[-35.7515265,-9.613419],[-35.7512004,-9.6136578],[-35.7513841,-9.6140735],[-35.7514886,-9.6141033],[-35.7515265,-9.6142916],[-35.7515724,-9.6144914],[-35.7515747,-9.6146981],[-35.7515587,-9.6148818],[-35.7515518,-9.614992],[-35.751538,-9.6151],[-35.7515219,-9.6151964],[-35.7514278,-9.6153434],[-35.7513125,-9.6154236],[-35.7511625,-9.6155306],[-35.7509939,-9.6156302],[-35.7509512,-9.6156592],[-35.7509435,-9.6156647],[-35.7510326,-9.6157724],[-35.7511628,-9.6158466],[-35.7512002,-9.6158441],[-35.7514705,-9.6155963],[-35.7516228,-9.6155838],[-35.7516526,-9.6155824],[-35.7517358,-9.6153697],[-35.7517797,-9.6150778],[-35.7517448,-9.6143609],[-35.7518313,-9.6140392],[-35.7519411,-9.6138312],[-35.7521711,-9.6139165],[-35.752392,-9.6140818],[-35.7524738,-9.6138897],[-35.7526214,-9.6139235],[-35.752783,-9.61396],[-35.7529424,-9.6139944],[-35.7530089,-9.6140078],[-35.7529976,-9.6140899],[-35.7529738,-9.6142464],[-35.7529445,-9.6144746],[-35.7529381,-9.6145165],[-35.753368,-9.6148744],[-35.7548939,-9.6161307],[-35.7549228,-9.6160858],[-35.7549505,-9.6160495],[-35.7549751,-9.6160062],[-35.7549979,-9.615957],[-35.7550155,-9.6159103],[-35.7550429,-9.6158612],[-35.7550698,-9.6158239],[-35.7550992,-9.6157891],[-35.7551449,-9.6157065],[-35.7551908,-9.6156504],[-35.7552372,-9.6156041],[-35.7552626,-9.6155699],[-35.7552963,-9.615532],[-35.755323,-9.6154944],[-35.7553803,-9.6154293],[-35.7554176,-9.6153995],[-35.7554458,-9.6153601],[-35.7554736,-9.6153118],[-35.7554996,-9.6152844],[-35.7555779,-9.6152476],[-35.7556289,-9.6152377],[-35.7557051,-9.6152334],[-35.7557737,-9.6152228],[-35.7558224,-9.6152198],[-35.7558913,-9.6152248],[-35.7559603,-9.6152375],[-35.7560106,-9.6152454],[-35.7560384,-9.6152497],[-35.7561163,-9.6152902],[-35.7561375,-9.6153008],[-35.7560756,-9.6153959],[-35.7560475,-9.6154305],[-35.755947,-9.6155543],[-35.7559023,-9.6156025],[-35.7558532,-9.6156554],[-35.7557091,-9.6158405],[-35.7556432,-9.6159321],[-35.7553288,-9.6166298],[-35.7551114,-9.6170834],[-35.7550616,-9.6171878],[-35.7550439,-9.6172206],[-35.7549432,-9.6174079],[-35.7548732,-9.6175419],[-35.7547709,-9.6174796],[-35.7548203,-9.6175312],[-35.7547832,-9.6176029],[-35.7543055,-9.6187786],[-35.7540879,-9.6192227],[-35.7539357,-9.6195057],[-35.7538189,-9.6196774],[-35.7536986,-9.6197995],[-35.7533235,-9.6200949],[-35.7532746,-9.620131],[-35.7531791,-9.6201982],[-35.7530141,-9.6203053],[-35.7527965,-9.6204406],[-35.7526713,-9.620516],[-35.7526132,-9.6205519],[-35.752431,-9.620695],[-35.7523204,-9.6208355],[-35.752238,-9.6209599],[-35.7522203,-9.6209866],[-35.7520793,-9.6212298],[-35.7519867,-9.6213944],[-35.7518149,-9.6217442],[-35.7517774,-9.6218376],[-35.7517435,-9.6219743],[-35.7517349,-9.6220963],[-35.75171,-9.6227821],[-35.7517081,-9.6228356],[-35.7517041,-9.6229545],[-35.7517085,-9.622993],[-35.7517327,-9.6231379],[-35.7517505,-9.6232069],[-35.7518148,-9.6234166],[-35.7517169,-9.6233532],[-35.7516224,-9.623269],[-35.7514753,-9.6231436],[-35.7514111,-9.6231063],[-35.7511559,-9.6229913],[-35.7509548,-9.622903],[-35.7499012,-9.622419],[-35.7497904,-9.6223349],[-35.7497506,-9.6222056],[-35.7497118,-9.6220852],[-35.7497141,-9.6218873],[-35.7496585,-9.6217329],[-35.7495253,-9.6215644],[-35.7494582,-9.6214985],[-35.7493072,-9.6213777],[-35.7490192,-9.6212418],[-35.7488269,-9.6211321],[-35.7486688,-9.6210207],[-35.7486486,-9.6210433],[-35.7486455,-9.621078],[-35.7486793,-9.621162],[-35.748687,-9.6212126],[-35.7486824,-9.6212692],[-35.7486778,-9.6213111],[-35.7486618,-9.6213641],[-35.7486142,-9.6214408],[-35.7485829,-9.6214795],[-35.7485483,-9.6215127],[-35.7485127,-9.6215455],[-35.7484717,-9.6215745],[-35.7484297,-9.6215941],[-35.7483843,-9.6216062],[-35.7483371,-9.6216138],[-35.748286,-9.6216169],[-35.7482323,-9.6216155],[-35.7481867,-9.6216096],[-35.7481046,-9.6215903],[-35.7480051,-9.6215586],[-35.7479558,-9.6215391],[-35.7479159,-9.6215154],[-35.7478431,-9.6214433],[-35.7478145,-9.6214065],[-35.7477724,-9.6213716],[-35.7477269,-9.621372],[-35.7476016,-9.6214469],[-35.7475331,-9.6215045],[-35.7474552,-9.6215494],[-35.7473643,-9.6215745],[-35.7473152,-9.6215795],[-35.7471669,-9.6215879],[-35.7471204,-9.6215864],[-35.7470756,-9.6215798],[-35.7469729,-9.621584],[-35.7468847,-9.6215991],[-35.7467934,-9.6216054],[-35.7466381,-9.6215214],[-35.7464692,-9.6215455],[-35.7464163,-9.6215387],[-35.7463716,-9.6215273],[-35.7462795,-9.6215037],[-35.7462347,-9.6214814],[-35.7461935,-9.6214538],[-35.7461122,-9.621421],[-35.7457461,-9.6212938],[-35.7457013,-9.6212724],[-35.745511,-9.621138],[-35.745388,-9.6210373],[-35.745276,-9.6212541],[-35.7452323,-9.6212527],[-35.7451788,-9.6212874],[-35.7451444,-9.6213031],[-35.7451135,-9.6213106],[-35.7450441,-9.6212831],[-35.7449516,-9.6212152],[-35.7448857,-9.6211814],[-35.7448281,-9.6211511],[-35.7447934,-9.6211324],[-35.7447285,-9.6211067],[-35.7446701,-9.6210801],[-35.7446126,-9.6210616],[-35.7444549,-9.6210438],[-35.7443557,-9.6210491],[-35.7442892,-9.621047],[-35.7442353,-9.6210185],[-35.7441786,-9.6209891],[-35.7441367,-9.6209813],[-35.7440175,-9.6209895],[-35.7439598,-9.6209475],[-35.7439127,-9.6208729],[-35.7438703,-9.6208036],[-35.7438299,-9.6207579],[-35.7437402,-9.620699],[-35.7436279,-9.6206619],[-35.7435048,-9.6206403],[-35.7434306,-9.620584],[-35.743393,-9.6205535],[-35.7433272,-9.6205143],[-35.7432785,-9.6204632],[-35.7432408,-9.6204129],[-35.7431304,-9.6203803],[-35.743019,-9.6203505],[-35.7429689,-9.6203356],[-35.7429115,-9.6203324],[-35.7428414,-9.6203302],[-35.7427703,-9.6203218],[-35.7426991,-9.620307],[-35.7426736,-9.6203],[-35.7426288,-9.6202831],[-35.7425439,-9.6202549],[-35.7424975,-9.6202517],[-35.7424492,-9.6202502],[-35.7423937,-9.6202507],[-35.7422752,-9.620251],[-35.7422262,-9.6202511],[-35.7421806,-9.620246],[-35.7421368,-9.6202265],[-35.7421092,-9.6201897],[-35.7420888,-9.6201456],[-35.7420675,-9.6200988],[-35.7420534,-9.6200465],[-35.7420439,-9.6199996],[-35.7420343,-9.6199382],[-35.7420203,-9.619895],[-35.7420008,-9.619849],[-35.7419783,-9.6197661],[-35.741977,-9.61972],[-35.7419748,-9.6196731],[-35.7419969,-9.6195952],[-35.7420057,-9.6195499],[-35.7420465,-9.6195306],[-35.7420872,-9.6194978],[-35.7421096,-9.619456],[-35.7421256,-9.6194126],[-35.7421379,-9.6193465],[-35.7421402,-9.6192968],[-35.7421343,-9.6192489],[-35.7421029,-9.6191887],[-35.7420871,-9.6191454],[-35.7420731,-9.6191004],[-35.742046,-9.6190184],[-35.7420293,-9.618976],[-35.7420061,-9.618931],[-35.7419839,-9.6188833],[-35.7419563,-9.6188429],[-35.7419241,-9.6188097],[-35.7418847,-9.6187721],[-35.7418571,-9.6187362],[-35.7417965,-9.6186752],[-35.7417743,-9.6186356],[-35.741753,-9.6185924],[-35.7417398,-9.6185365],[-35.7417504,-9.6184922],[-35.7417665,-9.6184496],[-35.7417878,-9.618388],[-35.7417984,-9.6183409],[-35.7418281,-9.6183045],[-35.7418816,-9.6182752],[-35.741915,-9.6182433],[-35.7419411,-9.6182042],[-35.7419672,-9.6181643],[-35.7420033,-9.6181278],[-35.7420385,-9.6180941],[-35.7420766,-9.6180676],[-35.7421127,-9.6180384],[-35.7421598,-9.6180037],[-35.7421987,-9.6179736],[-35.7422348,-9.6179372],[-35.7422874,-9.6179079],[-35.7423254,-9.6178804],[-35.7423634,-9.6178458],[-35.7424005,-9.6178184],[-35.7424348,-9.6177865],[-35.7424756,-9.6177591],[-35.7425154,-9.6177353],[-35.7425578,-9.6176889],[-35.7425977,-9.6176633],[-35.7426431,-9.6176466],[-35.7426776,-9.6176328],[-35.742703,-9.6176227],[-35.7427391,-9.617588],[-35.742768,-9.6175526],[-35.7427895,-9.6175117],[-35.7428045,-9.617461],[-35.742827,-9.617422],[-35.7428494,-9.6173794],[-35.7428792,-9.6173439],[-35.7429181,-9.6173129],[-35.7429625,-9.617289],[-35.7430089,-9.617285],[-35.7430671,-9.6172837],[-35.7431024,-9.6172545],[-35.7431384,-9.6171982],[-35.7431389,-9.6171521],[-35.7431113,-9.6171162],[-35.7431064,-9.6170683],[-35.7431288,-9.6170284],[-35.743164,-9.6169893],[-35.7432019,-9.6169483],[-35.7432344,-9.6169128],[-35.7432595,-9.6168638],[-35.743281,-9.6168221],[-35.7433288,-9.616763],[-35.743353,-9.6167239],[-35.7433791,-9.6166849],[-35.7434252,-9.6166466],[-35.7434679,-9.6166291],[-35.7435115,-9.6166152],[-35.7435579,-9.6166103],[-35.7435977,-9.6165874],[-35.7436302,-9.6165537],[-35.7436527,-9.6165147],[-35.7436742,-9.6164747],[-35.7437021,-9.6164357],[-35.7437218,-9.616393],[-35.7437196,-9.6163479],[-35.7437092,-9.6163019],[-35.7437123,-9.6162296],[-35.7437356,-9.6161869],[-35.7437535,-9.6161434],[-35.7437503,-9.6160865],[-35.7437399,-9.6160396],[-35.7437596,-9.615997],[-35.7437967,-9.6159669],[-35.7438273,-9.6159314],[-35.7438507,-9.6158915],[-35.7438694,-9.6158416],[-35.7438736,-9.6157946],[-35.7438741,-9.6157476],[-35.7438719,-9.6157016],[-35.7438588,-9.6156502],[-35.7438484,-9.6156051],[-35.7438489,-9.6155581],[-35.7438558,-9.6155111],[-35.7438755,-9.6154648],[-35.7438896,-9.6154096],[-35.7439028,-9.6153607],[-35.7439198,-9.6153154],[-35.743924,-9.6152702],[-35.7439181,-9.6152233],[-35.7439041,-9.6151782],[-35.7439284,-9.6151392],[-35.7439417,-9.615093],[-35.7439204,-9.6150525],[-35.7439264,-9.6150073],[-35.7439589,-9.6149745],[-35.7439679,-9.6149582],[-35.7439804,-9.6149337],[-35.7439855,-9.6148893],[-35.743987,-9.6148433],[-35.7439984,-9.6147971],[-35.7439925,-9.6147402],[-35.7439916,-9.6146318],[-35.7439531,-9.6144857],[-35.7438891,-9.6143354],[-35.7438679,-9.6142958],[-35.7438434,-9.6142528],[-35.7438184,-9.6142048],[-35.7438059,-9.6141761],[-35.7437779,-9.6140905],[-35.7437372,-9.6140095],[-35.7437069,-9.6139763],[-35.7436435,-9.6139118],[-35.7435992,-9.6138335],[-35.7435834,-9.6137912],[-35.7435354,-9.6137148],[-35.743455,-9.6136738],[-35.7434183,-9.613647],[-35.7433523,-9.6135843],[-35.7433356,-9.613542],[-35.7433279,-9.6134978],[-35.7433281,-9.6134074],[-35.7433405,-9.6133639],[-35.7433562,-9.6132753],[-35.7434056,-9.613199],[-35.7434144,-9.6131547],[-35.7433986,-9.6131132],[-35.7433389,-9.612942],[-35.7433195,-9.6129015],[-35.7432896,-9.6128159],[-35.7432957,-9.6127815],[-35.7433055,-9.6127544],[-35.7433135,-9.6127299],[-35.7433305,-9.6126882],[-35.7433671,-9.6126048],[-35.7434048,-9.6125214],[-35.7434405,-9.6124407],[-35.7434697,-9.6123402],[-35.7434583,-9.612277],[-35.743489,-9.6122442],[-35.7435198,-9.6122314],[-35.7435466,-9.6122106],[-35.7435551,-9.612204],[-35.7435641,-9.6121949],[-35.743631,-9.6121347],[-35.7436553,-9.6120957],[-35.7436678,-9.6120657],[-35.7437052,-9.6119697],[-35.74378,-9.6117568],[-35.7438116,-9.611724],[-35.7438805,-9.6116918],[-35.7439705,-9.6116775],[-35.7439975,-9.6116757],[-35.7440087,-9.6116749],[-35.7440195,-9.6117372],[-35.744054,-9.6118],[-35.7441186,-9.6118278],[-35.7441608,-9.6118284],[-35.7442859,-9.6117831],[-35.7443197,-9.6117408],[-35.7443565,-9.6116665],[-35.7443837,-9.6115976],[-35.7444045,-9.6115324],[-35.7444257,-9.6113827],[-35.7444571,-9.6113837],[-35.7444996,-9.6113902],[-35.744582,-9.6113893],[-35.7446115,-9.6113804],[-35.744634,-9.6113757],[-35.7446595,-9.6113656],[-35.744708,-9.611352],[-35.7447867,-9.6113218],[-35.7448653,-9.6113005],[-35.7449393,-9.6112781],[-35.7450156,-9.6112609],[-35.7450558,-9.6112982],[-35.7451399,-9.6113473],[-35.7452227,-9.6113591],[-35.7453173,-9.6113307],[-35.7454037,-9.6113443],[-35.7454581,-9.611339],[-35.7455043,-9.6113141],[-35.7455478,-9.6112896],[-35.7456034,-9.6112843],[-35.7456501,-9.6112902],[-35.7456697,-9.61129],[-35.7456691,-9.611323],[-35.7456679,-9.6113914],[-35.7458244,-9.6114323],[-35.7459387,-9.6114575],[-35.7459711,-9.611288],[-35.7459775,-9.6112885],[-35.7461225,-9.6113144],[-35.7461983,-9.6113382],[-35.7462428,-9.6113396],[-35.7462894,-9.6113258],[-35.7463709,-9.6112908],[-35.7464289,-9.6112605],[-35.7464885,-9.6112293],[-35.7465758,-9.611187],[-35.746623,-9.6111767],[-35.7466735,-9.6111693],[-35.7467162,-9.6111611],[-35.7467887,-9.61114],[-35.7468686,-9.6110996],[-35.7469163,-9.6110817],[-35.7469633,-9.6110646],[-35.7470011,-9.6110427],[-35.747026,-9.6110273],[-35.7470556,-9.611003],[-35.7470857,-9.6109794],[-35.747136,-9.6109439],[-35.7471869,-9.6108865],[-35.7472579,-9.6108102],[-35.747336,-9.6107676],[-35.7474117,-9.6107457],[-35.7474244,-9.6108087],[-35.7474336,-9.6108409],[-35.7474404,-9.6108634],[-35.7474475,-9.6108894],[-35.7474688,-9.6109687],[-35.7474883,-9.6110291],[-35.7477661,-9.6110305],[-35.7477791,-9.6110308],[-35.7477968,-9.6110311],[-35.747809,-9.611032],[-35.7478315,-9.6110326],[-35.748161,-9.6110539],[-35.748254,-9.6110463],[-35.7483111,-9.6110264],[-35.7483483,-9.6110183],[-35.7484387,-9.6109602],[-35.7486142,-9.6108369],[-35.7486702,-9.6107986],[-35.7487418,-9.6108035],[-35.7488565,-9.6108143],[-35.74901,-9.6107983],[-35.7489766,-9.6108466],[-35.7488907,-9.6109534],[-35.7489542,-9.6110105]]]]}},
{"type":"Feature","properties":{"ibge_code_municipio":"2704302","name":"Tabuleiro do Martins","code":"2704302048"},"geometry":{"type":"MultiPolygon","coordinates":[[[[-35.7644398,-9.5844785],[-35.7644377,-9.5844065],[-35.7644291,-9.5843332],[-35.7643825,-9.5842548],[-35.7639762,-9.5839539],[-35.7634029,-9.5835338],[-35.7632423,-9.5834198],[-35.7632742,-9.5833776],[-35.7634435,-9.5831744],[-35.7636278,-9.582892],[-35.7638569,-9.5825915],[-35.7639496,-9.5824492],[-35.7638101,-9.5823308],[-35.7636828,-9.5822495],[-35.7635475,-9.5821623],[-35.7633524,-9.5820571],[-35.7632058,-9.5819657],[-35.762878,-9.5817163],[-35.7626591,-9.5815652],[-35.7624701,-9.5814154],[-35.7625168,-9.5813427],[-35.7625771,-9.5812436],[-35.7626893,-9.5810755],[-35.7627577,-9.5809731],[-35.7628382,-9.5808598],[-35.7628765,-9.5808059],[-35.7629692,-9.5806774],[-35.76306,-9.5805944],[-35.7631158,-9.58056],[-35.7631203,-9.5805124],[-35.7630677,-9.5804563],[-35.7629336,-9.5803194],[-35.7628165,-9.5802246],[-35.7627888,-9.5802031],[-35.7627652,-9.5801848],[-35.7626905,-9.5801584],[-35.7626553,-9.5801271],[-35.7625385,-9.5800409],[-35.7624274,-9.5799747],[-35.7623285,-9.5799041],[-35.7621124,-9.5797874],[-35.7619117,-9.579686],[-35.7617647,-9.5796196],[-35.7615759,-9.5795286],[-35.7615449,-9.5795178],[-35.7615084,-9.5795187],[-35.7614541,-9.5794754],[-35.7613512,-9.5794255],[-35.7612404,-9.5793618],[-35.7612107,-9.5793337],[-35.7606839,-9.5790628],[-35.7606197,-9.5790278],[-35.7601836,-9.5788105],[-35.7599739,-9.5786974],[-35.760003,-9.5786537],[-35.7604066,-9.5781322],[-35.7604362,-9.5780754],[-35.7605798,-9.5778782],[-35.7606648,-9.5777475],[-35.7607071,-9.5777059],[-35.7606097,-9.5776431],[-35.7604421,-9.5775248],[-35.7602866,-9.5774037],[-35.7602012,-9.5773241],[-35.7598762,-9.5770726],[-35.7595672,-9.5768434],[-35.7592821,-9.576636],[-35.759058,-9.5764729],[-35.7589934,-9.5764269],[-35.7585732,-9.5761361],[-35.7581764,-9.5758466],[-35.7577982,-9.5755722],[-35.7577754,-9.5755557],[-35.7573591,-9.5752432],[-35.7573455,-9.575233],[-35.7569296,-9.574922],[-35.756499,-9.5746243],[-35.7564544,-9.57458],[-35.7560702,-9.5743163],[-35.7558657,-9.5741615],[-35.7556539,-9.5739993],[-35.7554232,-9.5738125],[-35.7548122,-9.5733666],[-35.7539662,-9.5727541],[-35.7539111,-9.5726889],[-35.7535381,-9.5723933],[-35.7532972,-9.5722314],[-35.7531119,-9.5721307],[-35.7524002,-9.5716194],[-35.7523547,-9.5717051],[-35.7522414,-9.5719291],[-35.7519579,-9.5718546],[-35.7517989,-9.5718204],[-35.751597,-9.5717679],[-35.7515503,-9.5717571],[-35.7514386,-9.5717488],[-35.7513689,-9.5717177],[-35.7504474,-9.5715047],[-35.7499995,-9.5706546],[-35.7499425,-9.5705622],[-35.7497094,-9.5701152],[-35.749658,-9.5700186],[-35.7495493,-9.5698118],[-35.7492339,-9.5692572],[-35.7491387,-9.5690585],[-35.749033,-9.5688764],[-35.7487453,-9.5683389],[-35.7483586,-9.5675778],[-35.7481204,-9.567144],[-35.7479301,-9.5667622],[-35.7478817,-9.5667027],[-35.7474239,-9.5658199],[-35.7474093,-9.5657925],[-35.7473007,-9.5655893],[-35.7470887,-9.5651958],[-35.7470458,-9.5651425],[-35.7470034,-9.565055],[-35.7469437,-9.5649375],[-35.7468012,-9.5646631],[-35.7465689,-9.56421],[-35.7461585,-9.5634232],[-35.745924,-9.5630042],[-35.7457058,-9.5625822],[-35.7458394,-9.5623491],[-35.7463791,-9.5610737],[-35.7465413,-9.5606903],[-35.7469188,-9.5597983],[-35.7474855,-9.5584193],[-35.7477374,-9.5578293],[-35.7478531,-9.5575801],[-35.7480737,-9.5571595],[-35.7482061,-9.5569301],[-35.7485139,-9.5565134],[-35.7485315,-9.556494],[-35.7488696,-9.5561192],[-35.7490298,-9.5559671],[-35.7491443,-9.5558585],[-35.7494589,-9.5555913],[-35.7496232,-9.5554606],[-35.7499841,-9.5552028],[-35.7507045,-9.5548792],[-35.751251,-9.5546891],[-35.7518649,-9.5545445],[-35.7526986,-9.5543921],[-35.7530029,-9.5543847],[-35.7536472,-9.5544356],[-35.7541522,-9.5545228],[-35.7545601,-9.5546277],[-35.7550196,-9.554796],[-35.7558228,-9.5551477],[-35.7566872,-9.5555674],[-35.7569368,-9.5556744],[-35.7574195,-9.5559135],[-35.7585785,-9.5564875],[-35.7633447,-9.55897],[-35.7647786,-9.5596886],[-35.7648573,-9.5597408],[-35.7649123,-9.5597774],[-35.7667873,-9.5607339],[-35.7687481,-9.5617146],[-35.7702954,-9.562508],[-35.7707557,-9.562744],[-35.7740804,-9.5644339],[-35.7762075,-9.5655128],[-35.7762839,-9.5655656],[-35.776442,-9.5655854],[-35.7765912,-9.5656097],[-35.7767336,-9.5656099],[-35.7769123,-9.5655787],[-35.7770669,-9.565508],[-35.777221,-9.5654259],[-35.7773354,-9.5653588],[-35.7774746,-9.5653762],[-35.7778886,-9.5655912],[-35.7779747,-9.5658817],[-35.7779852,-9.5659103],[-35.7779755,-9.5661611],[-35.7779418,-9.5662553],[-35.777888,-9.5663479],[-35.777874,-9.566398],[-35.7775394,-9.5666131],[-35.7774477,-9.5666881],[-35.7775237,-9.566772],[-35.7775881,-9.5668644],[-35.7772818,-9.5673987],[-35.7772413,-9.5675321],[-35.7772348,-9.5675667],[-35.7772454,-9.5676569],[-35.7772614,-9.5677388],[-35.777391,-9.5685307],[-35.7773682,-9.5685705],[-35.7769885,-9.5685962],[-35.7768042,-9.5696514],[-35.7767502,-9.5699946],[-35.7767318,-9.5701715],[-35.7767078,-9.5701778],[-35.7766599,-9.5704459],[-35.7765233,-9.5712188],[-35.7764827,-9.5713861],[-35.776448,-9.5714279],[-35.7763902,-9.5717572],[-35.7763672,-9.5718379],[-35.7763377,-9.5719672],[-35.7762414,-9.5725322],[-35.776198,-9.5728212],[-35.7761723,-9.5729174],[-35.7760276,-9.573728],[-35.7759923,-9.5738969],[-35.7758394,-9.5746595],[-35.7758221,-9.5747801],[-35.7758013,-9.5749575],[-35.7757928,-9.5750485],[-35.7758077,-9.5752909],[-35.775827,-9.5754751],[-35.7758536,-9.575735],[-35.7758534,-9.575992],[-35.7758605,-9.5761461],[-35.7758562,-9.5762788],[-35.7758481,-9.576319],[-35.7758367,-9.5764025],[-35.7758078,-9.5765428],[-35.7757742,-9.5766743],[-35.7756327,-9.5771156],[-35.7756148,-9.5771888],[-35.7755918,-9.5772476],[-35.7755104,-9.5778146],[-35.7754,-9.5785517],[-35.7753207,-9.5788146],[-35.7752611,-9.5789801],[-35.7750813,-9.5793855],[-35.77503,-9.5795875],[-35.7750054,-9.57971],[-35.7747766,-9.5803035],[-35.7746954,-9.5804951],[-35.7744676,-9.5810411],[-35.7744177,-9.5811607],[-35.7743577,-9.5813328],[-35.7742249,-9.5817195],[-35.7740686,-9.5821441],[-35.7738958,-9.5826156],[-35.7736912,-9.5831951],[-35.7733923,-9.5840142],[-35.7732547,-9.5843705],[-35.7732337,-9.5844262],[-35.7730381,-9.5848869],[-35.7728842,-9.5852593],[-35.7727212,-9.5856536],[-35.7726658,-9.5857905],[-35.7726134,-9.5858924],[-35.7723792,-9.5862757],[-35.7723318,-9.5863628],[-35.7722845,-9.5864494],[-35.7719661,-9.5870412],[-35.7718947,-9.5871269],[-35.7715042,-9.5878546],[-35.7714288,-9.587988],[-35.7712957,-9.5882748],[-35.771267,-9.5883426],[-35.7711978,-9.5885465],[-35.7711345,-9.5887376],[-35.7710899,-9.5888208],[-35.7710253,-9.5888787],[-35.7710163,-9.588896],[-35.7708906,-9.5892052],[-35.7707704,-9.5895131],[-35.7707634,-9.5896194],[-35.7707565,-9.5898549],[-35.7706978,-9.5900603],[-35.7706211,-9.5903065],[-35.7706063,-9.5904581],[-35.770601,-9.5905033],[-35.7705874,-9.5908484],[-35.7705912,-9.5911337],[-35.7705906,-9.5913719],[-35.7705924,-9.5914741],[-35.7705604,-9.5915075],[-35.7704952,-9.5915082],[-35.7704097,-9.5914947],[-35.7701071,-9.5914197],[-35.7699344,-9.5913835],[-35.7699477,-9.5915066],[-35.7700106,-9.5917848],[-35.770133,-9.5924766],[-35.7701894,-9.5927078],[-35.7702059,-9.5927701],[-35.7702082,-9.5927792],[-35.7702954,-9.5931258],[-35.7705056,-9.5939507],[-35.770502,-9.5939835],[-35.7706313,-9.5945396],[-35.7706278,-9.5946108],[-35.770625,-9.59461],[-35.770112,-9.5944567],[-35.7700212,-9.5944148],[-35.7698476,-9.5943391],[-35.7696719,-9.594366],[-35.769607,-9.5943752],[-35.7694929,-9.5943683],[-35.7694173,-9.5943655],[-35.7693817,-9.5943279],[-35.7693409,-9.5943192],[-35.7692985,-9.5943184],[-35.7691421,-9.5943372],[-35.7688478,-9.5943823],[-35.7688016,-9.5943785],[-35.7686848,-9.5944068],[-35.7684343,-9.5944708],[-35.7683449,-9.5945005],[-35.7682592,-9.5945204],[-35.7682887,-9.5945478],[-35.7683849,-9.5947107],[-35.7685012,-9.5949639],[-35.7685627,-9.595086],[-35.7685646,-9.5950897],[-35.768579,-9.5951428],[-35.7687239,-9.5954589],[-35.7688089,-9.5956533],[-35.768818,-9.5957064],[-35.7688741,-9.5958416],[-35.7689684,-9.5960776],[-35.768997,-9.5961687],[-35.7690371,-9.5961917],[-35.7692315,-9.5965847],[-35.7693027,-9.5966885],[-35.769358,-9.5968867],[-35.7694132,-9.5970848],[-35.7695374,-9.5975369],[-35.7696359,-9.5979198],[-35.7696922,-9.5981393],[-35.7697632,-9.5983335],[-35.7698194,-9.5984862],[-35.7698486,-9.5985824],[-35.7698322,-9.5986733],[-35.7692632,-9.5983233],[-35.7692245,-9.5984928],[-35.7691106,-9.5989967],[-35.7689324,-9.5997856],[-35.7688916,-9.5999532],[-35.7686737,-9.6007542],[-35.76784,-9.6002013],[-35.7676702,-9.6001778],[-35.7674584,-9.6000462],[-35.7674292,-9.5998393],[-35.7673907,-9.5997936],[-35.7673304,-9.5998168],[-35.7672746,-9.5998601],[-35.76721,-9.5998854],[-35.7671456,-9.5998935],[-35.7670203,-9.5998985],[-35.7669637,-9.5998746],[-35.766889,-9.5998689],[-35.7668225,-9.5998613],[-35.766758,-9.5998763],[-35.7667228,-9.5998922],[-35.7667009,-9.599902],[-35.766664,-9.5999611],[-35.7666307,-9.6000056],[-35.7665827,-9.6000367],[-35.7665201,-9.6000625],[-35.7664391,-9.6000686],[-35.7663727,-9.60007],[-35.7663164,-9.600084],[-35.7662545,-9.6000881],[-35.7660497,-9.6000889],[-35.7659861,-9.6001038],[-35.7659353,-9.6001313],[-35.7658901,-9.6001633],[-35.7658146,-9.6001775],[-35.7657365,-9.6001953],[-35.7656637,-9.600204],[-35.7655736,-9.600211],[-35.7655146,-9.600225],[-35.7653471,-9.6002282],[-35.7652916,-9.6002313],[-35.765228,-9.6002436],[-35.7651725,-9.6002485],[-35.7651115,-9.600249],[-35.7650486,-9.6002378],[-35.7649983,-9.600212],[-35.7648813,-9.600152],[-35.7648491,-9.6001084],[-35.7648105,-9.6000644],[-35.7647774,-9.6000204],[-35.7647369,-9.5999756],[-35.7646975,-9.599937],[-35.7646652,-9.5998831],[-35.7646591,-9.599827],[-35.7646591,-9.5998013],[-35.7646588,-9.599772],[-35.7646447,-9.5997161],[-35.7646225,-9.5996657],[-35.7646074,-9.5996107],[-35.7645597,-9.599565],[-35.7645148,-9.5995274],[-35.7644725,-9.5994781],[-35.7644276,-9.5994423],[-35.7643747,-9.5994282],[-35.7643227,-9.5994088],[-35.7642762,-9.5993965],[-35.7642214,-9.5993798],[-35.7641557,-9.5993622],[-35.7640954,-9.5993392],[-35.7640343,-9.5993216],[-35.7639769,-9.5993203],[-35.7639114,-9.5993199],[-35.7638556,-9.5992896],[-35.7638543,-9.5992345],[-35.7638192,-9.5991806],[-35.7637725,-9.5991448],[-35.7637294,-9.5991018],[-35.7636963,-9.5990587],[-35.7636891,-9.599038],[-35.763672,-9.5989884],[-35.7636588,-9.5989352],[-35.7636588,-9.5988223],[-35.7636538,-9.5987654],[-35.7636361,-9.5987141],[-35.7635163,-9.5986454],[-35.7634647,-9.598529],[-35.7634193,-9.5984737],[-35.7634243,-9.5984131],[-35.7634667,-9.5983612],[-35.7635274,-9.5983309],[-35.7635717,-9.5982881],[-35.7636205,-9.5982471],[-35.7637727,-9.5981618],[-35.7638033,-9.5981119],[-35.7637928,-9.5980551],[-35.7637896,-9.5979955],[-35.7638156,-9.5979456],[-35.7638443,-9.5978947],[-35.7638384,-9.597837],[-35.7638434,-9.5977809],[-35.763852,-9.5977239],[-35.7638863,-9.5976785],[-35.7639173,-9.5976434],[-35.7634171,-9.5971659],[-35.7634101,-9.597159],[-35.7632795,-9.5970303],[-35.7630842,-9.5968379],[-35.7628333,-9.5966],[-35.7624293,-9.5962197],[-35.7624273,-9.5962177],[-35.7622932,-9.5960853],[-35.7622632,-9.5960667],[-35.7619602,-9.5957842],[-35.7617651,-9.595593],[-35.7617032,-9.595539],[-35.7616852,-9.5955233],[-35.7616752,-9.5954474],[-35.7616309,-9.5953763],[-35.7612317,-9.5949812],[-35.7607052,-9.5944765],[-35.7603789,-9.5941502],[-35.7602577,-9.5940377],[-35.760207,-9.5939659],[-35.7597209,-9.5934845],[-35.7590537,-9.5928278],[-35.7588518,-9.5926264],[-35.7588284,-9.5925933],[-35.7586912,-9.5924535],[-35.7584136,-9.5921851],[-35.7580002,-9.5917882],[-35.7578721,-9.5916721],[-35.7577927,-9.5916135],[-35.7583917,-9.5912777],[-35.7594009,-9.5906933],[-35.7596741,-9.5905206],[-35.759695,-9.5904905],[-35.7597684,-9.5903842],[-35.7603562,-9.5899192],[-35.7607805,-9.5895297],[-35.7613426,-9.5887773],[-35.7616896,-9.5883129],[-35.762561,-9.5871465],[-35.7628843,-9.5867137],[-35.7629654,-9.5865821],[-35.7629778,-9.5865621],[-35.7639038,-9.5853227],[-35.7644437,-9.5846108],[-35.7644418,-9.5845435],[-35.7644398,-9.5844785]]]]}},
{"type":"Feature","properties":{"ibge_code_municipio":"2704302","name":"Benedito Bentes","code":"2704302004"},"geometry":{"type":"MultiPolygon","coordinates":[[[[-35.7268112,-9.5742958],[-35.7267986,-9.574345],[-35.7267605,-9.574367],[-35.7267116,-9.5743963],[-35.7266807,-9.5744019],[-35.7266362,-9.5744167],[-35.7265683,-9.574467],[-35.726564,-9.5744732],[-35.7264625,-9.5745473],[-35.7264268,-9.5745205],[-35.7263929,-9.5745027],[-35.7263456,-9.5745076],[-35.7262582,-9.5746185],[-35.726244,-9.574661],[-35.7262238,-9.5747488],[-35.7261581,-9.5749626],[-35.7261585,-9.5750078],[-35.726091,-9.5752269],[-35.7260743,-9.5752689],[-35.7260571,-9.5753121],[-35.7260832,-9.5753896],[-35.7261099,-9.5754256],[-35.726135,-9.575485],[-35.72611,-9.5755593],[-35.7260013,-9.5756116],[-35.7259367,-9.575623],[-35.7259058,-9.5756296],[-35.7258678,-9.5756588],[-35.7258289,-9.5756835],[-35.7256712,-9.5757481],[-35.7256588,-9.5757488],[-35.7256436,-9.5757409],[-35.7256208,-9.5757276],[-35.725608,-9.5757295],[-35.7255315,-9.5757518],[-35.7254399,-9.5757678],[-35.7253517,-9.5757618],[-35.725338,-9.5757732],[-35.7252837,-9.5758151],[-35.7252288,-9.5758888],[-35.725205,-9.5759838],[-35.7251507,-9.5760591],[-35.7251098,-9.5760824],[-35.7250712,-9.5760969],[-35.7250134,-9.576166],[-35.7249356,-9.5762235],[-35.7248607,-9.5762683],[-35.7248051,-9.5763246],[-35.7248586,-9.5765188],[-35.7248558,-9.5766055],[-35.7248101,-9.5766916],[-35.7247239,-9.5767303],[-35.7246221,-9.5767464],[-35.7245841,-9.5766591],[-35.7245347,-9.5766378],[-35.7244668,-9.5766853],[-35.7244246,-9.5767548],[-35.7244838,-9.5768201],[-35.7244469,-9.5769271],[-35.7243747,-9.5769411],[-35.7242791,-9.5771003],[-35.724218,-9.5771599],[-35.7241672,-9.5772388],[-35.7240822,-9.577283],[-35.7239855,-9.5772782],[-35.7238946,-9.5772933],[-35.7238019,-9.5773176],[-35.7237172,-9.5773065],[-35.7236799,-9.5773238],[-35.7236416,-9.5773365],[-35.7236084,-9.5773697],[-35.7236015,-9.5774203],[-35.7236183,-9.5774717],[-35.7236461,-9.5774987],[-35.723655,-9.5774985],[-35.7236741,-9.5775065],[-35.7237327,-9.5775458],[-35.7237906,-9.5776158],[-35.7237874,-9.5776673],[-35.7237951,-9.5777197],[-35.723779,-9.5777496],[-35.7237353,-9.577759],[-35.7237108,-9.5777592],[-35.7236652,-9.5777596],[-35.7236416,-9.5777624],[-35.7235916,-9.5777665],[-35.7235278,-9.577767],[-35.723477,-9.5777872],[-35.7234354,-9.5778129],[-35.7234019,-9.5778456],[-35.7233685,-9.5778793],[-35.7233488,-9.577922],[-35.7233383,-9.5779681],[-35.7233122,-9.5780117],[-35.7233108,-9.5780587],[-35.7233139,-9.5781065],[-35.7233189,-9.5781607],[-35.7233265,-9.5782076],[-35.7233278,-9.5782537],[-35.7233154,-9.5782999],[-35.7232994,-9.5783434],[-35.7232771,-9.5783987],[-35.7232501,-9.5784386],[-35.7232277,-9.5784795],[-35.7232171,-9.5785256],[-35.7232075,-9.5785736],[-35.723206,-9.5786197],[-35.7232364,-9.5786583],[-35.7232713,-9.578705],[-35.7233045,-9.5787526],[-35.7233276,-9.5787922],[-35.7233545,-9.5788652],[-35.7233611,-9.5788832],[-35.7233814,-9.5789255],[-35.7234145,-9.5789587],[-35.723441,-9.5789801],[-35.7234538,-9.57899],[-35.7234997,-9.579033],[-35.72353,-9.5790599],[-35.7235703,-9.579093],[-35.7235834,-9.5791371],[-35.7235646,-9.5791834],[-35.7235668,-9.5792249],[-35.7236082,-9.5792833],[-35.723644,-9.5793147],[-35.7236716,-9.5793542],[-35.7236965,-9.5793992],[-35.7237151,-9.5794487],[-35.7237282,-9.5794947],[-35.7237286,-9.5795453],[-35.7237263,-9.5795941],[-35.7237385,-9.5796437],[-35.7237742,-9.5797175],[-35.7237857,-9.5797418],[-35.7238079,-9.5797837],[-35.7238328,-9.5798255],[-35.723866,-9.5798722],[-35.7238649,-9.579968],[-35.7238653,-9.5800131],[-35.7238602,-9.5800611],[-35.723858,-9.580127],[-35.7238693,-9.5801785],[-35.7238843,-9.5802262],[-35.7238901,-9.5802723],[-35.7238914,-9.5803183],[-35.7238826,-9.5803636],[-35.7238767,-9.5804106],[-35.7238771,-9.5804675],[-35.7238903,-9.5805225],[-35.7239025,-9.5805703],[-35.7239184,-9.5806181],[-35.7239378,-9.5806595],[-35.7239582,-9.5807037],[-35.7239704,-9.5807514],[-35.7239774,-9.5807762],[-35.7239845,-9.580801],[-35.7240048,-9.5808424],[-35.7240161,-9.5808929],[-35.7240311,-9.580937],[-35.7240423,-9.580983],[-35.7240482,-9.5810318],[-35.7240595,-9.5810769],[-35.724069,-9.5811238],[-35.724067,-9.5812186],[-35.7240677,-9.5813135],[-35.7240785,-9.5814092],[-35.7240656,-9.5815006],[-35.7240755,-9.5815972],[-35.7240832,-9.5816558],[-35.7241005,-9.5817677],[-35.7240962,-9.5818761],[-35.7241024,-9.5819703],[-35.7240699,-9.5820834],[-35.7240472,-9.5821657],[-35.7240295,-9.5822264],[-35.7240227,-9.5822824],[-35.7240213,-9.582333],[-35.7240216,-9.5823791],[-35.7240229,-9.5824261],[-35.724056,-9.5824629],[-35.7240915,-9.5824941],[-35.7241148,-9.5825347],[-35.7241352,-9.5825752],[-35.7241564,-9.5826157],[-35.7241851,-9.5826769],[-35.7241897,-9.5826832],[-35.7242164,-9.58272],[-35.724254,-9.5827486],[-35.7242934,-9.5827772],[-35.7243274,-9.5828203],[-35.7243495,-9.58285],[-35.7243462,-9.5829024],[-35.7243311,-9.582945],[-35.7242063,-9.5830848],[-35.7241931,-9.5831006],[-35.724187,-9.5831395],[-35.7241937,-9.5831828],[-35.7242048,-9.5832026],[-35.724214,-9.583218],[-35.7241997,-9.5833567],[-35.7241954,-9.5833983],[-35.7241712,-9.583445],[-35.724095,-9.5835574],[-35.7240696,-9.583594],[-35.7240587,-9.5836104],[-35.7240489,-9.5836348],[-35.7239762,-9.5837141],[-35.7239532,-9.5837269],[-35.7239225,-9.5837577],[-35.7239206,-9.5837587],[-35.7238945,-9.5837932],[-35.7238863,-9.5838043],[-35.7238703,-9.5838313],[-35.7238621,-9.5838458],[-35.7238497,-9.5838713],[-35.7238416,-9.5838866],[-35.7238356,-9.5839388],[-35.7238376,-9.5839599],[-35.7237283,-9.584174],[-35.7237261,-9.5841812],[-35.723721,-9.5842099],[-35.7237185,-9.5842191],[-35.7237883,-9.5842864],[-35.7237692,-9.5843024],[-35.7237624,-9.5843206],[-35.7237526,-9.5843441],[-35.7237525,-9.5843644],[-35.7237529,-9.5844096],[-35.7237533,-9.5844653],[-35.7237485,-9.5845452],[-35.7236374,-9.5846608],[-35.7235975,-9.584691],[-35.7235914,-9.5847018],[-35.7235761,-9.5847318],[-35.7235692,-9.5847779],[-35.7235362,-9.5848622],[-35.7234907,-9.584858],[-35.7234377,-9.5848485],[-35.7234005,-9.5848533],[-35.7233896,-9.5848543],[-35.723373,-9.584879],[-35.7233673,-9.5848872],[-35.7233572,-9.5849015],[-35.7233404,-9.5849667],[-35.7233297,-9.5849912],[-35.7233289,-9.5850102],[-35.7233264,-9.5850373],[-35.7233284,-9.5850544],[-35.7233332,-9.5850833],[-35.7233535,-9.5851256],[-35.7233609,-9.5851382],[-35.7233836,-9.5852451],[-35.7233801,-9.5852672],[-35.7233068,-9.5853963],[-35.7232686,-9.585438],[-35.7232605,-9.5854516],[-35.7232408,-9.585487],[-35.723239,-9.5854915],[-35.723224,-9.5855219],[-35.7232148,-9.5855387],[-35.7232033,-9.5855749],[-35.7231997,-9.5855858],[-35.7231569,-9.5857],[-35.7231479,-9.5857163],[-35.7231465,-9.5857687],[-35.7231639,-9.5857776],[-35.7231886,-9.5857892],[-35.7232068,-9.5857899],[-35.7232396,-9.5857897],[-35.7233,-9.5858752],[-35.7233188,-9.5859074],[-35.7233143,-9.5859184],[-35.7232964,-9.5859564],[-35.7232622,-9.5860088],[-35.7232281,-9.5860608],[-35.7232118,-9.5860718],[-35.7231909,-9.5860874],[-35.7231321,-9.5861266],[-35.7229163,-9.5862376],[-35.7228818,-9.5862388],[-35.7228687,-9.5862397],[-35.7228344,-9.5862419],[-35.7227882,-9.5862603],[-35.7227837,-9.5862621],[-35.72274,-9.586277],[-35.7226864,-9.5862882],[-35.7226392,-9.5863049],[-35.7226213,-9.5863394],[-35.7226042,-9.586372],[-35.7225934,-9.5863866],[-35.7225838,-9.5864345],[-35.7226061,-9.5864867],[-35.7225817,-9.5865122],[-35.7225484,-9.586555],[-35.7225093,-9.5865679],[-35.7224906,-9.5866141],[-35.7224888,-9.5866169],[-35.7224773,-9.5866567],[-35.7224594,-9.5867065],[-35.7224515,-9.5867437],[-35.7223182,-9.5868088],[-35.7222465,-9.5868775],[-35.7222062,-9.5869154],[-35.7221663,-9.5869365],[-35.722064,-9.586941],[-35.7220307,-9.5869412],[-35.72201,-9.5869414],[-35.721967,-9.5869426],[-35.7219407,-9.5869501],[-35.7218874,-9.586964],[-35.7218416,-9.5869752],[-35.7218136,-9.5869953],[-35.7217946,-9.5870099],[-35.7217448,-9.5870546],[-35.7217022,-9.5870694],[-35.7216886,-9.587074],[-35.7216369,-9.5870952],[-35.7216143,-9.5871027],[-35.7215848,-9.5871268],[-35.7215505,-9.5871595],[-35.7215362,-9.5871766],[-35.7215319,-9.5871806],[-35.7214912,-9.5872183],[-35.7214331,-9.5872332],[-35.7213776,-9.5872695],[-35.7213288,-9.5873001],[-35.7212681,-9.587314],[-35.7212203,-9.5873443],[-35.7211958,-9.5873627],[-35.721173,-9.5873799],[-35.7211603,-9.5873903],[-35.7211213,-9.5874223],[-35.7210653,-9.587453],[-35.7210166,-9.5874935],[-35.7209757,-9.5875306],[-35.720945,-9.58758],[-35.7209228,-9.587625],[-35.7209203,-9.5876309],[-35.7208951,-9.5876846],[-35.7208871,-9.5876973],[-35.7208594,-9.5877278],[-35.7208128,-9.5877586],[-35.7207685,-9.5877941],[-35.7207294,-9.587837],[-35.7206724,-9.5878427],[-35.7206189,-9.5878703],[-35.7206017,-9.5878813],[-35.720569,-9.5878923],[-35.7205099,-9.5878973],[-35.7204591,-9.5879312],[-35.7204143,-9.5879735],[-35.7203831,-9.5880244],[-35.7203737,-9.5880392],[-35.7203716,-9.588042],[-35.7203511,-9.5880702],[-35.7203103,-9.5881094],[-35.7202744,-9.5881567],[-35.7202217,-9.5881797],[-35.7201933,-9.5882346],[-35.7201817,-9.588292],[-35.7201357,-9.5883466],[-35.7199554,-9.588348],[-35.7199233,-9.5883157],[-35.7199132,-9.588305],[-35.7198876,-9.5882889],[-35.7198647,-9.5882737],[-35.7198483,-9.5882648],[-35.7198344,-9.5882577],[-35.7198179,-9.5882484],[-35.719809,-9.5882434],[-35.7198053,-9.5882417],[-35.7197669,-9.5882248],[-35.7197423,-9.5882142],[-35.7197249,-9.588208],[-35.7196966,-9.5881991],[-35.719682,-9.5881929],[-35.7196365,-9.5881906],[-35.7196255,-9.5881898],[-35.7195993,-9.5882126],[-35.7195695,-9.5882381],[-35.7195668,-9.5882435],[-35.7195525,-9.5882698],[-35.7195448,-9.5882818],[-35.7195201,-9.5883207],[-35.7195111,-9.5883298],[-35.7194105,-9.5883975],[-35.7193851,-9.5884094],[-35.7193691,-9.5884157],[-35.7193262,-9.5884325],[-35.7193026,-9.5884417],[-35.7192853,-9.5884518],[-35.7192509,-9.5884728],[-35.7192482,-9.5884764],[-35.7192374,-9.5885002],[-35.7192205,-9.5885363],[-35.7192083,-9.5886051],[-35.7191986,-9.5886265],[-35.7191895,-9.5886459],[-35.7191812,-9.5886585],[-35.7191499,-9.5887063],[-35.7191391,-9.5887228],[-35.7191157,-9.5887589],[-35.7191047,-9.5887814],[-35.7190951,-9.5888002],[-35.7190618,-9.5888456],[-35.7190472,-9.5888597],[-35.7190383,-9.5888685],[-35.7190347,-9.5888711],[-35.7190124,-9.5889054],[-35.7189996,-9.5889238],[-35.7189962,-9.5889464],[-35.71894,-9.5890969],[-35.7189332,-9.5891107],[-35.718914,-9.5891504],[-35.7188855,-9.5891881],[-35.7188593,-9.5892226],[-35.7188342,-9.5892556],[-35.718832,-9.5892585],[-35.7188113,-9.5892858],[-35.7187815,-9.5893337],[-35.7187542,-9.5893776],[-35.7187518,-9.5893815],[-35.7187367,-9.5894047],[-35.7187341,-9.5894114],[-35.7187,-9.5894948],[-35.718682,-9.5895364],[-35.7186644,-9.589577],[-35.7186419,-9.5896169],[-35.7186134,-9.5896578],[-35.7185906,-9.5896905],[-35.7185915,-9.5896914],[-35.7185975,-9.5897555],[-35.7186197,-9.5897699],[-35.718646,-9.5897876],[-35.7186589,-9.5897944],[-35.7186988,-9.5898149],[-35.7187392,-9.5898357],[-35.7187676,-9.5898517],[-35.7188156,-9.5899354],[-35.7188141,-9.5899806],[-35.718779,-9.5900332],[-35.718772,-9.5900437],[-35.7187711,-9.590045],[-35.7187701,-9.5900464],[-35.7187692,-9.5900479],[-35.7187676,-9.5900502],[-35.7187619,-9.5900587],[-35.71876,-9.5900611],[-35.7187358,-9.5900905],[-35.718587,-9.5901905],[-35.7185692,-9.5901975],[-35.7185048,-9.5902279],[-35.7184385,-9.5902474],[-35.7183842,-9.5902866],[-35.7183659,-9.5902951],[-35.7182541,-9.5903238],[-35.7182088,-9.5903278],[-35.7180977,-9.5903277],[-35.7180722,-9.5903261],[-35.7180513,-9.5903254],[-35.7180332,-9.5903418],[-35.7180097,-9.5903628],[-35.7180016,-9.5903746],[-35.717974,-9.5904127],[-35.717948,-9.5904488],[-35.717922,-9.5904846],[-35.7178956,-9.5905211],[-35.7178947,-9.5905222],[-35.7178936,-9.5905237],[-35.7178923,-9.5905253],[-35.7178865,-9.5905328],[-35.7178683,-9.5905572],[-35.7178575,-9.5905717],[-35.7178498,-9.59058],[-35.7177851,-9.5906494],[-35.7177427,-9.5906949],[-35.717716,-9.5907235],[-35.7177005,-9.5907401],[-35.7176897,-9.5907601],[-35.7176704,-9.5907954],[-35.717665,-9.5908051],[-35.7176625,-9.5908099],[-35.7176614,-9.5908118],[-35.7176457,-9.5908391],[-35.7176394,-9.590849],[-35.7176269,-9.5908808],[-35.7176109,-9.5909229],[-35.7175921,-9.5909892],[-35.7175836,-9.5910101],[-35.7175556,-9.5910802],[-35.7175359,-9.5911242],[-35.7175137,-9.5911744],[-35.7174874,-9.5912108],[-35.7174614,-9.5912469],[-35.7174344,-9.5912843],[-35.7173762,-9.5913522],[-35.7173307,-9.5914062],[-35.717319,-9.5914235],[-35.717307,-9.5914417],[-35.7172938,-9.5914616],[-35.7172866,-9.5914716],[-35.717273,-9.591502],[-35.7172549,-9.5915294],[-35.7171655,-9.5916663],[-35.717051,-9.5918412],[-35.7169938,-9.5919116],[-35.7169654,-9.5919467],[-35.7169339,-9.5919797],[-35.7169248,-9.5919922],[-35.7169086,-9.5920185],[-35.7168862,-9.5920566],[-35.7168603,-9.5920876],[-35.716805,-9.5921539],[-35.7167456,-9.592233],[-35.7166873,-9.5922997],[-35.716603,-9.5923922],[-35.7165669,-9.5924377],[-35.7164665,-9.5925189],[-35.7164214,-9.5925698],[-35.7163447,-9.5926581],[-35.7163095,-9.5926864],[-35.7162499,-9.5927456],[-35.7162396,-9.5927692],[-35.7162171,-9.592787],[-35.7161892,-9.5928201],[-35.716083,-9.5929457],[-35.7159735,-9.5930314],[-35.7159284,-9.5930716],[-35.7158961,-9.5931029],[-35.7158489,-9.5931722],[-35.7157951,-9.5932224],[-35.7157387,-9.5932565],[-35.7156809,-9.5932785],[-35.7156288,-9.5933068],[-35.715602,-9.5933533],[-35.7155585,-9.5933771],[-35.7154996,-9.5933878],[-35.7154419,-9.5934314],[-35.7153907,-9.5934625],[-35.7153074,-9.593524],[-35.7152565,-9.5935648],[-35.7151755,-9.5936494],[-35.7151228,-9.5936907],[-35.7150968,-9.593707],[-35.715071,-9.5937576],[-35.7150738,-9.5938182],[-35.7150909,-9.5938745],[-35.7150999,-9.5939116],[-35.7151011,-9.5939477],[-35.7150884,-9.5940016],[-35.7150485,-9.5940416],[-35.7150049,-9.59406],[-35.7149459,-9.5940758],[-35.7148459,-9.5940983],[-35.7147778,-9.594094],[-35.7147083,-9.5940777],[-35.7146189,-9.5940603],[-35.7145344,-9.5940303],[-35.7144339,-9.5939974],[-35.7143964,-9.5939893],[-35.714371,-9.5940564],[-35.7143197,-9.5940952],[-35.7142761,-9.5941357],[-35.7141742,-9.5941805],[-35.7141201,-9.5942121],[-35.7140237,-9.5942708],[-35.7139263,-9.5943148],[-35.7138965,-9.5943256],[-35.7138319,-9.5943385],[-35.7137919,-9.5943469],[-35.7136901,-9.5943667],[-35.7135403,-9.5944502],[-35.7134906,-9.5944875],[-35.7134764,-9.5945494],[-35.7134552,-9.5946007],[-35.7134216,-9.5946457],[-35.7133941,-9.5946961],[-35.7133519,-9.5947434],[-35.7132892,-9.5947664],[-35.7132189,-9.5947589],[-35.7131885,-9.5947062],[-35.7131455,-9.5946744],[-35.7130898,-9.5946725],[-35.7130316,-9.5946851],[-35.7129754,-9.5946746],[-35.7128704,-9.5945389],[-35.7128286,-9.5945339],[-35.7127728,-9.5945371],[-35.7127456,-9.5945382],[-35.7127263,-9.5945365],[-35.7127065,-9.594535],[-35.7126969,-9.594531],[-35.7126591,-9.5945396],[-35.7126092,-9.5945684],[-35.7126046,-9.5945604],[-35.712268,-9.5940173],[-35.712232,-9.5938405],[-35.7122199,-9.5937963],[-35.7122059,-9.593754],[-35.7122385,-9.5936842],[-35.712242,-9.5934953],[-35.7122914,-9.5932293],[-35.7122905,-9.5930684],[-35.7123221,-9.5929119],[-35.7123967,-9.5927956],[-35.7125188,-9.5926397],[-35.7126789,-9.5925124],[-35.7126937,-9.5924843],[-35.7127901,-9.5922423],[-35.7127781,-9.5920384],[-35.7128238,-9.5918364],[-35.7127829,-9.591796],[-35.7129758,-9.5914182],[-35.7129763,-9.5914167],[-35.7127817,-9.5911789],[-35.7128412,-9.5908312],[-35.7129761,-9.590788],[-35.7129989,-9.590627],[-35.7129737,-9.5904817],[-35.7129877,-9.5903054],[-35.7132015,-9.5887446],[-35.7131268,-9.5886259],[-35.713095,-9.5885753],[-35.7127235,-9.5882123],[-35.7126841,-9.588068],[-35.7125911,-9.5879377],[-35.712426,-9.5877782],[-35.7122719,-9.5876384],[-35.7122645,-9.5875084],[-35.7122858,-9.5872884],[-35.7121507,-9.5870182],[-35.7120456,-9.5868531],[-35.7120158,-9.5867929],[-35.7117904,-9.5866429],[-35.7116703,-9.5865228],[-35.7115502,-9.5864178],[-35.7115202,-9.5862676],[-35.7114777,-9.586106],[-35.7113562,-9.5859917],[-35.7112349,-9.5858473],[-35.7109948,-9.5856822],[-35.7109872,-9.5855451],[-35.7108628,-9.5853572],[-35.710756,-9.5852117],[-35.7107748,-9.585058],[-35.7107982,-9.5850194],[-35.7108239,-9.5848199],[-35.7107898,-9.5847678],[-35.7107245,-9.5845263],[-35.7105996,-9.5844332],[-35.7105697,-9.584334],[-35.7105422,-9.5840813],[-35.7104587,-9.5838786],[-35.7104137,-9.5838284],[-35.7103449,-9.5836509],[-35.710362,-9.583574],[-35.7103619,-9.5834954],[-35.7103692,-9.583274],[-35.7103271,-9.5831315],[-35.710311,-9.5830571],[-35.7103112,-9.5829654],[-35.7103097,-9.5828895],[-35.7098749,-9.582696],[-35.7098019,-9.5826857],[-35.7096194,-9.5826302],[-35.7095103,-9.5826437],[-35.7092992,-9.5827682],[-35.7091784,-9.5828107],[-35.7089832,-9.582845],[-35.7087803,-9.5828888],[-35.7086873,-9.5828887],[-35.7086043,-9.5828872],[-35.7084143,-9.5828836],[-35.7082426,-9.582809],[-35.7080257,-9.5827782],[-35.707738,-9.5827705],[-35.7075736,-9.5827176],[-35.707407,-9.5827699],[-35.7071968,-9.5828149],[-35.7070316,-9.5827699],[-35.7069905,-9.5826426],[-35.7069453,-9.5825761],[-35.7068346,-9.5824993],[-35.7066761,-9.5822629],[-35.7064312,-9.5821844],[-35.7062166,-9.5820071],[-35.7060438,-9.5819696],[-35.7058993,-9.5818759],[-35.705859,-9.5818383],[-35.7058284,-9.5817753],[-35.7058171,-9.5817311],[-35.7058107,-9.5817054],[-35.7057105,-9.581707],[-35.7055152,-9.5817303],[-35.7053831,-9.5816815],[-35.7053695,-9.5816764],[-35.7053552,-9.5816295],[-35.7053509,-9.5816154],[-35.7053257,-9.5815327],[-35.7052714,-9.5812417],[-35.7052642,-9.581],[-35.7052531,-9.5807478],[-35.70526,-9.5805638],[-35.7052641,-9.580456],[-35.7052505,-9.580184],[-35.7052384,-9.5800708],[-35.7052281,-9.5799743],[-35.7051824,-9.5797498],[-35.7050889,-9.579527],[-35.7049764,-9.5793287],[-35.7048285,-9.5791232],[-35.7046447,-9.5789441],[-35.7044765,-9.5788162],[-35.7043165,-9.5787067],[-35.7040921,-9.5786073],[-35.7037902,-9.5784867],[-35.7035551,-9.5783973],[-35.7032354,-9.5782618],[-35.7031129,-9.5782088],[-35.7028996,-9.5781166],[-35.7025582,-9.5779823],[-35.7021469,-9.5778277],[-35.7019258,-9.5777345],[-35.701729,-9.5776408],[-35.701651,-9.5775997],[-35.7016368,-9.5775934],[-35.7014988,-9.5777549],[-35.7013244,-9.5779155],[-35.7012146,-9.5780116],[-35.7010786,-9.5781146],[-35.7009468,-9.5781901],[-35.7008308,-9.5782485],[-35.7007024,-9.5783041],[-35.7004813,-9.5783789],[-35.7003392,-9.5784195],[-35.7001052,-9.5784765],[-35.6998538,-9.5785224],[-35.6994968,-9.5785581],[-35.6993443,-9.5785568],[-35.6991123,-9.5785623],[-35.698725,-9.5785472],[-35.6985603,-9.5785252],[-35.6984243,-9.5784964],[-35.69832,-9.5784661],[-35.6980646,-9.5783796],[-35.6979437,-9.5783336],[-35.6977316,-9.5782512],[-35.6975002,-9.5781558],[-35.6973141,-9.5780817],[-35.6969983,-9.5779553],[-35.6965973,-9.577794],[-35.6962602,-9.5776814],[-35.6957947,-9.5775468],[-35.6956972,-9.5775139],[-35.6955943,-9.5774933],[-35.6955132,-9.5774864],[-35.6953579,-9.5774949],[-35.6950381,-9.5775775],[-35.6947825,-9.577647],[-35.6946317,-9.5776981],[-35.6942206,-9.57788],[-35.6941859,-9.5778937],[-35.6940944,-9.5779426],[-35.6940143,-9.5779943],[-35.6935732,-9.5783497],[-35.6933556,-9.5785298],[-35.6932553,-9.5786243],[-35.6931164,-9.5787675],[-35.6930229,-9.5788784],[-35.6929661,-9.5789605],[-35.6929278,-9.5790311],[-35.6928789,-9.5791498],[-35.6926461,-9.5797883],[-35.6926138,-9.579863],[-35.6926109,-9.5798625],[-35.6925468,-9.579852],[-35.6924857,-9.5798389],[-35.6924257,-9.5798219],[-35.6923514,-9.5797867],[-35.6922141,-9.5796829],[-35.6921089,-9.5796277],[-35.6919591,-9.5795539],[-35.6919161,-9.5795298],[-35.6918073,-9.5794121],[-35.6917406,-9.5793288],[-35.6916266,-9.5791806],[-35.6913417,-9.5788377],[-35.6912414,-9.578719],[-35.6911451,-9.5786178],[-35.6910836,-9.5785469],[-35.690838,-9.5782254],[-35.6907516,-9.5781378],[-35.6904242,-9.5778175],[-35.6902112,-9.5775785],[-35.6901552,-9.5775098],[-35.6901266,-9.5774633],[-35.6900974,-9.5774028],[-35.6900361,-9.5773275],[-35.6899697,-9.5772833],[-35.6897832,-9.5771956],[-35.6896707,-9.5771556],[-35.6895842,-9.5771105],[-35.6894737,-9.5770627],[-35.689275,-9.5769581],[-35.6891927,-9.5769154],[-35.6877776,-9.5752475],[-35.6877779,-9.5752081],[-35.6878228,-9.5750846],[-35.6880045,-9.5745944],[-35.6881519,-9.5742016],[-35.6881954,-9.5740815],[-35.6882119,-9.5739948],[-35.6881862,-9.5739106],[-35.6881651,-9.5738547],[-35.6880433,-9.5736344],[-35.6879891,-9.5735696],[-35.6879784,-9.5735471],[-35.6879734,-9.573506],[-35.6879653,-9.5734062],[-35.6879647,-9.57335],[-35.6879556,-9.5732886],[-35.6879436,-9.5732016],[-35.6879295,-9.5731438],[-35.6879034,-9.5730564],[-35.6878839,-9.5730132],[-35.68783,-9.5729475],[-35.6877393,-9.5728628],[-35.6877147,-9.5728389],[-35.6876985,-9.5728231],[-35.6876598,-9.5727674],[-35.6876246,-9.5725734],[-35.6876179,-9.5725291],[-35.6876084,-9.5724849],[-35.6875981,-9.5724408],[-35.687575,-9.5723994],[-35.6875348,-9.5723816],[-35.6874438,-9.5723895],[-35.6873983,-9.5723872],[-35.6873545,-9.5723812],[-35.6873343,-9.5723515],[-35.6873064,-9.5722813],[-35.6872634,-9.5722455],[-35.687228,-9.5722584],[-35.6871916,-9.5722677],[-35.687158,-9.5722815],[-35.6871236,-9.5723008],[-35.687091,-9.5723227],[-35.6870712,-9.5723436],[-35.6870639,-9.5723509],[-35.6870323,-9.572381],[-35.686997,-9.5724093],[-35.6869628,-9.5724583],[-35.6869475,-9.5724837],[-35.6869159,-9.5725138],[-35.6868742,-9.572534],[-35.6868306,-9.572547],[-35.6867861,-9.5725573],[-35.6867415,-9.5725648],[-35.6866988,-9.5725706],[-35.6866515,-9.5725719],[-35.6866068,-9.5725605],[-35.686563,-9.5725491],[-35.6865219,-9.5725304],[-35.6864825,-9.5725081],[-35.6864396,-9.572494],[-35.6863959,-9.5724817],[-35.6863521,-9.5724685],[-35.6863074,-9.5724607],[-35.6862618,-9.5724583],[-35.6862164,-9.5724614],[-35.6861709,-9.5724645],[-35.6861262,-9.5724558],[-35.6860851,-9.5724398],[-35.6860494,-9.5724121],[-35.6860236,-9.5723725],[-35.6860051,-9.5723338],[-35.6859974,-9.5722896],[-35.6859825,-9.5722482],[-35.685955,-9.5722122],[-35.6859156,-9.5721908],[-35.6858307,-9.5721608],[-35.6857809,-9.5721722],[-35.6857392,-9.5721463],[-35.6856924,-9.5720911],[-35.6856278,-9.5721122],[-35.6855571,-9.5721475],[-35.6854471,-9.5720966],[-35.6852884,-9.5720803],[-35.6852412,-9.5720801],[-35.6852001,-9.5721015],[-35.6851702,-9.5720954],[-35.6851242,-9.5720345],[-35.6850878,-9.5719842],[-35.6849594,-9.5719018],[-35.6849308,-9.5718725],[-35.6848971,-9.5718545],[-35.6848404,-9.571847],[-35.6848028,-9.5718541],[-35.6847436,-9.5719017],[-35.6846729,-9.5719392],[-35.6846257,-9.571942],[-35.6845922,-9.5719298],[-35.6845586,-9.5718997],[-35.6845149,-9.5718416],[-35.6844879,-9.5718288],[-35.6844527,-9.571838],[-35.6844257,-9.5718611],[-35.6843999,-9.571894],[-35.6843508,-9.5719848],[-35.6843305,-9.5720468],[-35.6843,-9.5721031],[-35.6842755,-9.5721373],[-35.6842333,-9.5721742],[-35.6841924,-9.5721834],[-35.6841518,-9.5721849],[-35.6841124,-9.5721822],[-35.6840702,-9.5721859],[-35.6840347,-9.5722018],[-35.6840034,-9.5722309],[-35.6839312,-9.5723155],[-35.6838993,-9.5723406],[-35.6838876,-9.5723324],[-35.6838455,-9.5723026],[-35.6838053,-9.5722822],[-35.6837624,-9.5722626],[-35.683724,-9.5722421],[-35.6836865,-9.5722162],[-35.6836598,-9.5721821],[-35.6836458,-9.5721379],[-35.6836472,-9.5720927],[-35.6836606,-9.5720511],[-35.6836711,-9.5720058],[-35.6836772,-9.5719615],[-35.6836805,-9.5719181],[-35.683681,-9.5718729],[-35.6836798,-9.5718278],[-35.6836667,-9.5717845],[-35.6836518,-9.5717394],[-35.6836251,-9.5717035],[-35.6836047,-9.5716648],[-35.6835962,-9.5716206],[-35.683594,-9.5715772],[-35.6835937,-9.5715303],[-35.6835797,-9.571487],[-35.6835566,-9.5714519],[-35.6835227,-9.5714215],[-35.6834852,-9.5713965],[-35.6834504,-9.5713669],[-35.6834201,-9.5713328],[-35.6833925,-9.5712978],[-35.6833676,-9.57126],[-35.6833436,-9.5712196],[-35.6833251,-9.5711781],[-35.6833057,-9.5711376],[-35.6832844,-9.5710998],[-35.6832677,-9.5710557],[-35.6832555,-9.5710124],[-35.6832433,-9.5709692],[-35.6832312,-9.570925],[-35.683219,-9.5708835],[-35.683205,-9.5708411],[-35.6831874,-9.5707988],[-35.6831743,-9.5707565],[-35.6831676,-9.5707113],[-35.6831609,-9.5706671],[-35.6831532,-9.5706202],[-35.6831538,-9.5705759],[-35.6831489,-9.5705308],[-35.6831385,-9.5704884],[-35.6831236,-9.5704469],[-35.6831042,-9.5704046],[-35.6831056,-9.5703594],[-35.6831108,-9.5703151],[-35.6831214,-9.5702744],[-35.6830879,-9.5701897],[-35.6830767,-9.5701464],[-35.6830627,-9.5701013],[-35.6830496,-9.5700599],[-35.6830401,-9.5700157],[-35.683038,-9.5699705],[-35.6830421,-9.5699244],[-35.6830418,-9.569881],[-35.6830206,-9.5698469],[-35.6829795,-9.5698282],[-35.6829321,-9.5698277],[-35.682951,-9.5697959],[-35.6829826,-9.5697604],[-35.6830105,-9.569725],[-35.6830211,-9.5696824],[-35.6830271,-9.5696372],[-35.683035,-9.5695929],[-35.6830429,-9.5695503],[-35.6830489,-9.5695042],[-35.6830585,-9.5694626],[-35.6830819,-9.5694244],[-35.6831126,-9.5693908],[-35.6831451,-9.5693562],[-35.6831749,-9.5693225],[-35.6831992,-9.5692862],[-35.683197,-9.569241],[-35.6831821,-9.5692005],[-35.6831645,-9.5691582],[-35.6831459,-9.5691158],[-35.683122,-9.5690772],[-35.6830944,-9.569044],[-35.683065,-9.5690089],[-35.6830383,-9.5689721],[-35.683008,-9.5689389],[-35.682966,-9.5689221],[-35.6829213,-9.5689071],[-35.6828784,-9.5688993],[-35.6828338,-9.5688897],[-35.68279,-9.5688773],[-35.6827498,-9.5688578],[-35.6827077,-9.56884],[-35.6826684,-9.5688187],[-35.6826363,-9.5687891],[-35.6825988,-9.5687641],[-35.682564,-9.5687354],[-35.6825391,-9.5686977],[-35.6825133,-9.5686608],[-35.6824858,-9.5686249],[-35.6824527,-9.5685944],[-35.682417,-9.5685658],[-35.6823795,-9.5685408],[-35.6823402,-9.5685176],[-35.6822991,-9.5684989],[-35.6822571,-9.5684821],[-35.6822159,-9.5684625],[-35.6821784,-9.5684366],[-35.6821445,-9.5684062],[-35.6821133,-9.5683739],[-35.6820911,-9.5683352],[-35.6820744,-9.5682929],[-35.6820586,-9.5682487],[-35.6820811,-9.5682178],[-35.6825251,-9.568302],[-35.6826161,-9.5682986],[-35.6826588,-9.5682874],[-35.6827042,-9.5682744],[-35.682746,-9.5682615],[-35.6827905,-9.5682467],[-35.6828304,-9.5682274],[-35.6828702,-9.5682036],[-35.6829028,-9.5681717],[-35.6829344,-9.5681398],[-35.6829568,-9.5681008],[-35.6829692,-9.5680574],[-35.6829771,-9.568013],[-35.6829913,-9.5679704],[-35.6830092,-9.5679287],[-35.6830271,-9.5678889],[-35.6830459,-9.5678462],[-35.683061,-9.5678055],[-35.6830679,-9.5677593],[-35.6830603,-9.567716],[-35.6828686,-9.5674112],[-35.6828419,-9.5673744],[-35.6828152,-9.5673393],[-35.6827885,-9.5673034],[-35.68276,-9.5672666],[-35.6827306,-9.5672316],[-35.6827021,-9.5671965],[-35.6826763,-9.5671588],[-35.682656,-9.5671192],[-35.6826366,-9.5670778],[-35.6826189,-9.5670364],[-35.6826004,-9.5669949],[-35.6825819,-9.5669535],[-35.6825615,-9.566913],[-35.6825403,-9.5668734],[-35.6825163,-9.5668348],[-35.6824932,-9.5667961],[-35.6824684,-9.5667583],[-35.6824435,-9.5667224],[-35.6823793,-9.566656],[-35.6823481,-9.5666255],[-35.6823133,-9.5665969],[-35.6822739,-9.5665701],[-35.6822277,-9.5665406],[-35.6822079,-9.566528],[-35.6823303,-9.5662461],[-35.6823553,-9.5661967],[-35.6824962,-9.5659856],[-35.6824794,-9.5659749],[-35.6824687,-9.5658774],[-35.6819534,-9.5644641],[-35.681696,-9.5638025],[-35.6816972,-9.5637284],[-35.6817186,-9.563665],[-35.681737,-9.5635772],[-35.68175,-9.5634922],[-35.6817548,-9.5634045],[-35.6817397,-9.5633341],[-35.6817272,-9.5632547],[-35.6816954,-9.5631483],[-35.6816343,-9.5630214],[-35.6815715,-9.562899],[-35.6815042,-9.5627938],[-35.6814151,-9.5626951],[-35.6813656,-9.5626467],[-35.6813254,-9.5626235],[-35.6812469,-9.5626024],[-35.6811558,-9.5625914],[-35.6806795,-9.5625598],[-35.6804939,-9.5625757],[-35.6804437,-9.5625589],[-35.6804106,-9.5625149],[-35.680392,-9.5624699],[-35.6803732,-9.5623941],[-35.6803708,-9.5623164],[-35.6803847,-9.5622359],[-35.680415,-9.5621535],[-35.6804563,-9.5620736],[-35.680477,-9.5620437],[-35.680504,-9.5620073],[-35.6805501,-9.561969],[-35.6806055,-9.5619469],[-35.6806642,-9.5618949],[-35.6806419,-9.5618292],[-35.6805537,-9.5617286],[-35.6805225,-9.5616964],[-35.6804601,-9.5616318],[-35.6804261,-9.5615995],[-35.6803922,-9.56157],[-35.680352,-9.5615495],[-35.6803091,-9.5615372],[-35.6802636,-9.5615357],[-35.6802181,-9.561537],[-35.6801726,-9.5615409],[-35.6801281,-9.5615503],[-35.6800873,-9.5615696],[-35.6799287,-9.5616558],[-35.6798868,-9.5616534],[-35.6798475,-9.5616329],[-35.6796274,-9.561087],[-35.6796502,-9.5609766],[-35.6796586,-9.5608754],[-35.6796872,-9.5608236],[-35.6796951,-9.5608359],[-35.6797357,-9.5608752],[-35.6797932,-9.5608698],[-35.6798379,-9.5608731],[-35.6798825,-9.5608836],[-35.6799254,-9.5608977],[-35.6799692,-9.5609118],[-35.6800121,-9.5609251],[-35.6800559,-9.5609356],[-35.6801006,-9.5609451],[-35.6801453,-9.5609538],[-35.6801908,-9.5609562],[-35.6802363,-9.5609558],[-35.6802818,-9.5609519],[-35.6803264,-9.5609452],[-35.6803718,-9.5609385],[-35.6804164,-9.5609319],[-35.6804618,-9.5609252],[-35.6805054,-9.5609149],[-35.6805472,-9.5608965],[-35.680576,-9.560862],[-35.6806058,-9.5608274],[-35.6806374,-9.5607955],[-35.6806727,-9.5607673],[-35.6807135,-9.560748],[-35.6807571,-9.5607386],[-35.6808026,-9.5607364],[-35.6808482,-9.5607415],[-35.6808937,-9.5607466],[-35.6809384,-9.5607498],[-35.6809839,-9.5607567],[-35.6810286,-9.5607654],[-35.6810732,-9.5607587],[-35.6811186,-9.560753],[-35.6811632,-9.560749],[-35.6812088,-9.560755],[-35.6812534,-9.5607574],[-35.681297,-9.5607453],[-35.6813415,-9.5607332],[-35.6813851,-9.5607211],[-35.6814296,-9.5607108],[-35.6814741,-9.5607014],[-35.681517,-9.5607147],[-35.6815599,-9.5607297],[-35.6816028,-9.5607456],[-35.6816475,-9.5607471],[-35.681693,-9.5607503],[-35.6817386,-9.5607545],[-35.6817841,-9.560756],[-35.6818296,-9.5607538],[-35.6818741,-9.560749],[-35.6819196,-9.560745],[-35.6819623,-9.5607329],[-35.6820022,-9.5607118],[-35.6820458,-9.5606979],[-35.6820894,-9.5606849],[-35.682133,-9.560672],[-35.6821738,-9.5606509],[-35.6822118,-9.5606271],[-35.6822498,-9.5606015],[-35.6822778,-9.5605669],[-35.6823094,-9.5605342],[-35.6823428,-9.5605032],[-35.6823818,-9.5604803],[-35.6824226,-9.560461],[-35.6824643,-9.5604417],[-35.6825079,-9.5604305],[-35.6825526,-9.5604365],[-35.6825963,-9.5604434],[-35.6826409,-9.560434],[-35.6826808,-9.5604175],[-35.6827023,-9.5603784],[-35.6827248,-9.5603385],[-35.6827491,-9.5603013],[-35.6827743,-9.5602631],[-35.6828068,-9.5602331],[-35.6828448,-9.5602066],[-35.6828894,-9.5602035],[-35.682934,-9.5602077],[-35.6829768,-9.5602083],[-35.6830185,-9.560189],[-35.6830612,-9.5601751],[-35.6831058,-9.5601684],[-35.6831504,-9.5601753],[-35.6831942,-9.5601876],[-35.6832389,-9.5601972],[-35.6832836,-9.5602059],[-35.6833282,-9.5602037],[-35.6833736,-9.560198],[-35.6834191,-9.560194],[-35.6834637,-9.5601909],[-35.6835092,-9.5601852],[-35.6835528,-9.5601731],[-35.6835964,-9.560161],[-35.6836409,-9.5601489],[-35.6836845,-9.5601368],[-35.6837281,-9.5601247],[-35.6837726,-9.5601127],[-35.6838143,-9.560097],[-35.683857,-9.5600795],[-35.6838987,-9.560062],[-35.6839414,-9.5600445],[-35.6839831,-9.5600279],[-35.6840248,-9.5600104],[-35.6840694,-9.5600001],[-35.6841148,-9.5599953],[-35.6841594,-9.5599904],[-35.684203,-9.5599774],[-35.6842466,-9.5599617],[-35.6842902,-9.5599496],[-35.6843338,-9.5599376],[-35.6843774,-9.5599255],[-35.6844219,-9.5599134],[-35.6844655,-9.5599031],[-35.684511,-9.5598964],[-35.6845564,-9.5598934],[-35.6846019,-9.5598903],[-35.6846465,-9.5598873],[-35.684692,-9.5598851],[-35.6847375,-9.5598838],[-35.6847822,-9.5598889],[-35.6848224,-9.5599085],[-35.6848653,-9.5599262],[-35.6849082,-9.5599385],[-35.6849529,-9.5599481],[-35.6849975,-9.5599559],[-35.6850431,-9.5599619],[-35.6850886,-9.5599624],[-35.6851341,-9.559963],[-35.6851796,-9.5599608],[-35.6852251,-9.5599614],[-35.6852697,-9.5599619],[-35.6853152,-9.5599589],[-35.6853579,-9.559945],[-35.6853996,-9.5599257],[-35.6854404,-9.5599064],[-35.6854822,-9.559888],[-35.685523,-9.5598678],[-35.6855629,-9.5598467],[-35.6856027,-9.5598247],[-35.6856426,-9.5598028],[-35.6856733,-9.55977],[-35.685704,-9.5597363],[-35.6857393,-9.5597089],[-35.6857801,-9.5596897],[-35.6858237,-9.5596749],[-35.6858626,-9.5596511],[-35.6859016,-9.5596282],[-35.6859424,-9.5596098],[-35.6859832,-9.5595896],[-35.6860213,-9.5595658],[-35.6860602,-9.559542],[-35.6861001,-9.55952],[-35.68614,-9.559498],[-35.686179,-9.5594751],[-35.6862216,-9.5594613],[-35.6862662,-9.5594537],[-35.6863108,-9.5594579],[-35.6863546,-9.5594711],[-35.6863975,-9.5594843],[-35.6864413,-9.5594975],[-35.6864851,-9.5595107],[-35.6865306,-9.5595113],[-35.6865761,-9.5595118],[-35.6866207,-9.5595061],[-35.6866652,-9.5594967],[-35.6867088,-9.5594855],[-35.6867515,-9.5594698],[-35.6867932,-9.5594514],[-35.6868349,-9.559433],[-35.6868767,-9.5594155],[-35.6869193,-9.5593998],[-35.686962,-9.5593842],[-35.6870037,-9.5593667],[-35.6870455,-9.5593483],[-35.68709,-9.5593407],[-35.6871355,-9.5593404],[-35.6871802,-9.5593445],[-35.6872248,-9.5593532],[-35.6872668,-9.5593701],[-35.6873115,-9.5593787],[-35.6873562,-9.5593883],[-35.6874017,-9.5593925],[-35.6874446,-9.5594075],[-35.6874884,-9.5594153],[-35.6875329,-9.5594068],[-35.6875719,-9.5593849],[-35.687609,-9.5593584],[-35.6876452,-9.5593319],[-35.6876814,-9.5593045],[-35.6877167,-9.5592753],[-35.6877465,-9.5592408],[-35.6877753,-9.5592062],[-35.6877996,-9.5591681],[-35.6878248,-9.5591308],[-35.6878427,-9.55909],[-35.6878542,-9.5590466],[-35.6878757,-9.5590066],[-35.6879,-9.5589685],[-35.6879279,-9.5589331],[-35.6879568,-9.5588976],[-35.6879774,-9.5588577],[-35.6879962,-9.558816],[-35.6880058,-9.5587725],[-35.6880164,-9.5587282],[-35.688027,-9.5586847],[-35.6880285,-9.5586395],[-35.6880281,-9.5585944],[-35.6880287,-9.5585492],[-35.6880365,-9.5585048],[-35.6880517,-9.5584623],[-35.6880695,-9.5584206],[-35.6880865,-9.5583789],[-35.6881026,-9.5583363],[-35.6881323,-9.5583026],[-35.6881566,-9.5582654],[-35.6881763,-9.5582246],[-35.6881979,-9.5581855],[-35.6882368,-9.5581636],[-35.6882758,-9.5581407],[-35.6883147,-9.558116],[-35.6883528,-9.5580913],[-35.6883908,-9.5580666],[-35.6884279,-9.558041],[-35.6884586,-9.5580073],[-35.6884838,-9.557971],[-35.6885044,-9.5579302],[-35.6885087,-9.5578868],[-35.6885056,-9.5578416],[-35.6884879,-9.5578002],[-35.6884712,-9.5577579],[-35.6884554,-9.5577155],[-35.6884414,-9.5576723],[-35.6884283,-9.557629],[-35.6884253,-9.5575847],[-35.688424,-9.5575396],[-35.6884255,-9.5574944],[-35.6884388,-9.5574509],[-35.6884603,-9.5574128],[-35.6884901,-9.5573782],[-35.6885254,-9.5573509],[-35.6885634,-9.5573262],[-35.6886061,-9.5573105],[-35.6886487,-9.5572957],[-35.6886923,-9.5572818],[-35.6887304,-9.5572607],[-35.6887574,-9.5572244],[-35.6887909,-9.5571952],[-35.688828,-9.5571696],[-35.6888735,-9.5571647],[-35.6889189,-9.557159],[-35.6889635,-9.5571514],[-35.6890071,-9.5571402],[-35.6890516,-9.5571308],[-35.6890971,-9.5571224],[-35.6891416,-9.5571139],[-35.6891833,-9.5570973],[-35.689226,-9.5570816],[-35.6892696,-9.5570686],[-35.6893104,-9.5570502],[-35.6893503,-9.5570273],[-35.6893856,-9.5569991],[-35.6894208,-9.5569699],[-35.689458,-9.5569443],[-35.689496,-9.5569205],[-35.6895368,-9.5569003],[-35.6895785,-9.556881],[-35.6896193,-9.5568617],[-35.6896611,-9.5568433],[-35.689701,-9.5568222],[-35.6897418,-9.556802],[-35.6897844,-9.5567854],[-35.6898261,-9.5567689],[-35.6898688,-9.5567514],[-35.6899105,-9.5567348],[-35.6899532,-9.5567173],[-35.6899959,-9.5567025],[-35.6900394,-9.5566886],[-35.690083,-9.5566783],[-35.6901285,-9.5566707],[-35.690174,-9.5566677],[-35.6902186,-9.5566637],[-35.690264,-9.5566598],[-35.6903086,-9.5566513],[-35.6903531,-9.5566419],[-35.6903976,-9.5566307],[-35.6904412,-9.5566186],[-35.6904848,-9.5566047],[-35.6905284,-9.5565936],[-35.6905729,-9.5565833],[-35.6906175,-9.556573],[-35.6906611,-9.55656],[-35.6907037,-9.5565443],[-35.6907427,-9.5565223],[-35.6907854,-9.5565084],[-35.6908299,-9.5564991],[-35.6908744,-9.556487],[-35.690918,-9.556474],[-35.6909625,-9.5564655],[-35.6910071,-9.5564552],[-35.6910507,-9.556444],[-35.6910933,-9.5564275],[-35.6911341,-9.5564082],[-35.6911731,-9.5563844],[-35.691212,-9.5563615],[-35.6912528,-9.5563404],[-35.6912936,-9.5563202],[-35.6913354,-9.5563027],[-35.6913771,-9.5562852],[-35.6913913,-9.5562426],[-35.6914056,-9.5562001],[-35.6914189,-9.5561566],[-35.6914213,-9.5561123],[-35.6914218,-9.5560671],[-35.6914206,-9.5560219],[-35.6914138,-9.5559768],[-35.6914071,-9.5559326],[-35.6914004,-9.5558875],[-35.6914247,-9.5558511],[-35.6914544,-9.5558175],[-35.6914934,-9.5557937],[-35.6915324,-9.5557717],[-35.6915732,-9.5557497],[-35.6915938,-9.5557125],[-35.6916089,-9.5556699],[-35.691625,-9.5556273],[-35.6916429,-9.5555865],[-35.6916662,-9.5555475],[-35.6916978,-9.5555156],[-35.6917322,-9.5554855],[-35.6917647,-9.5554537],[-35.6917972,-9.5554227],[-35.6918316,-9.5553926],[-35.6918641,-9.5553607],[-35.6918957,-9.5553289],[-35.6919301,-9.5552997],[-35.691969,-9.555275],[-35.6920052,-9.5552476],[-35.6920405,-9.5552202],[-35.6920758,-9.5551919],[-35.692112,-9.5551637],[-35.6921491,-9.5551372],[-35.6921844,-9.5551098],[-35.6922206,-9.5550815],[-35.692254,-9.5550514],[-35.6922875,-9.5550204],[-35.6923172,-9.5549868],[-35.6923415,-9.5549486],[-35.6923649,-9.5549096],[-35.6923891,-9.5548715],[-35.6924043,-9.5548289],[-35.6924185,-9.5547863],[-35.6924273,-9.554742],[-35.692436,-9.5546976],[-35.6924493,-9.5546542],[-35.6924645,-9.5546116],[-35.6924741,-9.5545681],[-35.6924738,-9.554523],[-35.6924716,-9.5544778],[-35.6924694,-9.5544326],[-35.6924673,-9.5543875],[-35.692466,-9.5543423],[-35.692472,-9.554298],[-35.6924808,-9.5542537],[-35.6924913,-9.5542093],[-35.6925193,-9.5541738],[-35.6925454,-9.5541375],[-35.6925688,-9.5540985],[-35.6925967,-9.5540639],[-35.6926301,-9.5540329],[-35.6926691,-9.55401],[-35.6927062,-9.5539854],[-35.6927296,-9.5539463],[-35.6927365,-9.5539038],[-35.6927307,-9.5538596],[-35.6927222,-9.5538154],[-35.6927127,-9.5537712],[-35.6927124,-9.5537269],[-35.6927275,-9.5536843],[-35.6927573,-9.5536516],[-35.6927898,-9.5536215],[-35.6928086,-9.5535798],[-35.6928247,-9.5535381],[-35.6928389,-9.5534946],[-35.6928477,-9.5534512],[-35.6928582,-9.5534068],[-35.692878,-9.553366],[-35.6928967,-9.5533252],[-35.6929165,-9.5532844],[-35.6929362,-9.5532436],[-35.6929467,-9.5531992],[-35.69296,-9.5531567],[-35.6929852,-9.5531194],[-35.6930068,-9.5530795],[-35.6930256,-9.5530387],[-35.6930453,-9.5529979],[-35.693065,-9.5529571],[-35.6930856,-9.5529163],[-35.693109,-9.5528781],[-35.6931323,-9.5528391],[-35.6931593,-9.5528027],[-35.6931809,-9.5527646],[-35.6931796,-9.5527195],[-35.6931711,-9.5526753],[-35.6931626,-9.552632],[-35.693185,-9.5525929],[-35.6932102,-9.5525548],[-35.6932372,-9.5525193],[-35.6932652,-9.5524839],[-35.6932904,-9.5524466],[-35.6933,-9.5524023],[-35.6933272,-9.5523831],[-35.6933718,-9.5523909],[-35.6934072,-9.5523671],[-35.693436,-9.5523335],[-35.6934521,-9.5522909],[-35.6934545,-9.5522475],[-35.6934505,-9.5522024],[-35.6934292,-9.5521628],[-35.6934098,-9.5521214],[-35.6933976,-9.5520781],[-35.6933954,-9.5520329],[-35.6933969,-9.5519877],[-35.6934056,-9.5519434],[-35.693419,-9.5519008],[-35.6934177,-9.5518557],[-35.6934182,-9.5518105],[-35.6934188,-9.5517653],[-35.6934349,-9.5517236],[-35.6934646,-9.5516917],[-35.6934944,-9.5516572],[-35.6935178,-9.5516191],[-35.6935366,-9.5515782],[-35.6935462,-9.5515339],[-35.6935477,-9.5514887],[-35.6935501,-9.5514435],[-35.6935607,-9.5514001],[-35.6935749,-9.5513575],[-35.6935846,-9.5513131],[-35.693607,-9.5512741],[-35.6936377,-9.5512414],[-35.6936711,-9.5512104],[-35.6937083,-9.5511866],[-35.6937528,-9.5511754],[-35.6937973,-9.5511687],[-35.6938428,-9.5511621],[-35.6938864,-9.55115],[-35.69393,-9.5511361],[-35.6939726,-9.5511222],[-35.6940181,-9.5511164],[-35.6940627,-9.551108],[-35.6941025,-9.5510878],[-35.6941433,-9.5510658],[-35.6941851,-9.5510483],[-35.6942259,-9.551029],[-35.694263,-9.5510043],[-35.694301,-9.5509787],[-35.6943418,-9.5509594],[-35.6943854,-9.5509455],[-35.694429,-9.5509343],[-35.6944736,-9.550925],[-35.6945181,-9.5509165],[-35.6945636,-9.5509116],[-35.6946091,-9.5509086],[-35.6946545,-9.5509046],[-35.6947,-9.5508997],[-35.6947446,-9.550894],[-35.6947901,-9.55089],[-35.6948346,-9.5508815],[-35.6948801,-9.5508766],[-35.6949246,-9.5508673],[-35.6949673,-9.5508525],[-35.6950099,-9.5508359],[-35.6950535,-9.5508256],[-35.695099,-9.5508207],[-35.6951435,-9.5508123],[-35.6951881,-9.5508047],[-35.6952307,-9.5507899],[-35.6952734,-9.5507724],[-35.695317,-9.5507585],[-35.6953606,-9.55075],[-35.6954061,-9.5507425],[-35.6954515,-9.5507376],[-35.6954961,-9.5507345],[-35.6955416,-9.5507342],[-35.6955863,-9.5507402],[-35.6956301,-9.5507534],[-35.6956747,-9.550763],[-35.6957194,-9.5507653],[-35.6957648,-9.5507577],[-35.6958075,-9.5507439],[-35.6958529,-9.5507354],[-35.6958984,-9.5507323],[-35.695943,-9.5507338],[-35.6959886,-9.5507407],[-35.6960315,-9.5507548],[-35.6960726,-9.5507743],[-35.6961137,-9.5507921],[-35.6961557,-9.5508098],[-35.696195,-9.5508321],[-35.696229,-9.5508626],[-35.6962647,-9.5508912],[-35.6963022,-9.5509162],[-35.6963442,-9.550934],[-35.696388,-9.5509445],[-35.6964335,-9.550945],[-35.696479,-9.5509429],[-35.6965245,-9.5509398],[-35.69657,-9.5509376],[-35.6966155,-9.5509355],[-35.696661,-9.5509324],[-35.6967065,-9.5509303],[-35.696752,-9.5509281],[-35.6967975,-9.5509259],[-35.696842,-9.5509229],[-35.6968875,-9.5509189],[-35.6969265,-9.5508987],[-35.6969618,-9.5508704],[-35.696998,-9.5508431],[-35.6970323,-9.550813],[-35.6970621,-9.5507793],[-35.6970919,-9.5507447],[-35.6971253,-9.5507147],[-35.6971624,-9.5506891],[-35.6972023,-9.5506671],[-35.6972422,-9.5506451],[-35.6972867,-9.5506384],[-35.6973323,-9.5506372],[-35.6973778,-9.5506395],[-35.6974216,-9.5506518],[-35.6974645,-9.5506669],[-35.6975047,-9.5506882],[-35.6975431,-9.5507114],[-35.697586,-9.5507274],[-35.6976306,-9.5507306],[-35.6976761,-9.5507285],[-35.6977216,-9.5507245],[-35.6977652,-9.5507142],[-35.697807,-9.5506958],[-35.6978468,-9.5506747],[-35.6978876,-9.5506536],[-35.6979312,-9.5506416],[-35.6979683,-9.5506151],[-35.6980046,-9.5505886],[-35.698038,-9.5505576],[-35.6980668,-9.5505231],[-35.6980994,-9.5504912],[-35.6981356,-9.5504638],[-35.6981755,-9.5504445],[-35.69822,-9.5504333],[-35.6982626,-9.5504185],[-35.6982998,-9.5503929],[-35.6983341,-9.5503629],[-35.6983675,-9.5503328],[-35.6984019,-9.5503027],[-35.6984353,-9.5502726],[-35.6984679,-9.5502417],[-35.6985013,-9.5502098],[-35.6985347,-9.5501797],[-35.6985719,-9.5501541],[-35.6986108,-9.5501303],[-35.6986461,-9.550102],[-35.6986749,-9.5500675],[-35.6987038,-9.5500338],[-35.6987409,-9.5500073],[-35.6987771,-9.5499799],[-35.6988142,-9.5499535],[-35.6988504,-9.549927],[-35.6988875,-9.5499005],[-35.6989247,-9.549874],[-35.6989618,-9.5498484],[-35.6990007,-9.5498246],[-35.6990415,-9.5498053],[-35.6990842,-9.5497905],[-35.6991287,-9.5497802],[-35.6991742,-9.5497736],[-35.6992188,-9.5497696],[-35.6992642,-9.5497647],[-35.6993097,-9.5497608],[-35.6993552,-9.5497613],[-35.6993999,-9.5497682],[-35.6994445,-9.549776],[-35.6994892,-9.5497865],[-35.6995321,-9.5497997],[-35.6995759,-9.5498129],[-35.6996215,-9.549818],[-35.699667,-9.5498176],[-35.6997108,-9.5498281],[-35.6997563,-9.5498296],[-35.6998018,-9.5498338],[-35.6998456,-9.5498443],[-35.6998885,-9.5498602],[-35.6999269,-9.5498834],[-35.6999608,-9.5499129],[-35.6999975,-9.5499398],[-35.7000359,-9.5499629],[-35.7000716,-9.5499916],[-35.7001037,-9.550023],[-35.7001367,-9.5500525],[-35.7001814,-9.550063],[-35.7002261,-9.5500717],[-35.7002716,-9.5500759],[-35.7003162,-9.55008],[-35.7003609,-9.5500887],[-35.7004065,-9.5500947],[-35.7004511,-9.5501016],[-35.7004949,-9.5501148],[-35.7005387,-9.5501271],[-35.7005833,-9.5501304],[-35.7006279,-9.5501246],[-35.7006734,-9.5501179],[-35.7007189,-9.5501158],[-35.7007643,-9.5501127],[-35.7008098,-9.5501096],[-35.7008544,-9.5501057],[-35.7008999,-9.5501017],[-35.7009454,-9.5501004],[-35.7009909,-9.5501019],[-35.7010364,-9.5501006],[-35.7010819,-9.5500985],[-35.7011274,-9.5500954],[-35.7011729,-9.5500933],[-35.7012184,-9.5500911],[-35.7012639,-9.5500917],[-35.7013086,-9.5500967],[-35.7013532,-9.5501081],[-35.701397,-9.5501204],[-35.7014417,-9.5501246],[-35.7014872,-9.5501224],[-35.7015327,-9.5501203],[-35.7015772,-9.5501136],[-35.7016199,-9.5500979],[-35.7016598,-9.5500768],[-35.7017024,-9.5500611],[-35.7017405,-9.5500392],[-35.7017767,-9.5500109],[-35.7018055,-9.5499754],[-35.7018289,-9.5499373],[-35.7018577,-9.5499018],[-35.7018902,-9.5498699],[-35.7019209,-9.5498381],[-35.7019489,-9.5498017],[-35.7019768,-9.5497663],[-35.7020047,-9.5497308],[-35.7020327,-9.5496954],[-35.7020588,-9.5496581],[-35.702084,-9.54962],[-35.7021082,-9.5495818],[-35.7021325,-9.5495437],[-35.7021586,-9.5495064],[-35.7021847,-9.5494701],[-35.7022099,-9.5494329],[-35.7022369,-9.5493956],[-35.7022658,-9.549361],[-35.7022937,-9.5493256],[-35.7023198,-9.5492883],[-35.7023469,-9.549252],[-35.7023693,-9.549213],[-35.7023927,-9.5491739],[-35.702416,-9.5491358],[-35.7024449,-9.5491003],[-35.7024682,-9.5490613],[-35.7024971,-9.5490268],[-35.7025241,-9.5489904],[-35.7025502,-9.5489532],[-35.7025754,-9.5489159],[-35.7026024,-9.5488796],[-35.702624,-9.5488405],[-35.7026464,-9.5488006],[-35.7026689,-9.5487616],[-35.702694,-9.5487234],[-35.7027174,-9.5486844],[-35.702738,-9.5486445],[-35.7027596,-9.5486046],[-35.7027802,-9.5485647],[-35.7028008,-9.5485247],[-35.7028196,-9.548483],[-35.7028402,-9.5484431],[-35.7028608,-9.5484032],[-35.7028824,-9.5483633],[-35.7029048,-9.5483234],[-35.7029254,-9.5482834],[-35.702947,-9.5482435],[-35.7029703,-9.5482045],[-35.7029909,-9.5481646],[-35.7030125,-9.5481246],[-35.7030377,-9.5480874],[-35.7030674,-9.5480528],[-35.7031009,-9.5480237],[-35.7031417,-9.5480026],[-35.7031834,-9.5479851],[-35.7032261,-9.5479703],[-35.7032687,-9.5479546],[-35.7033114,-9.5479389],[-35.703354,-9.5479232],[-35.7033967,-9.5479075],[-35.7034403,-9.5478927],[-35.7034829,-9.5478779],[-35.7035247,-9.5478595],[-35.7035673,-9.5478448],[-35.70361,-9.5478273],[-35.7036536,-9.547817],[-35.7036972,-9.5478022],[-35.703737,-9.547782],[-35.703776,-9.5477573],[-35.703814,-9.5477326],[-35.7038521,-9.5477079],[-35.7038901,-9.5476841],[-35.7039291,-9.5476594],[-35.7039689,-9.5476374],[-35.7040088,-9.5476164],[-35.7040506,-9.5475989],[-35.7040914,-9.5475787],[-35.7041276,-9.5475522],[-35.7041619,-9.5475221],[-35.7041908,-9.5474875],[-35.704215,-9.5474494],[-35.7042402,-9.5474122],[-35.7042663,-9.5473749],[-35.7042924,-9.5473377],[-35.7043231,-9.547304],[-35.7043584,-9.5472766],[-35.7044002,-9.5472627],[-35.7044457,-9.5472615],[-35.7044912,-9.5472656],[-35.7045359,-9.5472707],[-35.7045814,-9.547274],[-35.7046269,-9.5472745],[-35.7046724,-9.5472733],[-35.7047179,-9.5472711],[-35.7047634,-9.5472699],[-35.7048089,-9.5472686],[-35.7048544,-9.5472673],[-35.704899,-9.5472598],[-35.7049435,-9.5472477],[-35.7049852,-9.547232],[-35.7050279,-9.5472163],[-35.7050705,-9.5471997],[-35.7051104,-9.5471777],[-35.7051374,-9.5471423],[-35.705148,-9.5470979],[-35.7051558,-9.5470536],[-35.7051939,-9.5470343],[-35.7052394,-9.5470258],[-35.7052839,-9.5470173],[-35.7053267,-9.547026],[-35.7053685,-9.5470158],[-35.7053837,-9.5469777],[-35.7054043,-9.5469387],[-35.7054396,-9.5469122],[-35.7054823,-9.5468974],[-35.705524,-9.5468808],[-35.7055658,-9.5468625],[-35.7056058,-9.5468676],[-35.7056425,-9.5468935],[-35.7056826,-9.5469103],[-35.7057282,-9.5469127],[-35.7057737,-9.5469096],[-35.7058182,-9.5469048],[-35.7058637,-9.5468954],[-35.7058925,-9.5468617],[-35.7059269,-9.5468343],[-35.7059686,-9.546816],[-35.7060067,-9.5467904],[-35.7060419,-9.546763],[-35.7060745,-9.546732],[-35.7061024,-9.5466956],[-35.7061267,-9.5466575],[-35.7061546,-9.5466221],[-35.706189,-9.5465929],[-35.706227,-9.5465691],[-35.7062669,-9.5465462],[-35.706304,-9.5465206],[-35.706344,-9.5465158],[-35.7063869,-9.5465299],[-35.7064324,-9.5465341],[-35.706478,-9.5465373],[-35.7065235,-9.5465379],[-35.7065681,-9.5465321],[-35.7066126,-9.5465236],[-35.7066571,-9.5465115],[-35.7066998,-9.5464986],[-35.7067434,-9.5464847],[-35.7067888,-9.5464816],[-35.7068308,-9.546493],[-35.706871,-9.5465153],[-35.7069121,-9.5465339],[-35.7069541,-9.5465408],[-35.7069977,-9.5465279],[-35.7070302,-9.5464969],[-35.707059,-9.5464623],[-35.7070824,-9.5464233],[-35.7071131,-9.5463914],[-35.7071456,-9.5463596],[-35.7071635,-9.5463188],[-35.7071704,-9.5462744],[-35.7071728,-9.5462292],[-35.7071943,-9.5461902],[-35.7072159,-9.5461503],[-35.7072356,-9.5461095],[-35.7072544,-9.5460687],[-35.7072741,-9.5460279],[-35.7072965,-9.5459888],[-35.7073272,-9.5459552],[-35.7073597,-9.5459242],[-35.7073886,-9.5458887],[-35.7074174,-9.5458542],[-35.7074545,-9.5458286],[-35.7074945,-9.5458129],[-35.7075391,-9.5458234],[-35.7075794,-9.545843],[-35.7076187,-9.5458635],[-35.7076642,-9.5458712],[-35.7077088,-9.5458664],[-35.7077524,-9.5458561],[-35.7077969,-9.545844],[-35.7078396,-9.5458301],[-35.7078831,-9.5458144],[-35.7079268,-9.545805],[-35.7079714,-9.5458038],[-35.708016,-9.5458143],[-35.708056,-9.5457968],[-35.7080968,-9.5457775],[-35.7081404,-9.5457663],[-35.708185,-9.5457687],[-35.7082306,-9.5457756],[-35.7082752,-9.545777],[-35.708316,-9.5457604],[-35.7083522,-9.545734],[-35.7083792,-9.5456976],[-35.7084108,-9.5456657],[-35.7084452,-9.5456366],[-35.7084888,-9.5456218],[-35.7085324,-9.5456106],[-35.7085769,-9.5456012],[-35.7086196,-9.5455864],[-35.7086622,-9.5455743],[-35.7087069,-9.5455839],[-35.7087507,-9.5455953],[-35.7087945,-9.5456049],[-35.70884,-9.5456019],[-35.7088855,-9.5456015],[-35.708931,-9.5456012],[-35.7089727,-9.5455828],[-35.7090062,-9.5455554],[-35.7090277,-9.5455155],[-35.7090723,-9.5455151],[-35.7091178,-9.5455175],[-35.7091624,-9.5455208],[-35.7092044,-9.5455376],[-35.7092411,-9.5455626],[-35.7092668,-9.5455994],[-35.7093043,-9.5456226],[-35.7093472,-9.5456368],[-35.7093928,-9.5456382],[-35.7094383,-9.5456397],[-35.7094838,-9.5456411],[-35.7095293,-9.5456444],[-35.7095721,-9.5456368],[-35.7096138,-9.5456175],[-35.7096583,-9.54561],[-35.7097029,-9.5456078],[-35.7097485,-9.5456156],[-35.7097923,-9.5456261],[-35.7098331,-9.5456176],[-35.7098721,-9.5455938],[-35.7099148,-9.5455836],[-35.7099586,-9.5455914],[-35.7099978,-9.5456037],[-35.7100404,-9.5455871],[-35.7100803,-9.5455669],[-35.7101174,-9.5455413],[-35.7101344,-9.5454996],[-35.7101486,-9.5454571],[-35.710161,-9.5454136],[-35.7101716,-9.5453692],[-35.7101886,-9.5453284],[-35.7102147,-9.5452912],[-35.7102445,-9.5452575],[-35.7102706,-9.5452212],[-35.7102793,-9.5451768],[-35.7102917,-9.5451343],[-35.7103069,-9.5450917],[-35.7103293,-9.5450518],[-35.7103545,-9.5450145],[-35.7103824,-9.5449791],[-35.7104177,-9.5449499],[-35.7104548,-9.5449243],[-35.7104947,-9.5449032],[-35.7105364,-9.5448848],[-35.7105791,-9.5448682],[-35.7106217,-9.5448543],[-35.7106644,-9.5448368],[-35.7107043,-9.5448166],[-35.7107489,-9.5448217],[-35.7107936,-9.5448313],[-35.7108374,-9.5448445],[-35.7108773,-9.5448279],[-35.7109108,-9.5447997],[-35.7109296,-9.5447589],[-35.7109493,-9.5447181],[-35.7109525,-9.5446729],[-35.7109486,-9.5446286],[-35.7109346,-9.5445863],[-35.7109224,-9.5445421],[-35.7109157,-9.5444988],[-35.7109299,-9.5444553],[-35.7109533,-9.5444181],[-35.7109821,-9.5443835],[-35.7110119,-9.5443489],[-35.7110416,-9.5443144],[-35.7110723,-9.5442807],[-35.7110875,-9.544239],[-35.7110953,-9.5441956],[-35.7110904,-9.5441505],[-35.7111001,-9.544107],[-35.7111161,-9.5440644],[-35.7111422,-9.5440281],[-35.7111647,-9.5439891],[-35.7111844,-9.5439491],[-35.7111577,-9.5439123],[-35.7111346,-9.5438736],[-35.711117,-9.5438322],[-35.7111422,-9.5437995],[-35.7111766,-9.5437712],[-35.7112165,-9.5437492],[-35.7112362,-9.5437111],[-35.7112523,-9.5436703],[-35.7112885,-9.5436438],[-35.7113277,-9.5436544],[-35.7113643,-9.5436803],[-35.7113865,-9.5437199],[-35.7114177,-9.5437513],[-35.7114533,-9.54377],[-35.7114858,-9.543739],[-35.7115083,-9.5437],[-35.7115289,-9.54366],[-35.7115532,-9.5436219],[-35.711583,-9.5435882],[-35.7116164,-9.5435564],[-35.7116452,-9.5435218],[-35.7116659,-9.5434828],[-35.7116746,-9.5434385],[-35.7116788,-9.5433932],[-35.7116894,-9.5433516],[-35.7117155,-9.5433143],[-35.7116813,-9.5432239],[-35.711767,-9.5431949],[-35.7118728,-9.5431949],[-35.7118661,-9.5430177],[-35.7118823,-9.5429995],[-35.711828,-9.5429304],[-35.7118465,-9.5429303],[-35.7118967,-9.5428776],[-35.7119139,-9.5428448],[-35.7119079,-9.5427789],[-35.7118875,-9.5427408],[-35.7118682,-9.5427091],[-35.7117856,-9.5426505],[-35.7117963,-9.5426064],[-35.7118161,-9.5425554],[-35.711841,-9.5425061],[-35.7118634,-9.5424614],[-35.7118781,-9.5424329],[-35.7119134,-9.5423512],[-35.7119366,-9.5422875],[-35.7120114,-9.5422266],[-35.7120957,-9.5421377],[-35.7120972,-9.5420304],[-35.7121025,-9.5419588],[-35.7121146,-9.5419375],[-35.7121495,-9.5419087],[-35.7122554,-9.5418511],[-35.7123571,-9.5417905],[-35.7124562,-9.5417698],[-35.712504,-9.5416454],[-35.7125136,-9.5415706],[-35.7126762,-9.5414924],[-35.7128101,-9.5414923],[-35.7130397,-9.5414541],[-35.7131239,-9.5412867],[-35.7131343,-9.5411775],[-35.7130875,-9.5410714],[-35.7131351,-9.5409473],[-35.7132025,-9.5409374],[-35.7134793,-9.5408719],[-35.7135671,-9.5408453],[-35.7136708,-9.5407416],[-35.7136954,-9.5406526],[-35.7137124,-9.5406078],[-35.713728,-9.5405627],[-35.7138202,-9.5404911],[-35.7138077,-9.5404387],[-35.7138551,-9.5404337],[-35.7138928,-9.5404362],[-35.7138708,-9.5404225],[-35.7138498,-9.5403376],[-35.7138725,-9.5403349],[-35.7139352,-9.5402646],[-35.713939,-9.5402604],[-35.7139666,-9.5402256],[-35.7139637,-9.5401831],[-35.7139625,-9.5401647],[-35.7139395,-9.5401065],[-35.7139359,-9.5399607],[-35.7139608,-9.5399266],[-35.7139102,-9.53978],[-35.7139401,-9.539641],[-35.714044,-9.5396562],[-35.7140429,-9.5395194],[-35.7140459,-9.5394964],[-35.714035,-9.5394606],[-35.714046,-9.5393326],[-35.7140603,-9.539296],[-35.7140597,-9.5392419],[-35.714032,-9.5391773],[-35.714014,-9.5391358],[-35.7139986,-9.5390916],[-35.7139828,-9.5390492],[-35.7139661,-9.5390078],[-35.7139494,-9.5389618],[-35.7139676,-9.5387661],[-35.7139568,-9.5386943],[-35.7139696,-9.5386536],[-35.7139771,-9.5385668],[-35.714038,-9.5384531],[-35.7140651,-9.5383964],[-35.7140537,-9.5383203],[-35.7140268,-9.5382863],[-35.713996,-9.5382387],[-35.7139427,-9.5381334],[-35.713938,-9.5381217],[-35.713919,-9.5380432],[-35.7139642,-9.5378983],[-35.7139508,-9.5378523],[-35.7139512,-9.5378207],[-35.7139531,-9.5378011],[-35.7139613,-9.5377261],[-35.713964,-9.5377159],[-35.7140063,-9.5376565],[-35.7140018,-9.5375833],[-35.7140277,-9.5375535],[-35.7140356,-9.537513],[-35.714035,-9.537375],[-35.7140317,-9.5372872],[-35.7140283,-9.537227],[-35.714021,-9.5371673],[-35.7139717,-9.5370841],[-35.7139476,-9.5370549],[-35.7139205,-9.5369956],[-35.7139159,-9.536902],[-35.7139106,-9.5368595],[-35.7139198,-9.5367494],[-35.7139485,-9.5366511],[-35.7140076,-9.5365544],[-35.7140508,-9.5365378],[-35.7140791,-9.5365242],[-35.7140995,-9.5365123],[-35.7144507,-9.5369567],[-35.7144917,-9.5368816],[-35.7147806,-9.5369451],[-35.7150215,-9.5369554],[-35.7151537,-9.5369736],[-35.7152858,-9.5370357],[-35.7153868,-9.5372404],[-35.7158298,-9.5370979],[-35.7158583,-9.5370098],[-35.7159205,-9.5368673],[-35.7159982,-9.536752],[-35.7162288,-9.5365383],[-35.7162262,-9.5364399],[-35.7161355,-9.5362637],[-35.7160682,-9.5361679],[-35.7160632,-9.5356896],[-35.716397,-9.5356688],[-35.7167737,-9.5356403],[-35.7170256,-9.5355933],[-35.7171447,-9.535536],[-35.7172086,-9.5354633],[-35.7172564,-9.5353521],[-35.7174626,-9.535324],[-35.7176808,-9.5352279],[-35.7177879,-9.5352088],[-35.7178918,-9.5352498],[-35.7185213,-9.5364434],[-35.7186414,-9.5366967],[-35.7188178,-9.5369274],[-35.7188362,-9.5368827],[-35.7188595,-9.5368437],[-35.7188829,-9.5368055],[-35.7189072,-9.5367665],[-35.7189305,-9.5367284],[-35.7189539,-9.5366893],[-35.7189772,-9.5366512],[-35.7190015,-9.5366122],[-35.7190249,-9.536574],[-35.7190482,-9.536535],[-35.7190725,-9.5364969],[-35.7190959,-9.5364578],[-35.7191192,-9.5364197],[-35.7191426,-9.5363807],[-35.7191668,-9.5363416],[-35.7191902,-9.5363035],[-35.7192136,-9.5362645],[-35.7192378,-9.5362263],[-35.7192612,-9.5361873],[-35.7192846,-9.5361492],[-35.7193079,-9.5361101],[-35.7193322,-9.536072],[-35.719365,-9.5360726],[-35.7194043,-9.5360967],[-35.7194427,-9.5361199],[-35.719482,-9.536144],[-35.7195204,-9.5361672],[-35.7195598,-9.5361904],[-35.7195982,-9.5362145],[-35.7196366,-9.5362377],[-35.7196759,-9.5362618],[-35.7197143,-9.5362849],[-35.7197537,-9.5363081],[-35.7197921,-9.5363322],[-35.7198314,-9.5363554],[-35.7198698,-9.5363795],[-35.7199092,-9.5364027],[-35.7199476,-9.5364268],[-35.719986,-9.53645],[-35.7200253,-9.5364732],[-35.7200653,-9.5364692],[-35.7201061,-9.5364499],[-35.7201478,-9.5364306],[-35.7201887,-9.5364113],[-35.7202295,-9.5363912],[-35.7202703,-9.5363719],[-35.720312,-9.5363526],[-35.7203528,-9.5363333],[-35.7203936,-9.5363131],[-35.7204353,-9.5362938],[-35.7204761,-9.5362745],[-35.7205169,-9.5362552],[-35.7205577,-9.536235],[-35.7205994,-9.5362157],[-35.7206402,-9.5361964],[-35.720681,-9.5361771],[-35.7207218,-9.5361569],[-35.7207636,-9.5361376],[-35.7207775,-9.5361218],[-35.7207915,-9.5361058],[-35.7208094,-9.536065],[-35.7208273,-9.5360233],[-35.7208461,-9.5359816],[-35.7208639,-9.5359408],[-35.7208818,-9.5358991],[-35.7208997,-9.5358574],[-35.7209176,-9.5358157],[-35.7209363,-9.5357749],[-35.7209433,-9.5357305],[-35.7209438,-9.5356854],[-35.7209444,-9.5356402],[-35.7209449,-9.535595],[-35.7209446,-9.5355498],[-35.7209451,-9.5355046],[-35.7209457,-9.5354595],[-35.7209462,-9.5354143],[-35.7209459,-9.5353691],[-35.7209464,-9.5353239],[-35.720947,-9.5352787],[-35.7209357,-9.5352364],[-35.7209181,-9.535194],[-35.7209005,-9.5351526],[-35.7208828,-9.5351112],[-35.7208652,-9.5350698],[-35.7208476,-9.5350283],[-35.72083,-9.534986],[-35.7208123,-9.5349446],[-35.7207947,-9.5349032],[-35.7207771,-9.5348617],[-35.7207595,-9.5348194],[-35.7207418,-9.534778],[-35.7207424,-9.5347382],[-35.7207658,-9.5346992],[-35.7207901,-9.5346602],[-35.7208065,-9.5346334],[-35.7208134,-9.534622],[-35.7208368,-9.534583],[-35.7208611,-9.5345449],[-35.7208844,-9.5345058],[-35.7209078,-9.5344677],[-35.7209311,-9.5344287],[-35.7209554,-9.5343905],[-35.7209788,-9.5343515],[-35.7210123,-9.5343295],[-35.7210577,-9.5343265],[-35.7211032,-9.5343234],[-35.7211487,-9.5343213],[-35.7211942,-9.5343182],[-35.7212388,-9.534316],[-35.7212843,-9.534313],[-35.7213298,-9.5343099],[-35.7213753,-9.5343077],[-35.7214207,-9.5343047],[-35.7214662,-9.5343025],[-35.7215117,-9.5342994],[-35.7215572,-9.5342973],[-35.7216027,-9.5342942],[-35.7216482,-9.5342911],[-35.7216937,-9.534289],[-35.7217392,-9.5342859],[-35.7217847,-9.5342838],[-35.7218301,-9.5342807],[-35.7218756,-9.5342785],[-35.7219202,-9.5342755],[-35.7219657,-9.5342724],[-35.7220112,-9.5342702],[-35.7220567,-9.5342672],[-35.7221022,-9.534265],[-35.7221477,-9.5342619],[-35.7221931,-9.5342598],[-35.7222386,-9.5342567],[-35.7222841,-9.5342537],[-35.7223296,-9.5342515],[-35.7223751,-9.5342484],[-35.7224206,-9.5342463],[-35.7224661,-9.5342432],[-35.7225116,-9.534241],[-35.7225571,-9.534238],[-35.7226025,-9.5342349],[-35.7226471,-9.5342327],[-35.7226926,-9.5342297],[-35.7227381,-9.5342275],[-35.7227836,-9.5342245],[-35.7228291,-9.5342223],[-35.7228746,-9.5342192],[-35.72292,-9.5342162],[-35.7229655,-9.534214],[-35.723011,-9.5342109],[-35.723057,-9.5342087],[-35.7230676,-9.5342382],[-35.7232585,-9.5349147],[-35.7230157,-9.5355711],[-35.7235248,-9.5358632],[-35.7236721,-9.5356657],[-35.7240505,-9.5358172],[-35.7242531,-9.5353115],[-35.7240957,-9.5348444],[-35.723801,-9.5346836],[-35.7237395,-9.5341855],[-35.7237379,-9.5341682],[-35.7237834,-9.5341651],[-35.7238289,-9.534163],[-35.7238744,-9.5341599],[-35.7239199,-9.5341577],[-35.7239654,-9.5341547],[-35.72401,-9.5341525],[-35.7240554,-9.5341495],[-35.7241009,-9.5341464],[-35.7241464,-9.5341442],[-35.7241919,-9.5341412],[-35.7242374,-9.534139],[-35.7242829,-9.5341359],[-35.7243284,-9.5341338],[-35.7243739,-9.5341307],[-35.7244194,-9.5341276],[-35.7244648,-9.5341255],[-35.7245103,-9.5341224],[-35.7245558,-9.5341202],[-35.7246013,-9.5341172],[-35.7246468,-9.534115],[-35.7246914,-9.534112],[-35.7247369,-9.5341089],[-35.7247824,-9.5341067],[-35.7248278,-9.5341037],[-35.7248733,-9.5341015],[-35.7249188,-9.5340984],[-35.7249643,-9.5340954],[-35.7250098,-9.5340932],[-35.7250553,-9.5340901],[-35.7251008,-9.534088],[-35.7251463,-9.5340849],[-35.7251918,-9.5340827],[-35.7252372,-9.5340797],[-35.7252827,-9.5340766],[-35.7253282,-9.5340745],[-35.7253728,-9.5340714],[-35.7254183,-9.5340692],[-35.7254638,-9.5340662],[-35.7255093,-9.534064],[-35.7255547,-9.5340609],[-35.7256002,-9.5340579],[-35.7256457,-9.5340557],[-35.7256912,-9.5340526],[-35.7257367,-9.5340505],[-35.7257822,-9.5340474],[-35.7258277,-9.5340452],[-35.7258732,-9.5340422],[-35.7259187,-9.5340391],[-35.7259641,-9.534037],[-35.7260096,-9.5340339],[-35.7260542,-9.5340317],[-35.7260997,-9.5340287],[-35.7261452,-9.5340265],[-35.7261907,-9.5340234],[-35.7262362,-9.5340204],[-35.7262817,-9.5340182],[-35.7263271,-9.5340151],[-35.7263726,-9.534013],[-35.7264181,-9.5340099],[-35.7264636,-9.5340077],[-35.7265091,-9.5340047],[-35.7265546,-9.5340016],[-35.7266001,-9.5339994],[-35.7266456,-9.5339964],[-35.7266911,-9.5339942],[-35.7267356,-9.5339912],[-35.7267811,-9.533989],[-35.7268266,-9.5339859],[-35.7268721,-9.5339829],[-35.7269176,-9.5339807],[-35.7269631,-9.5339776],[-35.7270086,-9.5339755],[-35.727054,-9.5339724],[-35.7270995,-9.5339693],[-35.727145,-9.5339672],[-35.7271905,-9.5339641],[-35.727236,-9.5339619],[-35.7272815,-9.5339589],[-35.727327,-9.5339567],[-35.7273725,-9.5339536],[-35.727417,-9.5339506],[-35.7274625,-9.5339484],[-35.727508,-9.5339454],[-35.7275535,-9.5339432],[-35.727599,-9.5339401],[-35.7276445,-9.533938],[-35.72769,-9.5339349],[-35.7277355,-9.5339318],[-35.727781,-9.5339297],[-35.7278264,-9.5339266],[-35.7278719,-9.5339244],[-35.7279174,-9.5339214],[-35.7279629,-9.5339192],[-35.7280084,-9.5339161],[-35.7280539,-9.5339131],[-35.7280985,-9.5339109],[-35.7281439,-9.5339079],[-35.7281894,-9.5339057],[-35.7282349,-9.5339026],[-35.7282804,-9.5339005],[-35.7283259,-9.5338974],[-35.7283714,-9.5338943],[-35.7284169,-9.5338922],[-35.7284624,-9.5338891],[-35.7285079,-9.5338869],[-35.7285533,-9.5338839],[-35.7285988,-9.5338817],[-35.7286443,-9.5338786],[-35.7286898,-9.5338756],[-35.7287353,-9.5338734],[-35.7287799,-9.5338703],[-35.7288254,-9.5338682],[-35.7288709,-9.5338651],[-35.7289163,-9.5338621],[-35.7289618,-9.5338599],[-35.7290073,-9.5338568],[-35.7290528,-9.5338547],[-35.7290983,-9.5338516],[-35.7291438,-9.5338494],[-35.7291893,-9.5338464],[-35.7292348,-9.5338433],[-35.7292803,-9.5338411],[-35.7293257,-9.5338381],[-35.7293712,-9.5338359],[-35.7294167,-9.5338328],[-35.7294613,-9.5338307],[-35.7295068,-9.5338276],[-35.7295523,-9.5338245],[-35.7295978,-9.5338224],[-35.7296432,-9.5338193],[-35.7296887,-9.5338171],[-35.7297342,-9.5338141],[-35.7297797,-9.5338119],[-35.7298252,-9.5338089],[-35.7298707,-9.5338058],[-35.7299162,-9.5338036],[-35.7299617,-9.5338006],[-35.7300072,-9.5337984],[-35.7300526,-9.5337953],[-35.7300981,-9.5337932],[-35.7301427,-9.5337901],[-35.7301882,-9.533787],[-35.7302337,-9.5337849],[-35.7302792,-9.5337818],[-35.7303247,-9.5337796],[-35.7303701,-9.5337766],[-35.7304156,-9.5337744],[-35.7304611,-9.5337713],[-35.7305066,-9.5337683],[-35.7305521,-9.5337661],[-35.7305976,-9.533763],[-35.7306431,-9.5337609],[-35.7306886,-9.5337578],[-35.7307341,-9.5337547],[-35.7307795,-9.5337526],[-35.7308241,-9.5337495],[-35.7308696,-9.5337474],[-35.7309151,-9.5337443],[-35.7309606,-9.5337421],[-35.7310061,-9.5337391],[-35.7310516,-9.533736],[-35.7310971,-9.5337338],[-35.7311425,-9.5337308],[-35.731188,-9.5337286],[-35.7312335,-9.5337255],[-35.731279,-9.5337234],[-35.7313245,-9.5337203],[-35.73137,-9.5337172],[-35.7314155,-9.5337151],[-35.735598,-9.5334678],[-35.7356395,-9.5334651],[-35.7356622,-9.533464],[-35.735685,-9.5334629],[-35.7357305,-9.5334599],[-35.735776,-9.5334577],[-35.7358214,-9.5334546],[-35.7358669,-9.5334525],[-35.7359124,-9.5334494],[-35.7359579,-9.5334463],[-35.7360034,-9.5334442],[-35.7360489,-9.5334411],[-35.7360944,-9.5334389],[-35.7361399,-9.5334359],[-35.7361854,-9.5334337],[-35.7362308,-9.5334306],[-35.7362763,-9.5334276],[-35.7363209,-9.5334254],[-35.7363664,-9.5334223],[-35.7364119,-9.5334202],[-35.7364574,-9.5334171],[-35.7365029,-9.533414],[-35.7365483,-9.5334119],[-35.7365938,-9.5334088],[-35.7366393,-9.5334066],[-35.7366848,-9.5334036],[-35.7367303,-9.5334014],[-35.7367758,-9.5333983],[-35.7368213,-9.5333953],[-35.7368668,-9.5333931],[-35.7369122,-9.53339],[-35.7369577,-9.5333879],[-35.7370023,-9.5333848],[-35.7370478,-9.5333827],[-35.7370933,-9.5333796],[-35.7371388,-9.5333765],[-35.7371843,-9.5333744],[-35.7372298,-9.5333713],[-35.7372752,-9.5333691],[-35.7373207,-9.5333661],[-35.7373662,-9.5333639],[-35.7374117,-9.5333608],[-35.7374572,-9.5333578],[-35.7375027,-9.5333556],[-35.7375482,-9.5333525],[-35.7375937,-9.5333504],[-35.7376391,-9.5333473],[-35.7376837,-9.5333451],[-35.7377292,-9.5333421],[-35.7377747,-9.533339],[-35.7378202,-9.5333368],[-35.7378657,-9.5333338],[-35.7379112,-9.5333316],[-35.7379566,-9.5333285],[-35.7380021,-9.5333264],[-35.7380476,-9.5333233],[-35.7380931,-9.5333202],[-35.7381386,-9.5333181],[-35.7381841,-9.533315],[-35.7382296,-9.5333128],[-35.7382751,-9.5333098],[-35.7383205,-9.5333067],[-35.7383651,-9.5333045],[-35.7384106,-9.5333015],[-35.7384561,-9.5332993],[-35.7385016,-9.5332962],[-35.7385471,-9.5332941],[-35.7385926,-9.533291],[-35.7386381,-9.5332879],[-35.7386835,-9.5332858],[-35.738729,-9.5332827],[-35.7387745,-9.5332805],[-35.73882,-9.5332775],[-35.7388655,-9.5332753],[-35.738911,-9.5332722],[-35.7389565,-9.5332692],[-35.739002,-9.533267],[-35.7390465,-9.533264],[-35.739092,-9.5332618],[-35.7391375,-9.5332587],[-35.739183,-9.5332566],[-35.7392285,-9.5332535],[-35.739274,-9.5332504],[-35.7393195,-9.5332483],[-35.7393649,-9.5332452],[-35.7394104,-9.533243],[-35.7394559,-9.53324],[-35.7395014,-9.5332378],[-35.7395469,-9.5332347],[-35.7395924,-9.5332317],[-35.7396379,-9.5332295],[-35.7396834,-9.5332264],[-35.7397279,-9.5332243],[-35.7397734,-9.5332212],[-35.7398189,-9.533219],[-35.7398644,-9.533216],[-35.7399099,-9.5332129],[-35.7399554,-9.5332107],[-35.7400009,-9.5332077],[-35.7400464,-9.5332055],[-35.7400918,-9.5332024],[-35.7401373,-9.5331994],[-35.7401828,-9.5331972],[-35.7402283,-9.5331941],[-35.7402738,-9.533192],[-35.7403193,-9.5331889],[-35.7403648,-9.5331867],[-35.7404093,-9.5331837],[-35.7404548,-9.5331806],[-35.7405003,-9.5331784],[-35.7405458,-9.5331754],[-35.7405913,-9.5331732],[-35.7406368,-9.5331701],[-35.7406823,-9.533168],[-35.7407278,-9.5331649],[-35.7407732,-9.5331618],[-35.7408187,-9.5331597],[-35.7408642,-9.5331566],[-35.7409097,-9.5331544],[-35.7409552,-9.5331514],[-35.7410007,-9.5331492],[-35.7410462,-9.5331461],[-35.7410917,-9.5331431],[-35.7411362,-9.5331409],[-35.7411817,-9.5331378],[-35.7412272,-9.5331357],[-35.7412727,-9.5331326],[-35.7413182,-9.5331304],[-35.7428236,-9.5330509],[-35.7458797,-9.5328895],[-35.7458845,-9.5328892],[-35.7492133,-9.532297],[-35.7500838,-9.5322004],[-35.7489618,-9.5326237],[-35.7489397,-9.5326773],[-35.7484258,-9.5335895],[-35.7481857,-9.5340158],[-35.748046,-9.53426],[-35.7479135,-9.53449],[-35.7474092,-9.5354048],[-35.7471977,-9.5357828],[-35.7470638,-9.5360222],[-35.7468992,-9.5363076],[-35.7467594,-9.5365545],[-35.7465612,-9.536904],[-35.7463754,-9.5372317],[-35.7461566,-9.5376263],[-35.7458803,-9.5381247],[-35.7453904,-9.5390243],[-35.7453569,-9.5390859],[-35.7448806,-9.5399611],[-35.7443848,-9.540863],[-35.7438939,-9.5417502],[-35.7433775,-9.5427127],[-35.7433759,-9.5427155],[-35.7423833,-9.5445315],[-35.742151,-9.5449565],[-35.7414218,-9.5462905],[-35.7405448,-9.5478918],[-35.7396609,-9.5495385],[-35.7393549,-9.5501059],[-35.7380513,-9.5525227],[-35.7373576,-9.5537982],[-35.737307,-9.5538924],[-35.7374159,-9.5539952],[-35.7374615,-9.554038],[-35.7380516,-9.5546304],[-35.7381335,-9.5547077],[-35.7385287,-9.5550809],[-35.7386226,-9.5551696],[-35.7386623,-9.5552071],[-35.7389077,-9.5554303],[-35.7392291,-9.5557292],[-35.7399121,-9.5563823],[-35.7399635,-9.5564315],[-35.7408383,-9.5572551],[-35.7413111,-9.5576954],[-35.741205,-9.5577709],[-35.7410451,-9.5579314],[-35.7405959,-9.5583756],[-35.7403007,-9.558666],[-35.739946,-9.5590424],[-35.7395037,-9.5594926],[-35.7388114,-9.5601953],[-35.7386366,-9.5603964],[-35.738079,-9.5609385],[-35.7380336,-9.560986],[-35.7372879,-9.5617573],[-35.7362449,-9.5628268],[-35.7361019,-9.5627862],[-35.7358124,-9.5627017],[-35.735761,-9.5627766],[-35.7356699,-9.5629192],[-35.7354782,-9.5632168],[-35.7353568,-9.5634491],[-35.7353238,-9.5635349],[-35.7352842,-9.5636088],[-35.7352641,-9.5636197],[-35.7352172,-9.5636249],[-35.7351644,-9.5636335],[-35.7351215,-9.5636414],[-35.7350753,-9.563656],[-35.7350502,-9.5636672],[-35.7350463,-9.5636837],[-35.7350252,-9.5637754],[-35.7350133,-9.5638229],[-35.7350093,-9.5638658],[-35.7350027,-9.5639463],[-35.7349955,-9.5640341],[-35.7349915,-9.5641014],[-35.7349856,-9.564238],[-35.7349803,-9.5643033],[-35.7349691,-9.5644643],[-35.7349796,-9.5647309],[-35.7349221,-9.5648045],[-35.7348574,-9.5648989],[-35.7348257,-9.564953],[-35.7348039,-9.5649906],[-35.7347789,-9.5650309],[-35.7347597,-9.5650553],[-35.73473,-9.5650863],[-35.7346441,-9.5651662],[-35.7346045,-9.5651952],[-35.7345742,-9.5652189],[-35.7345392,-9.5652374],[-35.7344719,-9.5652539],[-35.7344223,-9.5652649],[-35.7343977,-9.5652694],[-35.7343567,-9.565276],[-35.7342974,-9.5652889],[-35.7342287,-9.5653087],[-35.7341951,-9.5653186],[-35.73417,-9.5653206],[-35.7340961,-9.5653193],[-35.7340314,-9.5653186],[-35.7339531,-9.565317],[-35.7338856,-9.5653173],[-35.7338506,-9.565316],[-35.7338295,-9.56531],[-35.7336843,-9.5652222],[-35.7336671,-9.5652209],[-35.7334946,-9.5652737],[-35.7334576,-9.565308],[-35.7334233,-9.565378],[-35.7333877,-9.5654466],[-35.7333613,-9.5654809],[-35.733224,-9.5655654],[-35.7331791,-9.565576],[-35.7329139,-9.5656142],[-35.7328729,-9.5656274],[-35.7327528,-9.5657159],[-35.7326803,-9.5657739],[-35.7326459,-9.565795],[-35.73258,-9.5658082],[-35.7324546,-9.565832],[-35.73238,-9.5658492],[-35.7323206,-9.5658597],[-35.7321972,-9.5658518],[-35.7321081,-9.5658412],[-35.7320237,-9.56583],[-35.7319398,-9.5658162],[-35.7318736,-9.565799],[-35.7317917,-9.5657577],[-35.7317052,-9.5657203],[-35.7316296,-9.5656806],[-35.7315704,-9.5656619],[-35.7315446,-9.5656533],[-35.7314807,-9.5656432],[-35.7314215,-9.5656354],[-35.7313749,-9.5656424],[-35.731328,-9.5656494],[-35.7312661,-9.5656855],[-35.7312093,-9.565737],[-35.7310866,-9.5658637],[-35.7310364,-9.5659178],[-35.7309124,-9.565894],[-35.7303963,-9.5657713],[-35.7303831,-9.5658888],[-35.7303726,-9.5659891],[-35.7303356,-9.5661422],[-35.7302987,-9.5662636],[-35.7302617,-9.5663586],[-35.7302274,-9.5664589],[-35.7301984,-9.566546],[-35.7307894,-9.5666954],[-35.7308022,-9.5667523],[-35.73081,-9.5667983],[-35.7308202,-9.5668716],[-35.7308576,-9.5669144],[-35.7308895,-9.566944],[-35.7309304,-9.5669959],[-35.7309507,-9.5670489],[-35.7309601,-9.5671042],[-35.730964,-9.5671627],[-35.7309608,-9.5672032],[-35.7309382,-9.5672469],[-35.7308704,-9.5673038],[-35.7308264,-9.5673104],[-35.7307625,-9.5673829],[-35.7307508,-9.5674417],[-35.7307993,-9.5675274],[-35.7307985,-9.5675606],[-35.7308192,-9.5676136],[-35.7308192,-9.5676479],[-35.7307943,-9.5676936],[-35.7307621,-9.5677445],[-35.7307351,-9.5677788],[-35.7307018,-9.5678245],[-35.7306883,-9.5678526],[-35.7306706,-9.5679108],[-35.7306519,-9.5679919],[-35.7306519,-9.5680469],[-35.7306519,-9.5680958],[-35.7306649,-9.5681535],[-35.730681,-9.5682018],[-35.7306925,-9.5682402],[-35.730706,-9.5682881],[-35.7307216,-9.5683431],[-35.7307247,-9.5683847],[-35.7307247,-9.5684242],[-35.7307226,-9.568471],[-35.7307288,-9.5685375],[-35.7307403,-9.5685894],[-35.7307382,-9.5686404],[-35.7307299,-9.5686861],[-35.7307132,-9.5687329],[-35.7306956,-9.5687739],[-35.7306784,-9.5688035],[-35.7306415,-9.5688524],[-35.7305948,-9.5689204],[-35.7305636,-9.5689672],[-35.730548,-9.5690067],[-35.7305537,-9.5690426],[-35.7305849,-9.5691179],[-35.7306202,-9.5692052],[-35.7306452,-9.5692811],[-35.7306639,-9.5693278],[-35.7306462,-9.5693923],[-35.7306265,-9.5694411],[-35.7305766,-9.569491],[-35.7305225,-9.5695294],[-35.7304882,-9.5695596],[-35.7304347,-9.5696214],[-35.7303983,-9.5696578],[-35.7303806,-9.5696982],[-35.7303806,-9.5697366],[-35.7304034,-9.5697948],[-35.7304003,-9.5698499],[-35.7303515,-9.5699216],[-35.7302695,-9.5700184],[-35.7302202,-9.5700809],[-35.7300869,-9.5701621],[-35.7300207,-9.5702015],[-35.7299509,-9.5702391],[-35.7299175,-9.5702709],[-35.7298778,-9.5703092],[-35.7298561,-9.5703338],[-35.7298371,-9.5703536],[-35.7297949,-9.5703975],[-35.7297749,-9.5704184],[-35.7297034,-9.5704732],[-35.7296048,-9.5705416],[-35.7292894,-9.5707605],[-35.7290857,-9.5708885],[-35.7287413,-9.571171],[-35.7286344,-9.5712838],[-35.7285454,-9.571375],[-35.7284223,-9.5714681],[-35.7283043,-9.571392],[-35.7282659,-9.5713672],[-35.7282158,-9.5713613],[-35.7280622,-9.5713905],[-35.7280472,-9.5714127],[-35.7280208,-9.5714541],[-35.7280062,-9.5715617],[-35.7279945,-9.5715799],[-35.7279846,-9.5716016],[-35.7279744,-9.5716275],[-35.7279122,-9.5717657],[-35.7278961,-9.571782],[-35.7278799,-9.5717978],[-35.7278716,-9.5718058],[-35.7278682,-9.5718089],[-35.7278463,-9.5718286],[-35.727829,-9.5718442],[-35.7278114,-9.5718603],[-35.7277794,-9.5718897],[-35.7277478,-9.5719224],[-35.7277017,-9.5719608],[-35.7276665,-9.5719945],[-35.7276466,-9.5720145],[-35.7276122,-9.5720419],[-35.7275468,-9.5720896],[-35.7274904,-9.5721326],[-35.7274285,-9.5721797],[-35.7274004,-9.572198],[-35.7273826,-9.5722433],[-35.72736,-9.5723754],[-35.7272701,-9.5724023],[-35.7271789,-9.5724589],[-35.7271551,-9.5724746],[-35.7271216,-9.5725038],[-35.7271072,-9.5725202],[-35.7270688,-9.5726181],[-35.7270317,-9.5726427],[-35.7270047,-9.5726791],[-35.7268912,-9.5727152],[-35.726872,-9.5727027],[-35.7267969,-9.572762],[-35.7267772,-9.5728065],[-35.7267667,-9.5728562],[-35.7267626,-9.5730431],[-35.7267619,-9.5730551],[-35.726756,-9.5731138],[-35.726757,-9.5731342],[-35.7267576,-9.5731636],[-35.7267586,-9.5732096],[-35.7267596,-9.5732258],[-35.7267635,-9.5732708],[-35.7267676,-9.5733161],[-35.7267698,-9.5733586],[-35.72682,-9.5734973],[-35.7268701,-9.5736108],[-35.7268777,-9.5736559],[-35.7268865,-9.5737551],[-35.7268553,-9.5739262],[-35.7268078,-9.5740115],[-35.7268209,-9.5741713],[-35.7268212,-9.5742165],[-35.7268215,-9.5742535],[-35.7268112,-9.5742958]]]]}},
{"type":"Feature","properties":{"ibge_code_municipio":"2704302","name":"Ponta da Terra","code":"2704302035"},"geometry":{"type":"MultiPolygon","coordinates":[[[[-35.7130696,-9.6652354],[-35.7126635,-9.6648339],[-35.7123009,-9.6644692],[-35.7120058,-9.6641687],[-35.7116419,-9.663809],[-35.7115996,-9.6637613],[-35.7105161,-9.6629463],[-35.7101658,-9.6627464],[-35.7099093,-9.6626459],[-35.7098788,-9.6626339],[-35.7101511,-9.6621321],[-35.7101927,-9.6620549],[-35.7105107,-9.661499],[-35.7105164,-9.6614898],[-35.7108048,-9.6609735],[-35.7108207,-9.6609344],[-35.710827,-9.6609188],[-35.7110359,-9.6605281],[-35.71105,-9.66047],[-35.7110325,-9.6604245],[-35.7108824,-9.6601471],[-35.711217,-9.6601554],[-35.7117554,-9.6601637],[-35.7117604,-9.6609466],[-35.7117652,-9.6612468],[-35.7117702,-9.6615557],[-35.7117714,-9.6616344],[-35.7117713,-9.6616555],[-35.7117689,-9.6621255],[-35.71176,-9.6621959],[-35.712437,-9.6622436],[-35.7130138,-9.6622824],[-35.7136342,-9.6623068],[-35.7140092,-9.6623139],[-35.7144682,-9.6623262],[-35.7149345,-9.6623327],[-35.7163286,-9.6623347],[-35.7173075,-9.6623443],[-35.7173252,-9.662344],[-35.7175195,-9.6623413],[-35.7178153,-9.6623398],[-35.7184441,-9.6623366],[-35.7186934,-9.6623424],[-35.7190704,-9.6623362],[-35.7193877,-9.6623344],[-35.7197607,-9.6623363],[-35.7197183,-9.6626202],[-35.7197174,-9.6626261],[-35.7196371,-9.6631762],[-35.7196154,-9.6633396],[-35.7195599,-9.6637307],[-35.719362,-9.6640237],[-35.7192301,-9.6642257],[-35.719063,-9.6644994],[-35.7189199,-9.6647337],[-35.7188553,-9.6648203],[-35.7188156,-9.6648959],[-35.7187139,-9.6650645],[-35.7185289,-9.6653516],[-35.7183549,-9.665636],[-35.7182519,-9.6657887],[-35.71822,-9.6658329],[-35.7181959,-9.6658628],[-35.7179035,-9.6663413],[-35.717858,-9.6664477],[-35.717493,-9.667006],[-35.7173601,-9.667208],[-35.7172524,-9.6673703],[-35.7167347,-9.6681653],[-35.7165379,-9.6684659],[-35.7164811,-9.6685537],[-35.7163762,-9.6686832],[-35.716294,-9.6686049],[-35.7161721,-9.6684737],[-35.71596,-9.6682453],[-35.7155038,-9.6677589],[-35.7150674,-9.6672858],[-35.7147311,-9.6669367],[-35.7146705,-9.6668612],[-35.7140683,-9.6662529],[-35.7136797,-9.6658507],[-35.7134025,-9.6655708],[-35.7130696,-9.6652354]]]]}},
{"type":"Feature","properties":{"ibge_code_municipio":"2704302","name":"Bebedouro","code":"2704302003"},"geometry":{"type":"MultiPolygon","coordinates":[[[[-35.7528215,-9.6240759],[-35.7535904,-9.6238176],[-35.754385,-9.6235506],[-35.7546948,-9.6241581],[-35.7546993,-9.6241559],[-35.7551526,-9.6239229],[-35.7555859,-9.6236709],[-35.7559938,-9.6234211],[-35.7558554,-9.6231649],[-35.7556648,-9.622865],[-35.7558278,-9.6227506],[-35.7559848,-9.6226304],[-35.756075,-9.6225542],[-35.7561313,-9.6225141],[-35.7562421,-9.622437],[-35.7563168,-9.6223929],[-35.7565246,-9.6222621],[-35.7566366,-9.6222118],[-35.7567374,-9.6221631],[-35.7569879,-9.6220526],[-35.7571302,-9.62198],[-35.7572361,-9.6219318],[-35.7573794,-9.62188],[-35.7574912,-9.6218558],[-35.7578793,-9.6217327],[-35.7581685,-9.6216247],[-35.7584638,-9.6215257],[-35.7586448,-9.621458],[-35.7588227,-9.6213951],[-35.7589599,-9.6213537],[-35.7591665,-9.6212864],[-35.7593816,-9.6212173],[-35.7595946,-9.6211466],[-35.7599787,-9.6210132],[-35.7601066,-9.6209592],[-35.76032,-9.6208953],[-35.760436,-9.6208581],[-35.7606704,-9.620777],[-35.7608381,-9.6207306],[-35.7609438,-9.6207078],[-35.7613454,-9.6206016],[-35.76161,-9.6205095],[-35.7616959,-9.6204842],[-35.7618843,-9.6204156],[-35.7624095,-9.6202347],[-35.7626456,-9.6201495],[-35.7631189,-9.6198355],[-35.7630991,-9.6198074],[-35.7630769,-9.6197651],[-35.7630548,-9.6197246],[-35.7630353,-9.6196832],[-35.7630177,-9.61964],[-35.7629991,-9.6195968],[-35.7629724,-9.6195563],[-35.7629466,-9.6195177],[-35.7629153,-9.61948],[-35.762885,-9.6194432],[-35.7628637,-9.6194018],[-35.7628406,-9.619355],[-35.7628229,-9.6193109],[-35.7627997,-9.6192623],[-35.7627739,-9.6192227],[-35.7627608,-9.6191759],[-35.7627595,-9.6191307],[-35.7626975,-9.6190029],[-35.7622948,-9.6182107],[-35.7623412,-9.6181827],[-35.7623847,-9.6181597],[-35.7624266,-9.6181436],[-35.7624792,-9.6181319],[-35.7625275,-9.6181342],[-35.762574,-9.6181456],[-35.7626188,-9.6181642],[-35.762659,-9.6181874],[-35.7626948,-9.6182178],[-35.7627215,-9.61826],[-35.7627446,-9.6183023],[-35.762765,-9.6183437],[-35.7627917,-9.6183851],[-35.7628193,-9.6184219],[-35.762852,-9.6184504],[-35.7628936,-9.6184845],[-35.762941,-9.6184923],[-35.762991,-9.6184892],[-35.7630857,-9.6184848],[-35.7631259,-9.6184703],[-35.763182,-9.6184596],[-35.7632972,-9.6184072],[-35.763347,-9.6183779],[-35.7633805,-9.6183467],[-35.763419,-9.6183085],[-35.7634564,-9.6182831],[-35.7635397,-9.6182483],[-35.7635961,-9.6182196],[-35.7636866,-9.6181897],[-35.763735,-9.6181788],[-35.7638058,-9.6181493],[-35.7638491,-9.6181531],[-35.7638977,-9.6181503],[-35.7639458,-9.6181301],[-35.7639877,-9.6181141],[-35.764033,-9.6180987],[-35.7640812,-9.6180842],[-35.7641311,-9.6180789],[-35.7641695,-9.6180569],[-35.7642155,-9.6180385],[-35.7642604,-9.6180267],[-35.7643109,-9.6180215],[-35.7643583,-9.618031],[-35.764408,-9.618021],[-35.7644514,-9.6180098],[-35.7644946,-9.6179911],[-35.7645445,-9.6179771],[-35.7645862,-9.617956],[-35.7646289,-9.6179385],[-35.7646718,-9.6179544],[-35.7647174,-9.6179685],[-35.764762,-9.6179591],[-35.7647997,-9.6179405],[-35.7648481,-9.6179196],[-35.7648807,-9.6178895],[-35.7649077,-9.6178522],[-35.7649494,-9.6178338],[-35.7649958,-9.6178271],[-35.7651207,-9.6177421],[-35.7652376,-9.6176689],[-35.7652784,-9.6176478],[-35.7653337,-9.617623],[-35.765382,-9.6176307],[-35.7654256,-9.6176123],[-35.7654698,-9.6175901],[-35.765508,-9.6175665],[-35.7655479,-9.6175436],[-35.7655933,-9.6175333],[-35.7656327,-9.6175225],[-35.7656824,-9.61751],[-35.7660422,-9.6173137],[-35.7660793,-9.6172845],[-35.7661256,-9.6172688],[-35.7661664,-9.617245],[-35.7662026,-9.6172176],[-35.766236,-9.6171866],[-35.7662703,-9.6171529],[-35.7663408,-9.6170954],[-35.7663894,-9.6170154],[-35.7664199,-9.6169766],[-35.7664524,-9.6169328],[-35.766484,-9.6168991],[-35.7665289,-9.6168183],[-35.7665595,-9.6167829],[-35.7665727,-9.6167568],[-35.7666124,-9.616684],[-35.766642,-9.6166205],[-35.7666671,-9.6165787],[-35.7666803,-9.6165384],[-35.7666983,-9.6164926],[-35.7667314,-9.6164724],[-35.7667753,-9.6164504],[-35.7668144,-9.6164441],[-35.7668602,-9.6164274],[-35.7669043,-9.6164035],[-35.7669505,-9.616384],[-35.7670486,-9.6163579],[-35.7670553,-9.6162928],[-35.7670843,-9.6162655],[-35.7671227,-9.6162524],[-35.7671723,-9.6162323],[-35.7672168,-9.6162147],[-35.7672937,-9.6161644],[-35.7673253,-9.6161307],[-35.7673541,-9.6160889],[-35.767383,-9.6160535],[-35.7674884,-9.6159934],[-35.7675399,-9.6159799],[-35.7675852,-9.6159615],[-35.7676223,-9.615935],[-35.7676533,-9.6159152],[-35.7676947,-9.6158784],[-35.7677258,-9.6158479],[-35.7677611,-9.6158215],[-35.767783,-9.6157891],[-35.7678148,-9.615748],[-35.7678484,-9.6157142],[-35.7678823,-9.6156915],[-35.7680121,-9.6156202],[-35.7680505,-9.6156127],[-35.7681039,-9.6155969],[-35.7681484,-9.6155857],[-35.7681883,-9.6155628],[-35.7682272,-9.6155381],[-35.768268,-9.6155088],[-35.7682986,-9.6154742],[-35.7683339,-9.6154451],[-35.7684128,-9.6154101],[-35.7684654,-9.6153862],[-35.7685171,-9.6153578],[-35.7686257,-9.6152765],[-35.7686691,-9.6152146],[-35.7686967,-9.6151702],[-35.7687311,-9.6151383],[-35.7687644,-9.6151001],[-35.7687887,-9.6150601],[-35.7688103,-9.6150335],[-35.7688482,-9.6149901],[-35.7689101,-9.6149268],[-35.7689451,-9.6149027],[-35.7689865,-9.6148661],[-35.7690245,-9.6148405],[-35.7690584,-9.6148149],[-35.7690969,-9.6147848],[-35.769229,-9.6147068],[-35.7692618,-9.6146859],[-35.7692989,-9.6146594],[-35.7693332,-9.6146257],[-35.7693712,-9.6145992],[-35.7694129,-9.6145785],[-35.7694511,-9.6145435],[-35.7694971,-9.614516],[-35.7695425,-9.614503],[-35.7696338,-9.614463],[-35.7696731,-9.6144414],[-35.7697111,-9.6144247],[-35.7697574,-9.6143956],[-35.769789,-9.6143816],[-35.7698386,-9.6143638],[-35.7698891,-9.6143629],[-35.7699837,-9.6143477],[-35.7700319,-9.6143446],[-35.7700764,-9.6143343],[-35.770171,-9.6143227],[-35.7702109,-9.6143025],[-35.7702554,-9.6142895],[-35.7702918,-9.6142737],[-35.770337,-9.6142595],[-35.7704306,-9.6142275],[-35.7704708,-9.61422],[-35.7705216,-9.6142223],[-35.7705652,-9.6142066],[-35.7706857,-9.6141525],[-35.77073,-9.614134],[-35.7707775,-9.6141172],[-35.770826,-9.6140355],[-35.7708673,-9.6140202],[-35.770914,-9.6139951],[-35.7709595,-9.6140001],[-35.7710306,-9.6139537],[-35.7710622,-9.6139293],[-35.771099,-9.613903],[-35.7711497,-9.6138766],[-35.7712238,-9.6138332],[-35.7712684,-9.6138043],[-35.7713121,-9.6138031],[-35.7713583,-9.6137837],[-35.7714019,-9.6137689],[-35.7714436,-9.6137478],[-35.7714835,-9.613724],[-35.7715525,-9.6137008],[-35.7716414,-9.6136676],[-35.7716931,-9.613624],[-35.7717526,-9.6135655],[-35.7717848,-9.6135029],[-35.7718037,-9.6134456],[-35.7718075,-9.6133844],[-35.7717935,-9.6132047],[-35.7717657,-9.6130541],[-35.7717488,-9.6129928],[-35.7717391,-9.6129425],[-35.7717196,-9.6128701],[-35.7716953,-9.6127989],[-35.7716719,-9.6127378],[-35.7716328,-9.6126771],[-35.7715782,-9.6126129],[-35.7715278,-9.612569],[-35.7714773,-9.6125206],[-35.7714132,-9.6124696],[-35.7713186,-9.612384],[-35.7712526,-9.6123209],[-35.7711573,-9.6122395],[-35.7711015,-9.6122047],[-35.7710337,-9.6121592],[-35.7709319,-9.6120588],[-35.7707268,-9.6118444],[-35.7706747,-9.6117808],[-35.7706288,-9.6117342],[-35.7705901,-9.6116821],[-35.770547,-9.6116381],[-35.7705001,-9.6115857],[-35.7704964,-9.6115829],[-35.7703951,-9.6115052],[-35.7703269,-9.611472],[-35.7702524,-9.6114598],[-35.7701869,-9.611463],[-35.7701169,-9.6114735],[-35.7700643,-9.6114984],[-35.7699937,-9.6115274],[-35.7699206,-9.6115221],[-35.7698459,-9.61151],[-35.7697785,-9.6115079],[-35.7695737,-9.6115113],[-35.7694443,-9.6115186],[-35.7693716,-9.6115157],[-35.7693105,-9.611499],[-35.769252,-9.6114778],[-35.769199,-9.6114502],[-35.7691296,-9.6114182],[-35.7690556,-9.6113836],[-35.7690085,-9.6113099],[-35.7689799,-9.611255],[-35.7689377,-9.6112192],[-35.7688868,-9.6111803],[-35.7688415,-9.6111343],[-35.7688348,-9.6111089],[-35.7688456,-9.6110889],[-35.7688637,-9.6110817],[-35.7689184,-9.6110856],[-35.7689713,-9.6111042],[-35.7690343,-9.6111226],[-35.7691045,-9.6111392],[-35.7691874,-9.6111404],[-35.7692447,-9.6111309],[-35.7693111,-9.6111294],[-35.7694491,-9.6110919],[-35.7696297,-9.6110158],[-35.7696922,-9.6109674],[-35.7697481,-9.6109073],[-35.7697997,-9.6108662],[-35.769842,-9.6108108],[-35.7698752,-9.6107554],[-35.7699047,-9.6106892],[-35.7699307,-9.6106411],[-35.7699567,-9.6105804],[-35.7699172,-9.6105437],[-35.7699585,-9.6104711],[-35.7699937,-9.6104292],[-35.7700619,-9.6104223],[-35.7701194,-9.6104381],[-35.770177,-9.6104711],[-35.7702464,-9.6104958],[-35.7703075,-9.6105024],[-35.7705013,-9.610501],[-35.7705687,-9.6105041],[-35.7706417,-9.6105189],[-35.770701,-9.6105296],[-35.7707684,-9.6105468],[-35.7708389,-9.6105621],[-35.7709089,-9.6105746],[-35.7710665,-9.6105914],[-35.7711312,-9.6105999],[-35.7712104,-9.6106056],[-35.7713352,-9.6106055],[-35.7713979,-9.6105977],[-35.7714303,-9.6105478],[-35.7714371,-9.6104926],[-35.7714111,-9.6104341],[-35.7713419,-9.610319],[-35.7713005,-9.6102633],[-35.7712049,-9.6101485],[-35.771159,-9.6100982],[-35.7711167,-9.6100444],[-35.7710671,-9.6099951],[-35.7709114,-9.6097695],[-35.7708728,-9.6097247],[-35.7708341,-9.6096699],[-35.7707441,-9.6095676],[-35.7706972,-9.6095183],[-35.7706166,-9.6094247],[-35.770576,-9.6093828],[-35.7705328,-9.6093326],[-35.7704934,-9.6092957],[-35.7704282,-9.6092386],[-35.7703778,-9.6091974],[-35.770256,-9.6090935],[-35.770135,-9.6090025],[-35.7700973,-9.6089672],[-35.7700928,-9.6089629],[-35.7700449,-9.6088983],[-35.7699766,-9.6087769],[-35.7699422,-9.6087097],[-35.7698491,-9.6085457],[-35.7698147,-9.6084794],[-35.7697411,-9.6083632],[-35.7697202,-9.6083084],[-35.7696934,-9.6082501],[-35.7696805,-9.6081983],[-35.7696517,-9.6081338],[-35.7696295,-9.6080509],[-35.7695484,-9.6077377],[-35.769517,-9.6076761],[-35.769483,-9.6076343],[-35.7694651,-9.6075712],[-35.7694706,-9.6075169],[-35.7694715,-9.6074519],[-35.7694636,-9.6073851],[-35.7694647,-9.6073246],[-35.7694616,-9.6072505],[-35.7694629,-9.6071791],[-35.7694564,-9.6070599],[-35.7694651,-9.6070036],[-35.7694758,-9.6069473],[-35.7694832,-9.6068781],[-35.7694791,-9.6067061],[-35.7694752,-9.6066403],[-35.769466,-9.6064491],[-35.7694764,-9.6063858],[-35.7694994,-9.6062934],[-35.7695315,-9.6062119],[-35.7695438,-9.6061558],[-35.769556,-9.6060996],[-35.7695808,-9.6060145],[-35.7696132,-9.6059628],[-35.7696389,-9.6059116],[-35.7696769,-9.6058448],[-35.7697246,-9.605783],[-35.769787,-9.605731],[-35.7698158,-9.6056856],[-35.7698403,-9.6055643],[-35.76986,-9.6055116],[-35.7698979,-9.6054708],[-35.7699383,-9.6054208],[-35.7699734,-9.605369],[-35.7700221,-9.6053126],[-35.7700733,-9.6052568],[-35.7701123,-9.6052107],[-35.770218,-9.6051059],[-35.7702648,-9.6050441],[-35.770335,-9.6049388],[-35.7703965,-9.604894],[-35.7704566,-9.6048588],[-35.7705033,-9.6048209],[-35.7705615,-9.6048078],[-35.7706367,-9.6047692],[-35.7706398,-9.6047679],[-35.7706444,-9.604766],[-35.7707102,-9.6047379],[-35.7708979,-9.6046406],[-35.7709558,-9.604604],[-35.7709994,-9.6045732],[-35.7710727,-9.6045371],[-35.7711435,-9.6045104],[-35.7713294,-9.6044431],[-35.7713976,-9.6044099],[-35.771425,-9.6043562],[-35.7714413,-9.6042966],[-35.771481,-9.604252],[-35.7715006,-9.6042012],[-35.7715046,-9.6041343],[-35.771494,-9.6040685],[-35.7717696,-9.6036646],[-35.7720035,-9.6033215],[-35.7720158,-9.6033036],[-35.772061,-9.6033648],[-35.7720975,-9.6033824],[-35.7721441,-9.6034055],[-35.7722287,-9.6034501],[-35.7723102,-9.6034929],[-35.772337,-9.6035106],[-35.7723746,-9.6035383],[-35.7724496,-9.6035892],[-35.7725245,-9.6036395],[-35.7726002,-9.6036914],[-35.7726331,-9.6037209],[-35.7726671,-9.603752],[-35.7727115,-9.6037719],[-35.7727708,-9.6037872],[-35.7728949,-9.6038246],[-35.772925,-9.6038337],[-35.7735292,-9.604016],[-35.7740406,-9.6042206],[-35.774164,-9.6042802],[-35.7751785,-9.60476],[-35.7751787,-9.6047978],[-35.7751592,-9.6048631],[-35.7751369,-9.6049129],[-35.7750643,-9.6049469],[-35.7750191,-9.6049861],[-35.7749894,-9.6050234],[-35.7749599,-9.6050987],[-35.7749586,-9.6051565],[-35.7749819,-9.6052295],[-35.7749769,-9.605281],[-35.7749901,-9.6053324],[-35.7749759,-9.6053804],[-35.7749462,-9.6054285],[-35.7749018,-9.6054524],[-35.7748584,-9.6054889],[-35.7748743,-9.6055411],[-35.7749041,-9.6056195],[-35.7749173,-9.60567],[-35.77492,-9.6056763],[-35.7749322,-9.605715],[-35.7749417,-9.6057683],[-35.7749397,-9.605855],[-35.77492,-9.6058994],[-35.7748629,-9.6059297],[-35.774815,-9.6059644],[-35.7747709,-9.6060335],[-35.7748276,-9.6060673],[-35.7748571,-9.6061105],[-35.7748595,-9.6061737],[-35.7748454,-9.6062325],[-35.7747937,-9.6062546],[-35.7747776,-9.6062981],[-35.7747766,-9.6063975],[-35.7747844,-9.6064616],[-35.7748049,-9.6065102],[-35.7748171,-9.6065598],[-35.7748331,-9.6066302],[-35.7748485,-9.6067267],[-35.7748528,-9.6068098],[-35.7748369,-9.6068704],[-35.7748292,-9.6069328],[-35.7748677,-9.6069614],[-35.7748873,-9.6070155],[-35.7749025,-9.607094],[-35.7748912,-9.6071682],[-35.7748862,-9.6072143],[-35.7748868,-9.6072874],[-35.7748872,-9.6073398],[-35.7748903,-9.6073877],[-35.7749066,-9.6074833],[-35.7749172,-9.6075619],[-35.7749405,-9.6076321],[-35.7749847,-9.6076923],[-35.7749853,-9.6077565],[-35.7749647,-9.6078045],[-35.7749669,-9.607856],[-35.7749646,-9.6079039],[-35.7749641,-9.6079581],[-35.7749519,-9.6080224],[-35.7749322,-9.6080641],[-35.7749181,-9.6081121],[-35.7749124,-9.6081943],[-35.7749383,-9.6082519],[-35.7749951,-9.6082903],[-35.7750065,-9.6083508],[-35.774958,-9.6084343],[-35.7749212,-9.6084924],[-35.7749751,-9.6085263],[-35.7750182,-9.6085639],[-35.7750625,-9.6086295],[-35.7750684,-9.6086846],[-35.7750644,-9.6087605],[-35.7750622,-9.6088201],[-35.7750972,-9.608865],[-35.7751157,-9.6089092],[-35.7751189,-9.6089651],[-35.7751671,-9.6089575],[-35.7752283,-9.6089796],[-35.7752703,-9.6090001],[-35.7753463,-9.6090464],[-35.7753972,-9.6090442],[-35.7754629,-9.60906],[-35.7755188,-9.6091038],[-35.7755645,-9.6091323],[-35.7756366,-9.6091489],[-35.7756967,-9.6091502],[-35.775766,-9.6091659],[-35.7758154,-9.609189],[-35.7758039,-9.6092415],[-35.7757998,-9.6092967],[-35.7758303,-9.6093416],[-35.775866,-9.6093729],[-35.7759046,-9.6094223],[-35.775946,-9.6094681],[-35.7759909,-9.609502],[-35.7760339,-9.6095306],[-35.7760759,-9.609551],[-35.7761262,-9.6095805],[-35.7761594,-9.6096217],[-35.776197,-9.6096612],[-35.7762057,-9.6097235],[-35.7762443,-9.6097701],[-35.7762957,-9.609823],[-35.776348,-9.6098678],[-35.7763956,-9.6099017],[-35.7764504,-9.6099284],[-35.7765073,-9.6099785],[-35.7765549,-9.6100152],[-35.776605,-9.6100166],[-35.776621,-9.6099677],[-35.7766782,-9.6099537],[-35.7767337,-9.6099415],[-35.7766879,-9.6099129],[-35.7765978,-9.6099082],[-35.7765548,-9.6098824],[-35.7765289,-9.6098401],[-35.7765331,-9.6097886],[-35.7765792,-9.6097512],[-35.7766162,-9.6097129],[-35.7766303,-9.6096613],[-35.7766711,-9.6096339],[-35.7767347,-9.6096271],[-35.7767026,-9.6095948],[-35.7766901,-9.6095163],[-35.7767006,-9.6094566],[-35.7766684,-9.6094207],[-35.7766807,-9.6093574],[-35.7766684,-9.6093114],[-35.7766606,-9.6092392],[-35.7766757,-9.6091948],[-35.7766789,-9.6091387],[-35.7766928,-9.6090645],[-35.7766969,-9.6090058],[-35.7767102,-9.6089605],[-35.7767242,-9.6088953],[-35.7767186,-9.6088701],[-35.7767518,-9.608821],[-35.7768053,-9.6087926],[-35.7768835,-9.6087838],[-35.7769104,-9.608733],[-35.7769346,-9.6086858],[-35.7769735,-9.6086512],[-35.7770187,-9.6086183],[-35.7770584,-9.6085755],[-35.7770964,-9.6085427],[-35.7771518,-9.6085197],[-35.7771852,-9.608486],[-35.7771367,-9.6084566],[-35.777171,-9.6084219],[-35.7772266,-9.608436],[-35.7772746,-9.6083985],[-35.7773014,-9.6084444],[-35.777348,-9.6084684],[-35.7774026,-9.6084707],[-35.7774491,-9.6084712],[-35.7775098,-9.6084454],[-35.7775304,-9.6083938],[-35.7775838,-9.608359],[-35.7776456,-9.6083522],[-35.7776964,-9.6083211],[-35.7777233,-9.6082748],[-35.7777649,-9.6082473],[-35.7778075,-9.6082208],[-35.7778424,-9.6082512],[-35.7778645,-9.6082917],[-35.7778849,-9.6083358],[-35.7779091,-9.6083943],[-35.7779287,-9.6084592],[-35.7779528,-9.6085114],[-35.7779742,-9.6085655],[-35.7779795,-9.6086531],[-35.7780162,-9.6086925],[-35.7780746,-9.6087056],[-35.7781167,-9.6087351],[-35.7781681,-9.6087916],[-35.7782058,-9.6088383],[-35.7782054,-9.6088979],[-35.7782149,-9.6089475],[-35.7782235,-9.6089935],[-35.7782029,-9.6090434],[-35.778187,-9.6090968],[-35.7781757,-9.6091565],[-35.7781979,-9.6092042],[-35.7781956,-9.6092539],[-35.7781861,-9.6093182],[-35.7781929,-9.6093786],[-35.7781906,-9.6094311],[-35.7781866,-9.6094889],[-35.7781687,-9.609536],[-35.7781527,-9.6095777],[-35.7781132,-9.6096422],[-35.7781018,-9.6096974],[-35.7781332,-9.6097568],[-35.7781808,-9.6097862],[-35.7781549,-9.6097349],[-35.7781499,-9.6096862],[-35.7781777,-9.6096245],[-35.7782281,-9.60956],[-35.7782808,-9.6095496],[-35.7783391,-9.60955],[-35.7784013,-9.6095938],[-35.7784499,-9.6096359],[-35.7785175,-9.6096543],[-35.7785481,-9.6096197],[-35.7786347,-9.6096353],[-35.7787049,-9.6096456],[-35.7787688,-9.6096694],[-35.7787866,-9.6097298],[-35.778767,-9.6097743],[-35.7787309,-9.6098188],[-35.7786658,-9.6098717],[-35.7786153,-9.6099246],[-35.7786066,-9.6099761],[-35.7786106,-9.6100285],[-35.7786074,-9.6100809],[-35.7785814,-9.6101272],[-35.7785462,-9.6101591],[-35.7785055,-9.6101929],[-35.7784987,-9.610258],[-35.7784572,-9.6103044],[-35.7784055,-9.6103301],[-35.7783602,-9.6103521],[-35.7783388,-9.6104038],[-35.7783182,-9.6104446],[-35.7782867,-9.6104955],[-35.7782379,-9.6105374],[-35.7781981,-9.6105676],[-35.7781601,-9.6106022],[-35.7781103,-9.6106351],[-35.778068,-9.6106852],[-35.7780329,-9.6107451],[-35.7780041,-9.6107805],[-35.777948,-9.6108271],[-35.7779029,-9.6108744],[-35.7778522,-9.6109119],[-35.7778189,-9.6109573],[-35.7777883,-9.6109982],[-35.7777452,-9.6110735],[-35.777691,-9.6111173],[-35.7776558,-9.6111583],[-35.7776187,-9.611192],[-35.7775744,-9.6112231],[-35.77754,-9.6112541],[-35.7774921,-9.6112933],[-35.7774325,-9.6113471],[-35.7773954,-9.6113727],[-35.7773194,-9.6114356],[-35.7772724,-9.6114794],[-35.7772301,-9.6115312],[-35.7771948,-9.6115595],[-35.7771707,-9.6116157],[-35.7771529,-9.6116665],[-35.7771259,-9.6117046],[-35.7770689,-9.6117539],[-35.7770139,-9.6118148],[-35.7769626,-9.6118848],[-35.776933,-9.6119411],[-35.7769007,-9.6120073],[-35.7768429,-9.612061],[-35.7767986,-9.612093],[-35.7767471,-9.6121431],[-35.7767047,-9.6121968],[-35.7766642,-9.6122522],[-35.7766253,-9.612285],[-35.7765883,-9.6123233],[-35.7765495,-9.612357],[-35.7765207,-9.6124006],[-35.7764757,-9.6124606],[-35.7764433,-9.612507],[-35.7763899,-9.6125526],[-35.7763557,-9.6126016],[-35.7763097,-9.6126553],[-35.7762765,-9.6127107],[-35.7762369,-9.6127616],[-35.7762071,-9.6127998],[-35.77616,-9.6128236],[-35.7761175,-9.6128628],[-35.7760624,-9.612913],[-35.7760236,-9.6129566],[-35.7759702,-9.6129923],[-35.7759203,-9.6130198],[-35.7758769,-9.6130455],[-35.7758289,-9.6130838],[-35.7757635,-9.6131051],[-35.7757238,-9.6131425],[-35.7756977,-9.6131815],[-35.7756561,-9.6132126],[-35.7756045,-9.6132509],[-35.7755748,-9.6132864],[-35.775535,-9.6133238],[-35.7754807,-9.6133649],[-35.7754311,-9.6134195],[-35.7753906,-9.6134767],[-35.7753592,-9.613533],[-35.7753341,-9.6135774],[-35.7752964,-9.6136446],[-35.775305,-9.6136951],[-35.7752789,-9.6137378],[-35.7752181,-9.6137564],[-35.7751648,-9.6138101],[-35.7751315,-9.6138555],[-35.7751056,-9.6139136],[-35.775075,-9.613959],[-35.7750297,-9.6139919],[-35.7749689,-9.6140095],[-35.7749243,-9.614018],[-35.7748689,-9.6140302],[-35.7747827,-9.614058],[-35.7747364,-9.614081],[-35.774683,-9.6141139],[-35.7746306,-9.614164],[-35.7745899,-9.6141969],[-35.7745401,-9.6142334],[-35.7744767,-9.6142674],[-35.7744405,-9.6142975],[-35.7743972,-9.6143421],[-35.7743601,-9.6143749],[-35.7742957,-9.6144061],[-35.7742332,-9.614441],[-35.7741798,-9.6144811],[-35.7741347,-9.6145312],[-35.7740877,-9.6145731],[-35.7740452,-9.6146132],[-35.7739937,-9.6146552],[-35.7739512,-9.6146962],[-35.7739387,-9.6147189],[-35.7739378,-9.6147198],[-35.7739026,-9.6147671],[-35.7738674,-9.6147999],[-35.7738377,-9.6148353],[-35.7738052,-9.6148717],[-35.7737616,-9.6148838],[-35.7737236,-9.6149112],[-35.7736855,-9.6149378],[-35.7736475,-9.6149625],[-35.7736104,-9.614988],[-35.7735678,-9.6150128],[-35.7735316,-9.6150402],[-35.7735055,-9.6150774],[-35.7734638,-9.6151004],[-35.773423,-9.6151224],[-35.7733988,-9.6151623],[-35.7733562,-9.6151816],[-35.7733154,-9.6152027],[-35.7732764,-9.6152274],[-35.7732366,-9.6152522],[-35.7731958,-9.6152733],[-35.773155,-9.6153016],[-35.7731188,-9.6153299],[-35.7730882,-9.6153645],[-35.7730566,-9.6153972],[-35.7730259,-9.6154327],[-35.7729962,-9.6154682],[-35.7729563,-9.6154974],[-35.7729156,-9.6155194],[-35.7728766,-9.615546],[-35.7728414,-9.6155752],[-35.7728034,-9.6156071],[-35.77277,-9.615639],[-35.7727356,-9.6156691],[-35.772704,-9.6157018],[-35.772666,-9.6157265],[-35.7726205,-9.6157359],[-35.772577,-9.6157535],[-35.7725399,-9.6157836],[-35.7724982,-9.615802],[-35.7724518,-9.6158114],[-35.7724147,-9.6158379],[-35.7723859,-9.6158733],[-35.7723414,-9.6158927],[-35.772295,-9.6158985],[-35.7722496,-9.6159088],[-35.7722143,-9.615938],[-35.7721837,-9.6159743],[-35.7721539,-9.6160089],[-35.7721205,-9.6160417],[-35.7720724,-9.6160593],[-35.7720262,-9.6160822],[-35.772001,-9.6161258],[-35.7719602,-9.6161487],[-35.7719138,-9.6161437],[-35.7718657,-9.6161621],[-35.7718192,-9.6161562],[-35.7717756,-9.6161746],[-35.7717349,-9.6161975],[-35.7716959,-9.6162213],[-35.7716744,-9.6162612],[-35.7716308,-9.6162769],[-35.7715854,-9.6162863],[-35.7715473,-9.6163119],[-35.7715477,-9.6163598],[-35.7715363,-9.6164051],[-35.7714881,-9.6164145],[-35.7714389,-9.6164167],[-35.7713908,-9.6164261],[-35.7713453,-9.6164373],[-35.7712999,-9.6164494],[-35.7712665,-9.6164831],[-35.7712174,-9.6164898],[-35.7711719,-9.6164866],[-35.77112,-9.6164879],[-35.7710708,-9.6164883],[-35.7710244,-9.6164851],[-35.7709789,-9.6164872],[-35.7709324,-9.6164813],[-35.770886,-9.6164853],[-35.7708396,-9.616492],[-35.7707932,-9.6164932],[-35.7707496,-9.6165053],[-35.7707051,-9.6165183],[-35.7706606,-9.6165341],[-35.7706198,-9.6165543],[-35.770579,-9.6165772],[-35.7705308,-9.6165803],[-35.7704909,-9.6166032],[-35.7704455,-9.6166081],[-35.770401,-9.6166256],[-35.7703556,-9.6166395],[-35.7703101,-9.6166462],[-35.7702656,-9.6166574],[-35.7702248,-9.6166785],[-35.7701803,-9.616687],[-35.7701603,-9.6166935],[-35.7701449,-9.6167044],[-35.7700877,-9.6167239],[-35.7700544,-9.6167639],[-35.7700135,-9.6167796],[-35.7700081,-9.6167823],[-35.7699999,-9.6167869],[-35.7699827,-9.6167997],[-35.7699619,-9.6168152],[-35.7699331,-9.6168516],[-35.7699006,-9.6168844],[-35.769868,-9.6169154],[-35.7698493,-9.6169607],[-35.7698287,-9.6170051],[-35.7697944,-9.6170379],[-35.769772,-9.6170824],[-35.7697487,-9.6171232],[-35.769729,-9.6171649],[-35.769702,-9.6172031],[-35.7696823,-9.6172448],[-35.7696406,-9.6172659],[-35.7695971,-9.6172907],[-35.7695581,-9.6173172],[-35.7695275,-9.6173536],[-35.7694858,-9.6173738],[-35.7694515,-9.6174066],[-35.7694199,-9.6174421],[-35.7693736,-9.617456],[-35.7693235,-9.6174636],[-35.7692745,-9.617483],[-35.769242,-9.6175149],[-35.7692123,-9.6175512],[-35.7691659,-9.6175552],[-35.7691279,-9.6175826],[-35.7690853,-9.6176056],[-35.7690473,-9.6176339],[-35.769023,-9.6176756],[-35.7690024,-9.6177165],[-35.7689855,-9.6177645],[-35.7689548,-9.6177991],[-35.7689094,-9.6178103],[-35.7688732,-9.6178386],[-35.7688297,-9.6178633],[-35.7688027,-9.6179024],[-35.7687812,-9.6179432],[-35.7687543,-9.617985],[-35.7687455,-9.6180302],[-35.768725,-9.6180765],[-35.7686952,-9.6181128],[-35.7686636,-9.6181456],[-35.7686238,-9.6181721],[-35.7685848,-9.6181959],[-35.7685404,-9.6182234],[-35.7684997,-9.6182472],[-35.7684533,-9.6182566],[-35.7684125,-9.6182786],[-35.7683671,-9.6182889],[-35.7683254,-9.6183082],[-35.7682901,-9.6183429],[-35.7682732,-9.6183855],[-35.7682306,-9.6184048],[-35.7682017,-9.6184438],[-35.7681808,-9.6184404],[-35.7681653,-9.6184378],[-35.768137,-9.6184326],[-35.7680926,-9.6184547],[-35.7680601,-9.6184893],[-35.7680148,-9.6185122],[-35.7679712,-9.6185288],[-35.7679295,-9.6185508],[-35.7678933,-9.6185791],[-35.7678572,-9.6186119],[-35.7678228,-9.6186447],[-35.7677857,-9.618674],[-35.7677468,-9.6186987],[-35.767706,-9.6187225],[-35.7676836,-9.6187633],[-35.7676381,-9.6187664],[-35.7675927,-9.6187776],[-35.7675473,-9.6187969],[-35.7675102,-9.6188261],[-35.7674621,-9.6188419],[-35.7674159,-9.6188648],[-35.767376,-9.6188886],[-35.7673389,-9.6189142],[-35.7673128,-9.6189515],[-35.7672885,-9.6189932],[-35.7672707,-9.6190368],[-35.7672674,-9.6190829],[-35.7672523,-9.6191264],[-35.7672216,-9.61916],[-35.7671864,-9.6191919],[-35.7671456,-9.619213],[-35.7670992,-9.6192143],[-35.7670527,-9.6192129],[-35.7670016,-9.6191916],[-35.7669542,-9.619192],[-35.7669049,-9.6191752],[-35.7668585,-9.6191747],[-35.7668121,-9.6191814],[-35.7667657,-9.6191836],[-35.7667157,-9.6191894],[-35.7666731,-9.6192105],[-35.7666257,-9.6192136],[-35.7665896,-9.6192455],[-35.7665543,-9.6192738],[-35.7665107,-9.6192904],[-35.7664626,-9.6193034],[-35.76642,-9.6193273],[-35.7663747,-9.6193493],[-35.7663293,-9.6193714],[-35.7662941,-9.6194024],[-35.766268,-9.6194405],[-35.7662309,-9.619467],[-35.7661966,-9.6195016],[-35.7661741,-9.6195406],[-35.7661544,-9.6195824],[-35.7661366,-9.6196286],[-35.7661132,-9.6196685],[-35.7661036,-9.6197147],[-35.7660702,-9.6197475],[-35.7660331,-9.6197758],[-35.7660116,-9.6198166],[-35.7659946,-9.6198592],[-35.7659621,-9.6198929],[-35.7659213,-9.6199149],[-35.7658769,-9.6199315],[-35.7658333,-9.6199508],[-35.7657898,-9.6199684],[-35.7657442,-9.6199651],[-35.7657117,-9.6199988],[-35.7656765,-9.620028],[-35.7656394,-9.6200563],[-35.7656023,-9.6200846],[-35.7655789,-9.6201254],[-35.7655354,-9.6201502],[-35.765502,-9.620183],[-35.7654823,-9.6202265],[-35.7654626,-9.6202682],[-35.7654284,-9.6203055],[-35.7653904,-9.6203348],[-35.7653468,-9.6203577],[-35.7653014,-9.620368],[-35.7652541,-9.6203684],[-35.7652206,-9.6203994],[-35.7651936,-9.6204357],[-35.765184,-9.620481],[-35.7651506,-9.6205138],[-35.7651107,-9.6205385],[-35.7650883,-9.620582],[-35.7650484,-9.6206067],[-35.7650132,-9.6206377],[-35.7649752,-9.6206651],[-35.7649362,-9.6206917],[-35.7649239,-9.6207369],[-35.7648794,-9.6207599],[-35.7648442,-9.6207891],[-35.7648236,-9.6208344],[-35.7647819,-9.6208537],[-35.7647375,-9.6208766],[-35.7646977,-9.6209131],[-35.7646606,-9.6209405],[-35.7646244,-9.6209688],[-35.7645818,-9.6209872],[-35.7645465,-9.6210191],[-35.7645067,-9.6210474],[-35.7644797,-9.6210856],[-35.7644536,-9.6211229],[-35.7644184,-9.6211557],[-35.7643822,-9.621184],[-35.7643423,-9.6212123],[-35.7642978,-9.6212262],[-35.7642515,-9.621232],[-35.764206,-9.621245],[-35.7641595,-9.6212336],[-35.7641076,-9.621234],[-35.7640622,-9.6212425],[-35.7640177,-9.6212574],[-35.7639843,-9.6212956],[-35.7639389,-9.6213131],[-35.7638853,-9.6213171],[-35.763838,-9.6213238],[-35.7637871,-9.6213342],[-35.7637334,-9.6213446],[-35.7636889,-9.6213494],[-35.7636289,-9.6213626],[-35.7635679,-9.6213603],[-35.7635587,-9.6213568],[-35.7635051,-9.6213608],[-35.7634497,-9.6213784],[-35.7633942,-9.6213816],[-35.7633359,-9.6213794],[-35.7632757,-9.6213681],[-35.7632211,-9.6213685],[-35.7631951,-9.6214166],[-35.7631599,-9.621463],[-35.7631035,-9.621468],[-35.7630471,-9.6214711],[-35.762988,-9.6214725],[-35.7629324,-9.6214693],[-35.7628732,-9.6214725],[-35.7628168,-9.6214775],[-35.7627632,-9.6214887],[-35.7627058,-9.6214865],[-35.7626512,-9.6214797],[-35.7625948,-9.6214901],[-35.7625393,-9.6214914],[-35.7624838,-9.6215045],[-35.7624293,-9.6215185],[-35.7623746,-9.6215081],[-35.76232,-9.6215095],[-35.7622646,-9.6215271],[-35.7622138,-9.6215473],[-35.7621649,-9.6215739],[-35.7621074,-9.6215618],[-35.7620518,-9.6215477],[-35.7619926,-9.6215464],[-35.7619361,-9.6215487],[-35.7618779,-9.6215518],[-35.7618151,-9.6215514],[-35.7617597,-9.6215654],[-35.7617051,-9.6215731],[-35.761646,-9.6215871],[-35.7615897,-9.6215948],[-35.7615416,-9.6216205],[-35.7615129,-9.6216704],[-35.7614676,-9.6217033],[-35.761413,-9.6217037],[-35.7613584,-9.6217069],[-35.7613439,-9.6217072],[-35.761302,-9.6217082],[-35.7612474,-9.6217168],[-35.7611919,-9.62172],[-35.7611345,-9.621715],[-35.7610965,-9.6217147],[-35.7605324,-9.6219611],[-35.7598765,-9.6223295],[-35.7592482,-9.622741],[-35.7590428,-9.6228933],[-35.7590077,-9.6229232],[-35.7590032,-9.62294],[-35.7589945,-9.6229961],[-35.7589749,-9.6230477],[-35.7589398,-9.6230932],[-35.7589448,-9.6231492],[-35.7589653,-9.6232014],[-35.7589739,-9.6232546],[-35.758957,-9.6233081],[-35.7589145,-9.6233445],[-35.7589277,-9.6234014],[-35.7589236,-9.6234565],[-35.7588903,-9.6235019],[-35.7588478,-9.6235339],[-35.7588319,-9.6235991],[-35.7588122,-9.6236408],[-35.7587806,-9.6236745],[-35.7587637,-9.623718],[-35.7587413,-9.6237588],[-35.758717,-9.6237997],[-35.7586863,-9.6238333],[-35.7586557,-9.6238688],[-35.7586539,-9.6238761],[-35.7586432,-9.6239087],[-35.7586025,-9.6239307],[-35.7585552,-9.6239464],[-35.7585145,-9.6239784],[-35.7584719,-9.6239941],[-35.7584265,-9.6240089],[-35.7583801,-9.624012],[-35.7583355,-9.6240232],[-35.7582901,-9.6240371],[-35.7582466,-9.6240582],[-35.7582086,-9.6240901],[-35.7581725,-9.6241248],[-35.7581298,-9.6241423],[-35.7581056,-9.624184],[-35.7580905,-9.6242275],[-35.7580608,-9.6242702],[-35.7580191,-9.6242913],[-35.7580031,-9.6243375],[-35.7579861,-9.6243828],[-35.7579564,-9.6244237],[-35.757911,-9.6244295],[-35.7578635,-9.62442],[-35.7578116,-9.6244159],[-35.7577662,-9.6244307],[-35.7577337,-9.6244653],[-35.7576865,-9.6244801],[-35.7576373,-9.6244823],[-35.7575873,-9.6244863],[-35.7575512,-9.6245209],[-35.7575114,-9.6245529],[-35.7574761,-9.6245875],[-35.7574381,-9.6246131],[-35.7573983,-9.6246396],[-35.7573749,-9.6246714],[-35.7573433,-9.624715],[-35.7573092,-9.6247758],[-35.7572779,-9.624842],[-35.7572538,-9.6248928],[-35.7572277,-9.6249391],[-35.75719,-9.6250027],[-35.7571505,-9.6250698],[-35.7571321,-9.6250937],[-35.7570901,-9.625148],[-35.7570469,-9.6252116],[-35.756992,-9.6252906],[-35.7569344,-9.6253661],[-35.7568803,-9.6254325],[-35.7568198,-9.6254935],[-35.7567583,-9.6255491],[-35.756695,-9.6256011],[-35.756629,-9.6256477],[-35.7565573,-9.6256754],[-35.7565193,-9.6256944],[-35.756414,-9.625747],[-35.7562444,-9.6258306],[-35.756184,-9.6259024],[-35.7560855,-9.6259963],[-35.7559867,-9.6260459],[-35.7559105,-9.6260844],[-35.7558607,-9.626111],[-35.7557792,-9.6261677],[-35.7557339,-9.6261933],[-35.7556848,-9.6262082],[-35.755558,-9.6262878],[-35.7555108,-9.6263053],[-35.7554646,-9.6263292],[-35.755423,-9.6263612],[-35.7552836,-9.626468],[-35.7552373,-9.626481],[-35.7551781,-9.6264815],[-35.7550687,-9.6265691],[-35.7550399,-9.62661],[-35.7549959,-9.6266817],[-35.7549661,-9.6267208],[-35.7549337,-9.626759],[-35.754903,-9.626799],[-35.7548113,-9.626937],[-35.7547852,-9.6269761],[-35.7547555,-9.6270233],[-35.7547286,-9.6270696],[-35.7546615,-9.6272138],[-35.7546345,-9.6272565],[-35.7546075,-9.6272974],[-35.7545833,-9.6273373],[-35.7545609,-9.6273772],[-35.7544927,-9.6276199],[-35.7544858,-9.6276678],[-35.7544744,-9.6277194],[-35.754471,-9.6278613],[-35.7544623,-9.6279111],[-35.7544491,-9.6279627],[-35.7544431,-9.6280088],[-35.7544359,-9.6281344],[-35.7544372,-9.6281868],[-35.7544385,-9.6282356],[-35.7544526,-9.6282861],[-35.7544672,-9.6284025],[-35.7544676,-9.6284504],[-35.754468,-9.628501],[-35.7544693,-9.6285498],[-35.754471,-9.6286473],[-35.7544768,-9.6286925],[-35.7544918,-9.6287375],[-35.7545052,-9.6288205],[-35.7544999,-9.6288423],[-35.7544816,-9.6288697],[-35.7544351,-9.6289395],[-35.7543248,-9.6290298],[-35.754238,-9.6291046],[-35.7542048,-9.6291363],[-35.7541856,-9.6291547],[-35.7541821,-9.6291719],[-35.7541715,-9.6292162],[-35.7541509,-9.629257],[-35.754089,-9.6293623],[-35.7540665,-9.6294023],[-35.754034,-9.6294369],[-35.753893,-9.629447],[-35.7538429,-9.6294447],[-35.7537946,-9.6294379],[-35.7536705,-9.629409],[-35.7536213,-9.6294022],[-35.7535742,-9.6293149],[-35.7535312,-9.6292963],[-35.7534848,-9.6292895],[-35.7534483,-9.6292834],[-35.753432,-9.6292935],[-35.7534187,-9.6293388],[-35.7534225,-9.6293577],[-35.7534282,-9.6293911],[-35.7534295,-9.6294381],[-35.7534199,-9.6294824],[-35.7533985,-9.6295377],[-35.7533568,-9.6295633],[-35.7533113,-9.6295682],[-35.7532303,-9.629568],[-35.7532057,-9.6295691],[-35.7531829,-9.6295692],[-35.7531393,-9.6295795],[-35.7531013,-9.6296087],[-35.7531298,-9.6296438],[-35.7532117,-9.6296386],[-35.7532553,-9.6296211],[-35.7533007,-9.629609],[-35.753381,-9.6296318],[-35.7534258,-9.6296549],[-35.7534697,-9.6296817],[-35.7535776,-9.6297341],[-35.7536205,-9.6297528],[-35.7536563,-9.6297832],[-35.7537151,-9.629855],[-35.7537319,-9.6298982],[-35.7537295,-9.629948],[-35.7537338,-9.6300238],[-35.753756,-9.6300679],[-35.7537818,-9.6301075],[-35.7538317,-9.6301938],[-35.7538548,-9.6302343],[-35.7538751,-9.6302775],[-35.7539105,-9.6303684],[-35.7539227,-9.630418],[-35.7539276,-9.6304632],[-35.7539489,-9.6305046],[-35.7540041,-9.6305737],[-35.7540354,-9.6306114],[-35.7540521,-9.6306555],[-35.7540562,-9.6307088],[-35.754052,-9.6307549],[-35.7540497,-9.6308046],[-35.7540682,-9.6308478],[-35.7541058,-9.6308783],[-35.7541335,-9.6309187],[-35.7541466,-9.6309638],[-35.7541488,-9.6310107],[-35.7541329,-9.6310741],[-35.7541041,-9.6311132],[-35.7540442,-9.6311435],[-35.7539997,-9.6311529],[-35.7539524,-9.631155],[-35.753882,-9.631124],[-35.7538382,-9.6311045],[-35.7537898,-9.6310895],[-35.7537679,-9.6310888],[-35.7536843,-9.6311066],[-35.7536398,-9.6311142],[-35.7535943,-9.6311181],[-35.7535084,-9.6310782],[-35.7534681,-9.6310523],[-35.7534252,-9.6310382],[-35.7533287,-9.6310399],[-35.7532832,-9.6310411],[-35.7532359,-9.6310487],[-35.7531358,-9.631054],[-35.7530874,-9.6310418],[-35.7530589,-9.6310041],[-35.7529852,-9.6310119],[-35.7529519,-9.6310501],[-35.7529313,-9.6311009],[-35.7528961,-9.6311328],[-35.75287,-9.6311727],[-35.7528676,-9.6312179],[-35.7528225,-9.6312689],[-35.7527863,-9.6312972],[-35.7527363,-9.6313021],[-35.7526739,-9.6312448],[-35.7526436,-9.6312089],[-35.7526006,-9.631183],[-35.7525461,-9.631197],[-35.7525346,-9.6312413],[-35.7525676,-9.6312727],[-35.7525817,-9.6313259],[-35.7525456,-9.6313578],[-35.7524964,-9.6313519],[-35.7524288,-9.6313343],[-35.7523789,-9.6313483],[-35.7523491,-9.6313829],[-35.752384,-9.6314133],[-35.7524251,-9.6314338],[-35.7524653,-9.6314551],[-35.7524957,-9.631491],[-35.7525386,-9.6315142],[-35.7525509,-9.6315647],[-35.7525064,-9.6315804],[-35.7524913,-9.6316248],[-35.7524368,-9.6316433],[-35.7523942,-9.6316626],[-35.7523471,-9.6316919],[-35.7522716,-9.6317096],[-35.7522262,-9.6317172],[-35.7521799,-9.6317348],[-35.7521145,-9.6317507],[-35.7520719,-9.6317754],[-35.7520677,-9.6318206],[-35.7521079,-9.6318411],[-35.7521536,-9.6318542],[-35.7522,-9.631862],[-35.7522358,-9.6318951],[-35.7522398,-9.6319403],[-35.7522238,-9.6319838],[-35.7521943,-9.6320527],[-35.7521919,-9.6320979],[-35.7521923,-9.6321458],[-35.7521644,-9.6321812],[-35.7521329,-9.6322275],[-35.7521269,-9.6322728],[-35.7521145,-9.632318],[-35.7521146,-9.6323253],[-35.7521276,-9.6323613],[-35.7521435,-9.6324091],[-35.7521675,-9.6324477],[-35.752176,-9.6324928],[-35.7521371,-9.6325175],[-35.7520973,-9.6325477],[-35.7520712,-9.6325867],[-35.7520679,-9.6326364],[-35.7520793,-9.6326924],[-35.7520761,-9.6327394],[-35.7520555,-9.6327811],[-35.7520312,-9.6328192],[-35.7519904,-9.632844],[-35.7519562,-9.6328921],[-35.7519347,-9.6329329],[-35.7519204,-9.6329647],[-35.7519025,-9.6330037],[-35.7518907,-9.6330083],[-35.7518598,-9.633014],[-35.7518273,-9.6330494],[-35.7518193,-9.6330685],[-35.7517838,-9.6330751],[-35.7517464,-9.6330682],[-35.7516805,-9.6330262],[-35.7516173,-9.6329825],[-35.7515871,-9.6329547],[-35.7515604,-9.632926],[-35.7515365,-9.6328973],[-35.7515226,-9.6328612],[-35.7515173,-9.6328775],[-35.7515339,-9.6329117],[-35.7515551,-9.6329432],[-35.7515753,-9.6329674],[-35.751579,-9.6329719],[-35.7516029,-9.6330024],[-35.7516332,-9.6330257],[-35.7516652,-9.6330453],[-35.7516981,-9.633064],[-35.7517311,-9.6330855],[-35.7517667,-9.6330951],[-35.751804,-9.633093],[-35.7518203,-9.6330856],[-35.7518341,-9.6331],[-35.7518733,-9.6331042],[-35.751907,-9.6331093],[-35.7519198,-9.6331192],[-35.7519438,-9.6331551],[-35.7519578,-9.6332029],[-35.7519431,-9.6332916],[-35.7519195,-9.6333026],[-35.7519085,-9.6332964],[-35.7518837,-9.6332704],[-35.7518429,-9.6332906],[-35.7518222,-9.6333251],[-35.7518244,-9.6333621],[-35.7518236,-9.6333792],[-35.7518386,-9.6334288],[-35.7518609,-9.6334856],[-35.7518512,-9.6335263],[-35.7518397,-9.633567],[-35.7518537,-9.6336112],[-35.7518604,-9.6336572],[-35.7518636,-9.6337105],[-35.7518201,-9.6337334],[-35.751772,-9.6337528],[-35.7517239,-9.6337722],[-35.7516666,-9.6337853],[-35.7516304,-9.6338054],[-35.7515962,-9.6338509],[-35.7515865,-9.6338943],[-35.751593,-9.6339087],[-35.7516243,-9.6339473],[-35.7516437,-9.6339923],[-35.7516205,-9.6340413],[-35.7516099,-9.6340794],[-35.7516237,-9.6341027],[-35.7516419,-9.6341044],[-35.7516514,-9.6341486],[-35.7516436,-9.6341974],[-35.7516422,-9.6342526],[-35.7516134,-9.6342925],[-35.7516093,-9.634345],[-35.7515988,-9.6343948],[-35.7515626,-9.6344294],[-35.7515429,-9.6344729],[-35.7515041,-9.6345057],[-35.7515161,-9.6345291],[-35.7515162,-9.6345481],[-35.7515009,-9.6345609],[-35.7514349,-9.6345081],[-35.7513689,-9.6344607],[-35.7513094,-9.6344142],[-35.7512462,-9.6343659],[-35.7511875,-9.6343194],[-35.7511534,-9.6342955],[-35.7511216,-9.6342721],[-35.7510602,-9.6342202],[-35.7509979,-9.6341719],[-35.7509337,-9.6341218],[-35.7508769,-9.6340716],[-35.75082,-9.6340206],[-35.7507567,-9.6339642],[-35.7506944,-9.6339123],[-35.7506321,-9.6338586],[-35.750567,-9.6338058],[-35.750502,-9.6337602],[-35.750437,-9.6337201],[-35.750353,-9.6336855],[-35.7502746,-9.6336528],[-35.7501978,-9.6336307],[-35.7498353,-9.6340646],[-35.7496861,-9.6339655],[-35.7496082,-9.633911],[-35.7493821,-9.6337574],[-35.7490745,-9.6335493],[-35.7490399,-9.6335182],[-35.7490099,-9.6334942],[-35.7490005,-9.6334895],[-35.7487829,-9.6333827],[-35.7489471,-9.6331076],[-35.7497215,-9.6313776],[-35.7492985,-9.631194],[-35.749303,-9.6311774],[-35.749316,-9.6311292],[-35.7493368,-9.6310865],[-35.749396,-9.6308214],[-35.7494038,-9.6307537],[-35.7493113,-9.6307258],[-35.7488659,-9.6305302],[-35.7474364,-9.6299179],[-35.7469954,-9.6297279],[-35.7470622,-9.6296047],[-35.7471312,-9.6294886],[-35.7471577,-9.6294564],[-35.7471705,-9.629441],[-35.7471593,-9.6294359],[-35.746665,-9.6292101],[-35.7465122,-9.6291192],[-35.746459,-9.629078],[-35.7464383,-9.6290681],[-35.7458058,-9.6287359],[-35.7457272,-9.628755],[-35.7456622,-9.6287364],[-35.7455575,-9.628704],[-35.7449413,-9.6284203],[-35.7441678,-9.6280814],[-35.744205,-9.6280041],[-35.7444257,-9.6276536],[-35.7444486,-9.6276198],[-35.7445646,-9.6274135],[-35.7445921,-9.6273633],[-35.7445816,-9.6273553],[-35.7444248,-9.6272352],[-35.7445136,-9.6270751],[-35.7445461,-9.6270036],[-35.7446765,-9.6267187],[-35.7448117,-9.6265042],[-35.7448253,-9.6264968],[-35.7448736,-9.6264687],[-35.7448784,-9.6264659],[-35.7449659,-9.6262638],[-35.7449082,-9.6262209],[-35.7448109,-9.6261222],[-35.7446268,-9.6259783],[-35.7444814,-9.6258999],[-35.7443665,-9.6257716],[-35.7442207,-9.6255243],[-35.7442021,-9.6254883],[-35.7442628,-9.6254675],[-35.7443673,-9.6254463],[-35.7444188,-9.625422],[-35.744578,-9.6253611],[-35.7446848,-9.6253049],[-35.7447306,-9.6252728],[-35.7449878,-9.6251407],[-35.7450473,-9.6251146],[-35.7450749,-9.6251028],[-35.7451266,-9.6251141],[-35.7451673,-9.6251058],[-35.7453272,-9.6250005],[-35.7454626,-9.6249068],[-35.7456177,-9.6247964],[-35.7457735,-9.6246536],[-35.7458315,-9.6246148],[-35.746011,-9.6244681],[-35.7460477,-9.6244483],[-35.7460801,-9.6244468],[-35.7460878,-9.6244507],[-35.7461064,-9.6244216],[-35.7461619,-9.6241907],[-35.7461246,-9.6239382],[-35.7460893,-9.6238805],[-35.7460505,-9.6238112],[-35.7460465,-9.6237769],[-35.7460417,-9.6237435],[-35.7460185,-9.6236877],[-35.7460109,-9.6236417],[-35.7459805,-9.6236076],[-35.7459547,-9.6235644],[-35.745936,-9.6235049],[-35.7459086,-9.6233841],[-35.745878,-9.6233129],[-35.7457606,-9.6233166],[-35.7457276,-9.6232852],[-35.7456811,-9.6232847],[-35.7456364,-9.6232742],[-35.745596,-9.6232293],[-35.7455639,-9.6231971],[-35.7455218,-9.6231676],[-35.7453668,-9.6231453],[-35.7453214,-9.6231556],[-35.7453008,-9.6231956],[-35.7452857,-9.6232408],[-35.7452177,-9.623282],[-35.7451437,-9.6233576],[-35.7450872,-9.6233608],[-35.7450255,-9.6233757],[-35.7450012,-9.6233036],[-35.7450062,-9.6232485],[-35.7450076,-9.6231997],[-35.7450036,-9.62315],[-35.7449968,-9.6230995],[-35.7449792,-9.6230563],[-35.7449796,-9.6229993],[-35.7449674,-9.6229497],[-35.7448822,-9.6228863],[-35.7448467,-9.6229968],[-35.744827,-9.6230439],[-35.7448009,-9.6230812],[-35.7447553,-9.623068],[-35.7446955,-9.6229935],[-35.7446942,-9.6229465],[-35.7446838,-9.6229005],[-35.7446724,-9.622841],[-35.7446593,-9.6227905],[-35.7446452,-9.6227409],[-35.7446585,-9.6226974],[-35.7446609,-9.6226477],[-35.7446277,-9.6225992],[-35.744592,-9.6225696],[-35.745276,-9.6212541],[-35.745388,-9.6210373],[-35.745511,-9.621138],[-35.7457013,-9.6212724],[-35.7457461,-9.6212938],[-35.7461122,-9.621421],[-35.7461935,-9.6214538],[-35.7462347,-9.6214814],[-35.7462795,-9.6215037],[-35.7463716,-9.6215273],[-35.7464163,-9.6215387],[-35.7464692,-9.6215455],[-35.7466381,-9.6215214],[-35.7467934,-9.6216054],[-35.7468847,-9.6215991],[-35.7469729,-9.621584],[-35.7470756,-9.6215798],[-35.7471204,-9.6215864],[-35.7471669,-9.6215879],[-35.7473152,-9.6215795],[-35.7473643,-9.6215745],[-35.7474552,-9.6215494],[-35.7475331,-9.6215045],[-35.7476016,-9.6214469],[-35.7477269,-9.621372],[-35.7477724,-9.6213716],[-35.7478145,-9.6214065],[-35.7478431,-9.6214433],[-35.7479159,-9.6215154],[-35.7479558,-9.6215391],[-35.7480051,-9.6215586],[-35.7481046,-9.6215903],[-35.7481867,-9.6216096],[-35.7482323,-9.6216155],[-35.748286,-9.6216169],[-35.7483371,-9.6216138],[-35.7483843,-9.6216062],[-35.7484297,-9.6215941],[-35.7484717,-9.6215745],[-35.7485127,-9.6215455],[-35.7485483,-9.6215127],[-35.7485829,-9.6214795],[-35.7486142,-9.6214408],[-35.7486618,-9.6213641],[-35.7486778,-9.6213111],[-35.7486824,-9.6212692],[-35.748687,-9.6212126],[-35.7486793,-9.621162],[-35.7486455,-9.621078],[-35.7486486,-9.6210433],[-35.7486688,-9.6210207],[-35.7488269,-9.6211321],[-35.7490192,-9.6212418],[-35.7493072,-9.6213777],[-35.7494582,-9.6214985],[-35.7495253,-9.6215644],[-35.7496585,-9.6217329],[-35.7497141,-9.6218873],[-35.7497118,-9.6220852],[-35.7497506,-9.6222056],[-35.7497904,-9.6223349],[-35.7499012,-9.622419],[-35.7509548,-9.622903],[-35.7511559,-9.6229913],[-35.7514111,-9.6231063],[-35.7514753,-9.6231436],[-35.7516224,-9.623269],[-35.7517169,-9.6233532],[-35.7518148,-9.6234166],[-35.7518458,-9.6234789],[-35.7519675,-9.6238382],[-35.7520856,-9.6241653],[-35.7521334,-9.6243067],[-35.7522013,-9.6245064],[-35.7522699,-9.6245729],[-35.7522839,-9.6245931],[-35.7523422,-9.6244882],[-35.7524697,-9.6242474],[-35.7525201,-9.6241613],[-35.7528215,-9.6240759]]]]}},
{"type":"Feature","properties":{"ibge_code_municipio":"2704302","name":"Feitosa","code":"2704302014"},"geometry":{"type":"MultiPolygon","coordinates":[[[[-35.7257227,-9.6432014],[-35.7257672,-9.6431677],[-35.7258011,-9.6431452],[-35.7258399,-9.6431283],[-35.7258877,-9.6431042],[-35.7259182,-9.6430941],[-35.725946,-9.6430785],[-35.7259936,-9.6430351],[-35.726016,-9.6430177],[-35.7260661,-9.6429893],[-35.7260936,-9.6429589],[-35.7260861,-9.6429093],[-35.7260929,-9.6428796],[-35.7261239,-9.6428279],[-35.7261774,-9.6428128],[-35.7262321,-9.6428307],[-35.726266,-9.6428506],[-35.7263035,-9.6428764],[-35.7263504,-9.6428982],[-35.7263773,-9.642909],[-35.7264128,-9.6429191],[-35.726432,-9.6429219],[-35.7264696,-9.6429209],[-35.7265045,-9.6429146],[-35.7265309,-9.6429011],[-35.7265548,-9.6428824],[-35.7265867,-9.6428767],[-35.7266185,-9.6428774],[-35.7266476,-9.6428789],[-35.7266796,-9.6428886],[-35.7267079,-9.6429056],[-35.7267354,-9.6429261],[-35.7267574,-9.6429486],[-35.726784,-9.6429745],[-35.7268037,-9.6429873],[-35.7268362,-9.643003],[-35.7268709,-9.6430172],[-35.7269018,-9.6430179],[-35.7269373,-9.6430122],[-35.7269673,-9.6430092],[-35.7269946,-9.6430009],[-35.7270309,-9.6429889],[-35.7270608,-9.6429715],[-35.727088,-9.6429568],[-35.7271124,-9.642934],[-35.7271368,-9.6429076],[-35.7271558,-9.6428907],[-35.7271866,-9.6428738],[-35.7272256,-9.6428509],[-35.7272518,-9.6428299],[-35.7272826,-9.6428116],[-35.7273179,-9.6427923],[-35.7273397,-9.6427804],[-35.7273696,-9.6427666],[-35.727395,-9.6427529],[-35.7274268,-9.6427382],[-35.7274549,-9.6427271],[-35.7274867,-9.6427214],[-35.7275257,-9.6427003],[-35.7275592,-9.6426712],[-35.7275725,-9.6426286],[-35.7275721,-9.6425834],[-35.7275726,-9.642535],[-35.7275727,-9.6425223],[-35.7275778,-9.6424966],[-35.7275949,-9.6424703],[-35.7276129,-9.6424458],[-35.7276364,-9.6424221],[-35.7276635,-9.6423984],[-35.7277042,-9.6423691],[-35.7277269,-9.6423527],[-35.7277603,-9.6423271],[-35.7277854,-9.6422682],[-35.7278161,-9.6422445],[-35.7278433,-9.6422289],[-35.7278659,-9.6422088],[-35.7279013,-9.6421905],[-35.7279512,-9.6421657],[-35.7279664,-9.6421394],[-35.7279451,-9.6420881],[-35.7279302,-9.6420448],[-35.7279208,-9.6420187],[-35.7279197,-9.641988],[-35.7279136,-9.6419112],[-35.7279103,-9.6418363],[-35.7278925,-9.6417813],[-35.7278138,-9.6417286],[-35.7278025,-9.6416844],[-35.7277856,-9.6416213],[-35.7277873,-9.6415526],[-35.7277864,-9.6414867],[-35.7277813,-9.6414208],[-35.7277699,-9.6413621],[-35.7277566,-9.6412981],[-35.7277269,-9.6412224],[-35.7277076,-9.6411973],[-35.7276774,-9.6411812],[-35.7276368,-9.6411192],[-35.7276064,-9.6410698],[-35.7275908,-9.6410582],[-35.7275489,-9.641054],[-35.7275215,-9.6410461],[-35.7274766,-9.641013],[-35.7274638,-9.6410049],[-35.7274097,-9.6409548],[-35.7273794,-9.6409288],[-35.7273345,-9.6408661],[-35.7273241,-9.6408452],[-35.7273083,-9.6408029],[-35.7272943,-9.6407596],[-35.727272,-9.6407011],[-35.7272062,-9.6406673],[-35.7271195,-9.640649],[-35.7270411,-9.6406397],[-35.727,-9.6406201],[-35.7269907,-9.6405922],[-35.7269903,-9.6405416],[-35.7269981,-9.6405],[-35.7269951,-9.6404638],[-35.7269894,-9.6404268],[-35.7269809,-9.6403953],[-35.7269581,-9.6403837],[-35.7269225,-9.6403777],[-35.7269103,-9.6403798],[-35.7268743,-9.6403862],[-35.7267499,-9.6404269],[-35.7266327,-9.6404577],[-35.7265799,-9.6404635],[-35.7265425,-9.6404512],[-35.7265294,-9.6404061],[-35.726529,-9.6403582],[-35.7265331,-9.6402967],[-35.7265345,-9.640247],[-35.7265215,-9.6402119],[-35.7264921,-9.6401805],[-35.726418,-9.640135],[-35.7263869,-9.6401244],[-35.7263439,-9.6400995],[-35.7262935,-9.6400601],[-35.7262495,-9.6400171],[-35.7262154,-9.6399731],[-35.7261841,-9.6399182],[-35.7261501,-9.6398851],[-35.7260971,-9.6398566],[-35.7260918,-9.639856],[-35.7260023,-9.6398465],[-35.725913,-9.6398345],[-35.7258735,-9.6397915],[-35.7258514,-9.6397591],[-35.7258167,-9.6396365],[-35.7258007,-9.6395779],[-35.725765,-9.6395439],[-35.7256956,-9.63952],[-35.7256091,-9.6395207],[-35.7255308,-9.6395195],[-35.7254852,-9.639509],[-35.7254659,-9.6394866],[-35.725451,-9.639447],[-35.7254489,-9.6394172],[-35.7254529,-9.6393458],[-35.7254715,-9.6392806],[-35.7254755,-9.6392182],[-35.7254707,-9.6391821],[-35.7254512,-9.6391407],[-35.7254092,-9.6391184],[-35.7253646,-9.6391242],[-35.7252939,-9.6391672],[-35.7252604,-9.6391837],[-35.7252267,-9.6391822],[-35.7251928,-9.6391572],[-35.7251797,-9.6391157],[-35.7251827,-9.6390398],[-35.7251815,-9.639],[-35.725163,-9.6389668],[-35.7250954,-9.6389294],[-35.7250507,-9.6389216],[-35.7249432,-9.6389143],[-35.724893,-9.6388993],[-35.7248484,-9.6388952],[-35.724811,-9.63889],[-35.7247664,-9.6388985],[-35.7247265,-9.6389088],[-35.7247038,-9.6389261],[-35.7246869,-9.6389678],[-35.7246817,-9.6390013],[-35.7246576,-9.6390656],[-35.7246285,-9.639074],[-35.724564,-9.6390817],[-35.7245241,-9.6391037],[-35.7244743,-9.6391421],[-35.7244391,-9.6391749],[-35.724411,-9.6391941],[-35.7243647,-9.639217],[-35.7243357,-9.6392236],[-35.7242973,-9.6392148],[-35.7242588,-9.6391817],[-35.7242257,-9.6391386],[-35.7242155,-9.6391238],[-35.7241972,-9.6390973],[-35.7241513,-9.6390597],[-35.7241027,-9.6390158],[-35.7240556,-9.638924],[-35.7240297,-9.6388736],[-35.7240193,-9.6388367],[-35.7240165,-9.6387928],[-35.7240157,-9.6387256],[-35.7240137,-9.6387048],[-35.7240024,-9.638657],[-35.7239793,-9.6386066],[-35.7239306,-9.6385582],[-35.7238876,-9.638526],[-35.7238132,-9.6384543],[-35.7237748,-9.6384239],[-35.7237304,-9.6383384],[-35.7236985,-9.6382698],[-35.7236952,-9.6382628],[-35.7236832,-9.6382202],[-35.7236764,-9.6381961],[-35.7236713,-9.6381311],[-35.723701,-9.6380784],[-35.7237554,-9.6380563],[-35.7238408,-9.6380376],[-35.7238809,-9.6380309],[-35.723917,-9.637999],[-35.7239375,-9.6379401],[-35.7239179,-9.6378843],[-35.7238454,-9.6378135],[-35.7237793,-9.6377462],[-35.7237732,-9.6377396],[-35.7237698,-9.6377359],[-35.7237663,-9.6377321],[-35.7237421,-9.637709],[-35.7237333,-9.6377007],[-35.7237267,-9.6376934],[-35.7237264,-9.6376849],[-35.7237259,-9.6376689],[-35.7237566,-9.6376416],[-35.7237992,-9.6376078],[-35.7238417,-9.637575],[-35.7238724,-9.6375413],[-35.7238621,-9.637507],[-35.7238444,-9.6374611],[-35.7238256,-9.6373899],[-35.7238229,-9.6373534],[-35.7238227,-9.63735],[-35.7238224,-9.637346],[-35.7238205,-9.6373212],[-35.7238223,-9.6372982],[-35.7238232,-9.6372858],[-35.7238242,-9.6372733],[-35.7238263,-9.6372453],[-35.7238593,-9.6371556],[-35.7238898,-9.6371011],[-35.7239057,-9.6370459],[-35.7238998,-9.636981],[-35.7238991,-9.6369727],[-35.7238959,-9.6369651],[-35.7238736,-9.636898],[-35.7238585,-9.636833],[-35.7238645,-9.6367842],[-35.7238977,-9.6367297],[-35.7239426,-9.6366472],[-35.7239505,-9.6366119],[-35.7239654,-9.6365422],[-35.7239704,-9.6364798],[-35.7239715,-9.6363994],[-35.7239715,-9.6363958],[-35.7239723,-9.6363778],[-35.7239733,-9.6363539],[-35.7239769,-9.6362683],[-35.7239784,-9.6362533],[-35.7239807,-9.6362316],[-35.7239838,-9.6362013],[-35.7239877,-9.6361634],[-35.7239899,-9.6361419],[-35.7239938,-9.6361047],[-35.7240257,-9.6359987],[-35.7240551,-9.6359217],[-35.7240259,-9.6357672],[-35.7240334,-9.6357145],[-35.7240237,-9.6356638],[-35.7240276,-9.6356095],[-35.7240315,-9.6355553],[-35.7240153,-9.6354919],[-35.7239431,-9.6353909],[-35.7239017,-9.6353119],[-35.7238886,-9.6351839],[-35.7238999,-9.6351143],[-35.7238641,-9.6350654],[-35.7238679,-9.6349845],[-35.7238735,-9.6349168],[-35.7238961,-9.6348735],[-35.7239205,-9.6348246],[-35.7239375,-9.6347851],[-35.7239601,-9.6347286],[-35.7239864,-9.6346722],[-35.7239996,-9.6345612],[-35.724,-9.6345588],[-35.724009,-9.6345029],[-35.7240161,-9.6344709],[-35.724024,-9.6344351],[-35.7240334,-9.6343862],[-35.7240697,-9.6341802],[-35.7240888,-9.6341117],[-35.7240924,-9.6340963],[-35.7240959,-9.6340809],[-35.7240992,-9.6340411],[-35.7241078,-9.6339928],[-35.7241132,-9.6339556],[-35.7241291,-9.6339144],[-35.7241514,-9.6338263],[-35.7241794,-9.6337197],[-35.7242072,-9.6335863],[-35.7242483,-9.6335213],[-35.7242412,-9.6333515],[-35.7242345,-9.6333091],[-35.7242323,-9.6332685],[-35.7242324,-9.6332662],[-35.7242327,-9.6332513],[-35.7242343,-9.6331772],[-35.7242364,-9.6331031],[-35.7242359,-9.6330883],[-35.7242355,-9.6330784],[-35.7242352,-9.6330703],[-35.7242346,-9.6330537],[-35.724233,-9.6330128],[-35.7242218,-9.6329758],[-35.7242068,-9.632929],[-35.7241984,-9.6328956],[-35.7241762,-9.6328515],[-35.7241615,-9.6328435],[-35.7241323,-9.6328311],[-35.7241003,-9.632815],[-35.7240775,-9.6328062],[-35.7240437,-9.6328001],[-35.72402,-9.6327949],[-35.7239954,-9.6327924],[-35.7239698,-9.6327799],[-35.7239503,-9.6327304],[-35.7239254,-9.6326872],[-35.7238895,-9.6326378],[-35.7238832,-9.6326257],[-35.7238469,-9.6325559],[-35.723762,-9.6325205],[-35.7236761,-9.6324841],[-35.7236381,-9.6324022],[-35.7236046,-9.6323166],[-35.7235584,-9.632232],[-35.7235332,-9.6321491],[-35.7234662,-9.6320855],[-35.7233867,-9.6320419],[-35.7233269,-9.6319673],[-35.7233362,-9.6318769],[-35.7233782,-9.6318276],[-35.7233966,-9.631806],[-35.7234699,-9.6317512],[-35.7235267,-9.6316793],[-35.7235369,-9.631588],[-35.7234862,-9.6315116],[-35.723431,-9.6314376],[-35.7234166,-9.631421],[-35.7233955,-9.6313968],[-35.7233722,-9.6313689],[-35.7233174,-9.6313584],[-35.7232819,-9.6313515],[-35.7232113,-9.6314081],[-35.7231204,-9.6314205],[-35.7230314,-9.6314502],[-35.7229563,-9.6315113],[-35.7228913,-9.6315732],[-35.7228306,-9.6315059],[-35.7227601,-9.6314487],[-35.7227163,-9.6314373],[-35.7226716,-9.6314268],[-35.722634,-9.6314018],[-35.7226057,-9.6313839],[-35.7225707,-9.6313436],[-35.7225604,-9.6312958],[-35.7225473,-9.6312543],[-35.7225019,-9.6312673],[-35.7224638,-9.6312929],[-35.722396,-9.6313531],[-35.7223562,-9.6313859],[-35.7223127,-9.6314025],[-35.7222635,-9.6313984],[-35.7222015,-9.6313971],[-35.7221387,-9.631394],[-35.7221177,-9.6313923],[-35.7220685,-9.6313837],[-35.7220423,-9.6313721],[-35.7220082,-9.631357],[-35.7219826,-9.6313473],[-35.7219414,-9.6313214],[-35.7219319,-9.6312709],[-35.7219234,-9.6312285],[-35.7218814,-9.6312099],[-35.721836,-9.6312238],[-35.7217989,-9.6312521],[-35.7217646,-9.6312921],[-35.7217348,-9.6313258],[-35.721705,-9.6313567],[-35.7216587,-9.6313679],[-35.7216131,-9.6313683],[-35.7215685,-9.6313632],[-35.7215247,-9.63135],[-35.7214889,-9.6313169],[-35.7214459,-9.6312919],[-35.7214012,-9.631276],[-35.72136,-9.631251],[-35.7213387,-9.6312105],[-35.7213338,-9.6311654],[-35.7213126,-9.6311249],[-35.7212832,-9.6310908],[-35.721242,-9.6310676],[-35.7211316,-9.631036],[-35.7210796,-9.6310201],[-35.7210494,-9.6310095],[-35.7210147,-9.6309944],[-35.7209627,-9.6309831],[-35.7209753,-9.6308657],[-35.7208158,-9.6307387],[-35.7206429,-9.6306919],[-35.7204035,-9.6308509],[-35.7205209,-9.6310706],[-35.7205313,-9.6311849],[-35.7204983,-9.6312927],[-35.7204685,-9.6313505],[-35.7204038,-9.6314342],[-35.7202424,-9.6315226],[-35.7199035,-9.6316267],[-35.7195592,-9.6316796],[-35.7195332,-9.6318131],[-35.7194192,-9.6318418],[-35.7194293,-9.6320357],[-35.7192372,-9.6320364],[-35.7186152,-9.6320118],[-35.7184702,-9.6320022],[-35.7183248,-9.6319697],[-35.7182314,-9.6319476],[-35.7180359,-9.6319146],[-35.7180045,-9.6319121],[-35.7172372,-9.6318439],[-35.7172571,-9.632698],[-35.7172046,-9.6326988],[-35.7167488,-9.6327059],[-35.7162157,-9.6327114],[-35.7154647,-9.6327223],[-35.7155282,-9.6329627],[-35.7155755,-9.6332383],[-35.7156043,-9.6332944],[-35.7157222,-9.6337577],[-35.7158851,-9.6344744],[-35.7158039,-9.6344575],[-35.7156491,-9.634459],[-35.7155786,-9.6343812],[-35.7154126,-9.6343566],[-35.7153099,-9.6343874],[-35.7143418,-9.6342807],[-35.7139922,-9.6342912],[-35.7139642,-9.6343181],[-35.713955,-9.6343119],[-35.7134999,-9.6344658],[-35.7133197,-9.6345296],[-35.7132726,-9.6345445],[-35.7131328,-9.6343387],[-35.7130791,-9.6342548],[-35.7130176,-9.6341273],[-35.7131999,-9.6340512],[-35.7132832,-9.6340109],[-35.7133401,-9.6339878],[-35.7133728,-9.6339694],[-35.7134374,-9.63394],[-35.713528,-9.6338964],[-35.7137721,-9.6337697],[-35.7138311,-9.6337587],[-35.7138604,-9.6337553],[-35.7138823,-9.633601],[-35.7138823,-9.6333426],[-35.7138353,-9.6333308],[-35.7137662,-9.6333481],[-35.713762,-9.6330972],[-35.7131437,-9.6331004],[-35.7130773,-9.6331001],[-35.7130267,-9.6330999],[-35.7129353,-9.6330994],[-35.7121229,-9.6330956],[-35.7120426,-9.6330953],[-35.7120335,-9.6330952],[-35.7120258,-9.6330952],[-35.7117581,-9.6330939],[-35.7116606,-9.6330562],[-35.7116474,-9.6330316],[-35.7116329,-9.6328915],[-35.7115814,-9.6328255],[-35.7115053,-9.6328231],[-35.711358,-9.6325523],[-35.7113775,-9.6323981],[-35.7114759,-9.6323221],[-35.7114544,-9.6321263],[-35.7114734,-9.6320202],[-35.7115182,-9.6319493],[-35.711526,-9.631925],[-35.7115288,-9.63191],[-35.7115374,-9.6318171],[-35.7115182,-9.6315711],[-35.7114849,-9.6313943],[-35.7113772,-9.6312956],[-35.7113376,-9.6313078],[-35.7112883,-9.6311514],[-35.7112432,-9.6309644],[-35.7111087,-9.6308802],[-35.7111464,-9.6308485],[-35.7111932,-9.6308033],[-35.7112369,-9.6307595],[-35.7112928,-9.6306946],[-35.7113501,-9.6306267],[-35.7113833,-9.630592],[-35.7114331,-9.6305362],[-35.7114889,-9.63042],[-35.7116806,-9.6302118],[-35.7118088,-9.6301016],[-35.7118304,-9.6300853],[-35.7118767,-9.6300503],[-35.7119552,-9.6299869],[-35.711999,-9.6298994],[-35.7120457,-9.6298225],[-35.7120759,-9.6297636],[-35.7121016,-9.6297033],[-35.7121318,-9.6296414],[-35.7121529,-9.6295871],[-35.7121906,-9.6295267],[-35.7122208,-9.6294588],[-35.7122615,-9.6293924],[-35.7123294,-9.6292204],[-35.7123641,-9.6290876],[-35.7124262,-9.6289543],[-35.7124957,-9.6288336],[-35.7125497,-9.6287246],[-35.7126414,-9.6285779],[-35.71282,-9.628381],[-35.7128943,-9.6283095],[-35.713022,-9.6281966],[-35.713233,-9.6280036],[-35.7133448,-9.6279389],[-35.7134506,-9.627873],[-35.713535,-9.6277616],[-35.7135887,-9.6276344],[-35.7136123,-9.6275895],[-35.713622,-9.6274805],[-35.7136114,-9.6273512],[-35.7135979,-9.6272575],[-35.7135695,-9.6271497],[-35.7135566,-9.6270369],[-35.7135575,-9.6269639],[-35.7135621,-9.6269145],[-35.7135635,-9.6268324],[-35.7135369,-9.6267572],[-35.7135259,-9.626682],[-35.7135158,-9.626626],[-35.713519,-9.6265898],[-35.7135209,-9.6265467],[-35.7135225,-9.6264922],[-35.7135219,-9.6264634],[-35.7135218,-9.62646],[-35.7135211,-9.6264458],[-35.7135225,-9.6264269],[-35.7135215,-9.6264121],[-35.7135048,-9.6263247],[-35.7134947,-9.6262679],[-35.7134865,-9.6262275],[-35.713481,-9.6261972],[-35.7134736,-9.6261716],[-35.7134672,-9.6261202],[-35.713469,-9.6260789],[-35.7134654,-9.6260432],[-35.7134709,-9.6259918],[-35.7134764,-9.6259322],[-35.7134782,-9.6258882],[-35.7134774,-9.625791],[-35.7134738,-9.6257268],[-35.7134754,-9.6256582],[-35.7134811,-9.6255452],[-35.7134936,-9.625427],[-35.7134878,-9.6252318],[-35.713486,-9.6251718],[-35.7137088,-9.6240113],[-35.7137788,-9.6235389],[-35.7137841,-9.6232629],[-35.7137855,-9.6232506],[-35.7137799,-9.6232346],[-35.7140299,-9.6232829],[-35.7144188,-9.6232741],[-35.7145021,-9.6232351],[-35.7145845,-9.6232001],[-35.714631,-9.6232004],[-35.7146899,-9.6231913],[-35.7147366,-9.6231665],[-35.7148265,-9.6231405],[-35.7149035,-9.6231214],[-35.7149745,-9.6231136],[-35.7153074,-9.6230728],[-35.7156278,-9.6230575],[-35.7161,-9.6230253],[-35.7162903,-9.6230238],[-35.7162179,-9.6228473],[-35.7160955,-9.622627],[-35.7163169,-9.6226026],[-35.717184,-9.6225155],[-35.7172149,-9.6225124],[-35.7180145,-9.6224329],[-35.7180339,-9.6224725],[-35.7180588,-9.6225112],[-35.7180837,-9.622548],[-35.7181113,-9.6225848],[-35.7181398,-9.6226199],[-35.7181692,-9.622654],[-35.7181814,-9.62269],[-35.7181598,-9.6227299],[-35.7181355,-9.6227681],[-35.7181149,-9.622808],[-35.7180971,-9.6228497],[-35.7180636,-9.6228798],[-35.7180338,-9.6229107],[-35.7180414,-9.6229549],[-35.7180781,-9.6229817],[-35.7180966,-9.6230223],[-35.7181077,-9.6230565],[-35.7181106,-9.6230655],[-35.7181273,-9.623106],[-35.7181405,-9.6231232],[-35.7181549,-9.623142],[-35.7181689,-9.6231834],[-35.7181702,-9.6232286],[-35.7181678,-9.6232738],[-35.7181664,-9.6233181],[-35.7181794,-9.6233613],[-35.7181925,-9.6234046],[-35.7182111,-9.6234442],[-35.7182495,-9.6234683],[-35.718287,-9.6234942],[-35.7183191,-9.6235256],[-35.7183458,-9.6235624],[-35.7183725,-9.6235992],[-35.7183983,-9.6236361],[-35.7184214,-9.6236747],[-35.7184472,-9.6237125],[-35.7184721,-9.6237511],[-35.718497,-9.6237889],[-35.7185246,-9.6238239],[-35.7185567,-9.6238553],[-35.7185897,-9.6238866],[-35.7186173,-9.6239226],[-35.7186404,-9.6239612],[-35.7186653,-9.623999],[-35.7186947,-9.624034],[-35.7187331,-9.6240581],[-35.718776,-9.6240722],[-35.7188216,-9.62408],[-35.7188663,-9.6240887],[-35.7189109,-9.6240964],[-35.7189556,-9.6241015],[-35.718994,-9.6241229],[-35.7190324,-9.6241479],[-35.7190736,-9.6241656],[-35.7191174,-9.6241797],[-35.7191594,-9.6241957],[-35.7192032,-9.624208],[-35.7192487,-9.6242112],[-35.7192925,-9.6242217],[-35.7193363,-9.6242358],[-35.7193819,-9.6242364],[-35.7194265,-9.6242442],[-35.7194685,-9.624261],[-35.7195016,-9.6242906],[-35.7195301,-9.6243256],[-35.719564,-9.6243551],[-35.7196069,-9.6243701],[-35.7196489,-9.624387],[-35.7196909,-9.6244038],[-35.7197338,-9.6244197],[-35.7197741,-9.6244402],[-35.7198196,-9.6244471],[-35.7198643,-9.6244467],[-35.7199098,-9.6244446],[-35.7199552,-9.624437],[-35.7199998,-9.6244303],[-35.7200444,-9.6244372],[-35.7200882,-9.6244495],[-35.7201284,-9.6244672],[-35.7201642,-9.6244941],[-35.720208,-9.6245073],[-35.7202535,-9.6245087],[-35.720299,-9.6245093],[-35.7203437,-9.6245107],[-35.7203892,-9.6245122],[-35.7204347,-9.6245118],[-35.7204803,-9.624516],[-35.7205241,-9.6245301],[-35.7205652,-9.6245487],[-35.720609,-9.6245565],[-35.7206545,-9.6245634],[-35.7206992,-9.6245712],[-35.7207448,-9.6245753],[-35.7207894,-9.624575],[-35.7208349,-9.6245728],[-35.7208804,-9.6245706],[-35.7209249,-9.6245603],[-35.7209695,-9.624551],[-35.721014,-9.6245461],[-35.7210595,-9.6245439],[-35.7211042,-9.6245517],[-35.7211497,-9.6245504],[-35.7211943,-9.6245447],[-35.7212398,-9.6245425],[-35.7212844,-9.6245385],[-35.7213299,-9.6245337],[-35.7213748,-9.6245306],[-35.721418,-9.6245176],[-35.7214635,-9.6245118],[-35.721508,-9.6245024],[-35.7215526,-9.6244912],[-35.7215943,-9.6244756],[-35.7216324,-9.6244518],[-35.7216695,-9.6244244],[-35.7216956,-9.624388],[-35.7217116,-9.6243454],[-35.721724,-9.624302],[-35.7217346,-9.6242585],[-35.7217571,-9.6242195],[-35.7217914,-9.6241912],[-35.7218313,-9.6241701],[-35.7218721,-9.6241499],[-35.721912,-9.6241288],[-35.7219491,-9.6241023],[-35.7219817,-9.6240713],[-35.7220216,-9.6240493],[-35.7220624,-9.6240301],[-35.7221004,-9.6240054],[-35.7221338,-9.6239744],[-35.7221664,-9.6239434],[-35.7221952,-9.6239088],[-35.7222323,-9.6238823],[-35.7222713,-9.6238594],[-35.7222815,-9.6238546],[-35.7222996,-9.6238461],[-35.7223121,-9.6238402],[-35.722352,-9.6238191],[-35.7223928,-9.6237998],[-35.7224374,-9.6237922],[-35.722482,-9.6237982],[-35.7225232,-9.6238168],[-35.722567,-9.62383],[-35.7226116,-9.6238387],[-35.722651,-9.6238601],[-35.7226754,-9.6238767],[-35.7226876,-9.6238851],[-35.7227043,-9.6239265],[-35.7227346,-9.6239606],[-35.7227658,-9.6239929],[-35.7228007,-9.6240215],[-35.7228418,-9.624042],[-35.722882,-9.6240633],[-35.7229241,-9.6240811],[-35.7229652,-9.6240988],[-35.7230098,-9.6241012],[-35.7230553,-9.624099],[-35.7230961,-9.6240806],[-35.7231369,-9.6240604],[-35.7231805,-9.6240501],[-35.7232261,-9.624048],[-35.7232716,-9.6240476],[-35.7233118,-9.6240681],[-35.7233376,-9.6241049],[-35.7233706,-9.6241354],[-35.7234081,-9.6241604],[-35.7234502,-9.6241781],[-35.7234904,-9.6241995],[-35.7235306,-9.6242209],[-35.7235663,-9.6242486],[-35.7236012,-9.6242772],[-35.7236432,-9.6242932],[-35.7236878,-9.624291],[-35.7237249,-9.6242681],[-35.7237538,-9.6242336],[-35.7237686,-9.6242124],[-35.7237799,-9.6241963],[-35.7237967,-9.6241762],[-35.7238087,-9.6241617],[-35.7238459,-9.6241416],[-35.7238914,-9.6241412],[-35.7239361,-9.624149],[-35.723979,-9.624164],[-35.7240192,-9.6241845],[-35.7240595,-9.6242058],[-35.7240961,-9.6242318],[-35.7241336,-9.6242586],[-35.7241503,-9.6242739],[-35.7241666,-9.624289],[-35.7242006,-9.6243168],[-35.7242444,-9.62433],[-35.7242881,-9.6243387],[-35.7243327,-9.6243338],[-35.7243763,-9.624319],[-35.7244199,-9.6243051],[-35.7244635,-9.6242957],[-35.724509,-9.6242926],[-35.7245517,-9.624276],[-35.7245934,-9.6242595],[-35.724637,-9.6242456],[-35.7246815,-9.624238],[-35.724727,-9.6242349],[-35.7247725,-9.6242309],[-35.7248171,-9.6242216],[-35.7248597,-9.6242077],[-35.7249015,-9.6241893],[-35.724946,-9.6241799],[-35.7249887,-9.6241642],[-35.7250277,-9.6241422],[-35.7250547,-9.6241058],[-35.7251002,-9.6241037],[-35.7251447,-9.6240961],[-35.7251865,-9.6240795],[-35.7252236,-9.6240548],[-35.7252672,-9.6240409],[-35.725302,-9.6240659],[-35.7253431,-9.6240774],[-35.7253886,-9.6240752],[-35.7254332,-9.6240821],[-35.7254787,-9.6240808],[-35.7255233,-9.6240714],[-35.7255659,-9.6240566],[-35.7256115,-9.6240608],[-35.7256526,-9.6240758],[-35.7256874,-9.6241045],[-35.7257141,-9.6241404],[-35.7257561,-9.6241581],[-35.7257892,-9.6241886],[-35.7258302,-9.6241937],[-35.7258682,-9.6241744],[-35.7259017,-9.6241443],[-35.7259407,-9.6241223],[-35.7259853,-9.6241229],[-35.7259866,-9.624168],[-35.7259512,-9.6241909],[-35.7259242,-9.6242246],[-35.7259308,-9.6242579],[-35.725971,-9.6242748],[-35.7260156,-9.6242672],[-35.7260527,-9.6242407],[-35.7260843,-9.6242088],[-35.7261233,-9.6241932],[-35.7261688,-9.6241883],[-35.7262144,-9.6241915],[-35.726259,-9.6241957],[-35.7263045,-9.624199],[-35.7263501,-9.624204],[-35.7263948,-9.6242118],[-35.7264395,-9.6242205],[-35.7264824,-9.6242355],[-35.7265262,-9.6242451],[-35.7265699,-9.6242511],[-35.7266101,-9.6242715],[-35.7266404,-9.6243047],[-35.7266708,-9.6243388],[-35.7267119,-9.6243575],[-35.7267574,-9.6243634],[-35.7267894,-9.6243911],[-35.7268225,-9.6244217],[-35.7268619,-9.6244421],[-35.7269066,-9.6244526],[-35.7269495,-9.6244676],[-35.726967,-9.6245027],[-35.7269982,-9.6245296],[-35.7270383,-9.6245487],[-35.7270814,-9.6245651],[-35.7271216,-9.6245828],[-35.7271549,-9.6246136],[-35.7271858,-9.6246465],[-35.7272432,-9.6247689],[-35.7272572,-9.6248112],[-35.7272603,-9.6248564],[-35.7272561,-9.6249007],[-35.7272401,-9.6249424],[-35.7272013,-9.6249924],[-35.7270563,-9.6250676],[-35.7270127,-9.6250806],[-35.7269737,-9.6251026],[-35.7269503,-9.625138],[-35.7269314,-9.6252017],[-35.7269292,-9.6252258],[-35.7269168,-9.6252693],[-35.7269044,-9.6253128],[-35.7269026,-9.6253245],[-35.7268785,-9.6253771],[-35.7268744,-9.6254341],[-35.7268721,-9.6254892],[-35.7268633,-9.6255336],[-35.7268555,-9.6255779],[-35.7268395,-9.6256205],[-35.7268161,-9.6256577],[-35.7267863,-9.6256914],[-35.7267565,-9.625725],[-35.7267268,-9.6257605],[-35.7266979,-9.6257951],[-35.7266764,-9.6258341],[-35.7266753,-9.6258651],[-35.7266729,-9.62591],[-35.7266598,-9.6259566],[-35.7266423,-9.6260007],[-35.7266423,-9.6260962],[-35.7266272,-9.6261495],[-35.7266166,-9.6262059],[-35.7266378,-9.6262491],[-35.7266851,-9.6262505],[-35.72673,-9.6262719],[-35.7267666,-9.6263015],[-35.7268057,-9.6263288],[-35.7268189,-9.6263479],[-35.7268306,-9.626393],[-35.7268515,-9.626438],[-35.7268788,-9.6264756],[-35.7269022,-9.6265137],[-35.7269516,-9.6265177],[-35.7269952,-9.626539],[-35.7270548,-9.6265589],[-35.7270921,-9.6265789],[-35.7271412,-9.6265821],[-35.7271886,-9.626589],[-35.7272343,-9.626604],[-35.7272862,-9.6266045],[-35.7273327,-9.626615],[-35.7274092,-9.626618],[-35.7274615,-9.6266709],[-35.7274446,-9.6267135],[-35.7274513,-9.6267613],[-35.727474,-9.6268623],[-35.7274734,-9.6269084],[-35.7274812,-9.6269607],[-35.7274961,-9.6270094],[-35.7274951,-9.6271097],[-35.7274727,-9.6271606],[-35.7274692,-9.6271686],[-35.7274678,-9.6272238],[-35.7275367,-9.6272956],[-35.7275773,-9.6273885],[-35.7275519,-9.6274679],[-35.7274894,-9.6275287],[-35.7274354,-9.6276588],[-35.7274084,-9.6277449],[-35.7274303,-9.6278243],[-35.7274151,-9.6279071],[-35.7273729,-9.6279932],[-35.7274185,-9.6280878],[-35.7274742,-9.6281588],[-35.727508,-9.628304],[-35.727579,-9.6284105],[-35.7276668,-9.6285101],[-35.7282745,-9.6285669],[-35.7283015,-9.6284554],[-35.7283463,-9.6283642],[-35.7285066,-9.6282186],[-35.728617,-9.6282154],[-35.728729,-9.6282454],[-35.72883,-9.628299],[-35.7289609,-9.6283148],[-35.7290618,-9.6282927],[-35.7292281,-9.6282622],[-35.7292837,-9.6282999],[-35.7294025,-9.6283586],[-35.7294682,-9.6283735],[-35.7295175,-9.628392],[-35.7295571,-9.628445],[-35.7296068,-9.6285205],[-35.7296596,-9.6286303],[-35.7297554,-9.6287714],[-35.729847,-9.6288822],[-35.7298823,-9.6289249],[-35.7299283,-9.6289806],[-35.7300697,-9.6291276],[-35.7301589,-9.6292471],[-35.7302145,-9.6293605],[-35.7302145,-9.6294816],[-35.7302516,-9.6295572],[-35.7302085,-9.6296343],[-35.7301974,-9.6296739],[-35.7301869,-9.6297118],[-35.7301846,-9.6297214],[-35.7301805,-9.6297362],[-35.7301723,-9.6297658],[-35.7301634,-9.6297983],[-35.7301598,-9.6298082],[-35.7301448,-9.6298479],[-35.7301277,-9.6298925],[-35.7301197,-9.6299123],[-35.7301053,-9.6299315],[-35.7300786,-9.6299662],[-35.7300585,-9.6300077],[-35.7300461,-9.6300512],[-35.7300346,-9.630092],[-35.7300327,-9.6300938],[-35.7299929,-9.630147],[-35.729976,-9.6301647],[-35.7299444,-9.6301975],[-35.7299147,-9.6302283],[-35.7298901,-9.6302687],[-35.7298655,-9.6303093],[-35.7298428,-9.6303469],[-35.7298196,-9.6303853],[-35.7297952,-9.6304254],[-35.7297838,-9.630438],[-35.7297681,-9.6304591],[-35.7297547,-9.6304718],[-35.7297365,-9.630491],[-35.7297244,-9.6305032],[-35.7297013,-9.6305203],[-35.7296667,-9.6305462],[-35.7296343,-9.6305785],[-35.729621,-9.630622],[-35.729606,-9.6306712],[-35.7295962,-9.6307105],[-35.7295884,-9.630742],[-35.7295856,-9.6307524],[-35.7295711,-9.6307764],[-35.7295623,-9.6307914],[-35.7295407,-9.6308289],[-35.7295311,-9.630873],[-35.7295347,-9.6309187],[-35.7295382,-9.6309633],[-35.7295418,-9.6310094],[-35.7295452,-9.6310526],[-35.7295462,-9.6310617],[-35.7295438,-9.6310978],[-35.7295408,-9.6311431],[-35.7295372,-9.6311882],[-35.7295373,-9.6311911],[-35.7295304,-9.6312337],[-35.7295234,-9.6312778],[-35.7295217,-9.6312924],[-35.7294926,-9.6313033],[-35.729451,-9.6313201],[-35.7294103,-9.6313366],[-35.729373,-9.6313693],[-35.729369,-9.6313734],[-35.7293548,-9.6313877],[-35.7293423,-9.6313985],[-35.7293098,-9.6314269],[-35.729279,-9.6314613],[-35.7292695,-9.631505],[-35.7292597,-9.6315491],[-35.7292499,-9.6315947],[-35.7292526,-9.631638],[-35.7292553,-9.6316838],[-35.7292578,-9.6317289],[-35.7292733,-9.6317695],[-35.7292964,-9.6318024],[-35.7292991,-9.6318063],[-35.7293357,-9.6318295],[-35.7293795,-9.6318427],[-35.7294234,-9.6318535],[-35.7294688,-9.6318501],[-35.7295189,-9.6318461],[-35.7295598,-9.6318476],[-35.729595,-9.6318492],[-35.7296027,-9.6318545],[-35.7296384,-9.6318831],[-35.7296804,-9.6319],[-35.7297008,-9.631933],[-35.729702,-9.6319829],[-35.7297021,-9.6319847],[-35.7296997,-9.6320282],[-35.7296992,-9.6320841],[-35.7296821,-9.6321069],[-35.7296783,-9.6321126],[-35.7296749,-9.6321177],[-35.7296556,-9.6321437],[-35.7296354,-9.6321822],[-35.7296372,-9.6322273],[-35.7296388,-9.6322659],[-35.7296388,-9.6322725],[-35.7296388,-9.6323177],[-35.7296389,-9.6323629],[-35.7296391,-9.6325391],[-35.729662,-9.632556],[-35.7296624,-9.6325985],[-35.7296599,-9.6326283],[-35.729659,-9.6326458],[-35.7296572,-9.6326734],[-35.7296542,-9.6327187],[-35.7296576,-9.6327639],[-35.7296609,-9.6328091],[-35.7296624,-9.6328285],[-35.7296654,-9.6328957],[-35.729668,-9.6329528],[-35.7296676,-9.6329898],[-35.729667,-9.6330566],[-35.7296656,-9.6330802],[-35.7296644,-9.6330974],[-35.7296657,-9.6331321],[-35.7296672,-9.6332076],[-35.7296624,-9.6332482],[-35.7296442,-9.633298],[-35.729622,-9.6333602],[-35.7296138,-9.6333933],[-35.7296017,-9.6334379],[-35.7295947,-9.63347],[-35.7295814,-9.633508],[-35.7295778,-9.6335219],[-35.7295725,-9.6335497],[-35.7295776,-9.6335875],[-35.7295705,-9.6336507],[-35.7295659,-9.633691],[-35.7295635,-9.6337353],[-35.7295627,-9.6337527],[-35.7295627,-9.6337598],[-35.7295627,-9.6338125],[-35.7295525,-9.6338561],[-35.7295529,-9.6339128],[-35.7295376,-9.6339652],[-35.7295237,-9.633969],[-35.7295027,-9.6339758],[-35.7294659,-9.6339842],[-35.7294291,-9.6339863],[-35.7293895,-9.6339912],[-35.7293541,-9.6340032],[-35.7293224,-9.6340233],[-35.7293177,-9.6340271],[-35.7292877,-9.6340743],[-35.7292881,-9.6341565],[-35.7292893,-9.6341842],[-35.7292841,-9.6342657],[-35.7292883,-9.6342905],[-35.7292969,-9.6343314],[-35.7293009,-9.6343488],[-35.7293056,-9.6343691],[-35.7293089,-9.6344015],[-35.7293054,-9.6344137],[-35.72929,-9.6344475],[-35.729281,-9.6344624],[-35.7292513,-9.6344776],[-35.729206,-9.6344869],[-35.7291563,-9.6344855],[-35.7290888,-9.6344851],[-35.7290216,-9.6344851],[-35.72897,-9.6344881],[-35.72893,-9.6344953],[-35.7288854,-9.6345035],[-35.7288102,-9.6345287],[-35.728765,-9.6345502],[-35.7287394,-9.6345692],[-35.7287107,-9.6345964],[-35.7286876,-9.6346251],[-35.7286601,-9.6346556],[-35.7286404,-9.6346908],[-35.7286353,-9.6347398],[-35.7286337,-9.6347883],[-35.7286314,-9.6348071],[-35.7286334,-9.6348213],[-35.7286319,-9.6349019],[-35.7286334,-9.6349619],[-35.7286324,-9.6350099],[-35.7286324,-9.6350517],[-35.728636,-9.6350907],[-35.7286488,-9.6351274],[-35.7286558,-9.6351435],[-35.7286753,-9.6351852],[-35.7286984,-9.6352263],[-35.7287178,-9.6352677],[-35.7287337,-9.6353091],[-35.7287528,-9.6353508],[-35.7287731,-9.6353897],[-35.7287882,-9.6354278],[-35.7287957,-9.6354699],[-35.7288068,-9.6355154],[-35.7288077,-9.6355535],[-35.728793,-9.6356062],[-35.728774,-9.6356487],[-35.7287669,-9.6356938],[-35.7287696,-9.6357439],[-35.7287746,-9.6357875],[-35.7287749,-9.6358395],[-35.7287837,-9.6358762],[-35.7287959,-9.6359203],[-35.7288208,-9.6359608],[-35.7288484,-9.6359976],[-35.7288869,-9.6360329],[-35.728913,-9.6360595],[-35.7289351,-9.6360918],[-35.7289568,-9.6361259],[-35.7289812,-9.6361806],[-35.7289911,-9.6362107],[-35.728995,-9.6362223],[-35.7290008,-9.6362551],[-35.7290019,-9.6362643],[-35.7290048,-9.6363109],[-35.7290116,-9.6363568],[-35.7290146,-9.6364027],[-35.7290159,-9.6364471],[-35.729019,-9.6364905],[-35.7290239,-9.6365356],[-35.7290289,-9.6365817],[-35.7290329,-9.636625],[-35.7290369,-9.6366701],[-35.7290409,-9.6367171],[-35.7290437,-9.6367661],[-35.7290429,-9.6368107],[-35.7290398,-9.6368496],[-35.7290277,-9.6368983],[-35.7290144,-9.6369396],[-35.7289993,-9.636972],[-35.7289814,-9.637022],[-35.7289681,-9.6370646],[-35.7289557,-9.637109],[-35.7289442,-9.6371524],[-35.7289346,-9.6371968],[-35.7289286,-9.6372411],[-35.7289198,-9.6372854],[-35.7289207,-9.6373177],[-35.7289333,-9.6373748],[-35.7289418,-9.637419],[-35.7289495,-9.6374632],[-35.7289553,-9.6375083],[-35.7289641,-9.6375497],[-35.7289734,-9.6376532],[-35.7289706,-9.637774],[-35.728957,-9.6378344],[-35.7289376,-9.6379114],[-35.7289289,-9.6379613],[-35.728913,-9.6380137],[-35.7288929,-9.6380901],[-35.7288749,-9.6381322],[-35.7288587,-9.6381702],[-35.728838,-9.6382113],[-35.7288213,-9.6382574],[-35.7288016,-9.6383065],[-35.7287871,-9.6383364],[-35.7287641,-9.6383834],[-35.7287441,-9.6384162],[-35.7287262,-9.6384579],[-35.7287115,-9.6384995],[-35.7287056,-9.6385145],[-35.7286996,-9.6385422],[-35.7287008,-9.6385873],[-35.7287063,-9.6386354],[-35.7287188,-9.6386751],[-35.7287474,-9.6387152],[-35.7287673,-9.6387529],[-35.7287826,-9.6387936],[-35.7288012,-9.638835],[-35.7288252,-9.6388782],[-35.728851,-9.6389159],[-35.7288768,-9.6389527],[-35.7289017,-9.6389905],[-35.7289226,-9.6390242],[-35.7289333,-9.6390734],[-35.7289366,-9.6391068],[-35.7289329,-9.6391402],[-35.7289299,-9.6391644],[-35.7289097,-9.639201],[-35.7288744,-9.6392283],[-35.7288364,-9.639253],[-35.7287926,-9.6392904],[-35.728775,-9.6393186],[-35.7287576,-9.6393602],[-35.7287548,-9.6394046],[-35.7287787,-9.6394387],[-35.7288093,-9.6394604],[-35.7288699,-9.6394729],[-35.7289183,-9.6394755],[-35.7289639,-9.6394788],[-35.7290094,-9.6394802],[-35.7290549,-9.6394808],[-35.729106,-9.6394773],[-35.729145,-9.6394756],[-35.7291949,-9.6394751],[-35.7292343,-9.6394875],[-35.7292687,-9.6395038],[-35.7293093,-9.6395344],[-35.7293414,-9.6395687],[-35.7293582,-9.6396121],[-35.7293692,-9.6396584],[-35.7293668,-9.6397011],[-35.7293613,-9.6397507],[-35.7293533,-9.6397959],[-35.7293391,-9.6398345],[-35.729324,-9.6398762],[-35.7293079,-9.6399188],[-35.7292928,-9.6399614],[-35.7292737,-9.6400065],[-35.7292661,-9.6400553],[-35.7292601,-9.6400993],[-35.7292601,-9.6401412],[-35.7292793,-9.6401788],[-35.7293211,-9.6402033],[-35.7293631,-9.6402201],[-35.7294469,-9.6402099],[-35.7294978,-9.6402113],[-35.7295599,-9.6402113],[-35.7296136,-9.640217],[-35.7296617,-9.6402142],[-35.7297252,-9.6402071],[-35.7297888,-9.6402029],[-35.7298481,-9.640205],[-35.7298976,-9.6402135],[-35.7299287,-9.6402212],[-35.7299725,-9.6402219],[-35.7300276,-9.6402311],[-35.7300996,-9.6402396],[-35.7301491,-9.6402551],[-35.730213,-9.6402809],[-35.7302416,-9.6402954],[-35.7302702,-9.6403266],[-35.7303041,-9.6403943],[-35.7303199,-9.6404321],[-35.7303389,-9.6404712],[-35.7303613,-9.6405062],[-35.7303815,-9.6405373],[-35.7304023,-9.6405914],[-35.7304217,-9.6406328],[-35.7304439,-9.6406724],[-35.7304679,-9.6407101],[-35.7304991,-9.6407526],[-35.7305192,-9.6408002],[-35.7305455,-9.640794],[-35.7310928,-9.6406648],[-35.7311569,-9.6406912],[-35.7313952,-9.640712],[-35.7313931,-9.6407576],[-35.7314004,-9.6407867],[-35.7314253,-9.6408095],[-35.7314647,-9.640825],[-35.7315435,-9.6408541],[-35.7319354,-9.6409971],[-35.7318763,-9.6415062],[-35.731868,-9.6415985],[-35.7318324,-9.6415811],[-35.7315392,-9.6414599],[-35.7314849,-9.6414429],[-35.7313013,-9.6413805],[-35.7312469,-9.6413597],[-35.7311999,-9.641343],[-35.731149,-9.6413251],[-35.7311007,-9.6413222],[-35.7310689,-9.6413246],[-35.7310096,-9.6413352],[-35.7309515,-9.6413862],[-35.7308836,-9.6414649],[-35.7308131,-9.6415405],[-35.7307492,-9.6416194],[-35.7306815,-9.6417102],[-35.7305655,-9.6418658],[-35.7304931,-9.6419655],[-35.730481,-9.6419823],[-35.7304778,-9.6419866],[-35.7303567,-9.6421537],[-35.730344,-9.6421712],[-35.7303595,-9.642193],[-35.7303741,-9.6422195],[-35.7304145,-9.642268],[-35.7304302,-9.6422797],[-35.7304778,-9.6422891],[-35.7305748,-9.642268],[-35.7306014,-9.642261],[-35.7306593,-9.6422381],[-35.7307258,-9.6422034],[-35.7307972,-9.6421775],[-35.7308516,-9.6421466],[-35.7308803,-9.6421246],[-35.730905,-9.6420904],[-35.7309351,-9.6420344],[-35.7309569,-9.6419952],[-35.7309807,-9.6419503],[-35.7310334,-9.6418775],[-35.7310573,-9.6418527],[-35.7310948,-9.6418353],[-35.7311219,-9.641838],[-35.7311674,-9.6418594],[-35.7312028,-9.641896],[-35.7312456,-9.6419509],[-35.7312953,-9.6420205],[-35.7313148,-9.6420653],[-35.731334,-9.6421078],[-35.7313601,-9.6421559],[-35.7314089,-9.6422652],[-35.7314497,-9.6423693],[-35.7314575,-9.6424098],[-35.731467,-9.6424478],[-35.7314828,-9.6424888],[-35.7315005,-9.6425336],[-35.7315135,-9.6425757],[-35.7315247,-9.6425986],[-35.7315495,-9.642629],[-35.7315836,-9.6426476],[-35.7316243,-9.642658],[-35.7317045,-9.6426618],[-35.7317451,-9.6426606],[-35.7318574,-9.6426521],[-35.7318954,-9.6426383],[-35.7319455,-9.6426249],[-35.731988,-9.6426479],[-35.7320277,-9.6426943],[-35.7320736,-9.6427817],[-35.7321346,-9.6428651],[-35.7321675,-9.6429418],[-35.7321944,-9.6429942],[-35.7322193,-9.6430445],[-35.7322458,-9.6431084],[-35.7322773,-9.6431762],[-35.7323061,-9.6432227],[-35.7323147,-9.6432621],[-35.7323092,-9.6432853],[-35.7322838,-9.6433151],[-35.7322418,-9.6433551],[-35.7322331,-9.6434128],[-35.7322606,-9.6435029],[-35.7322692,-9.6435554],[-35.7322756,-9.6436217],[-35.732279,-9.6436429],[-35.7323189,-9.6436737],[-35.7323354,-9.6437115],[-35.7323395,-9.6437754],[-35.7323564,-9.6438387],[-35.732363,-9.6438615],[-35.7323718,-9.6440036],[-35.7323877,-9.6440837],[-35.7324033,-9.644127],[-35.7324036,-9.6442205],[-35.7323923,-9.6442627],[-35.7323838,-9.6442945],[-35.7323447,-9.6443743],[-35.7322898,-9.6444488],[-35.7322297,-9.6445024],[-35.732144,-9.6445485],[-35.732105,-9.6445714],[-35.7320266,-9.644616],[-35.7319455,-9.6446585],[-35.7318657,-9.6447025],[-35.7317505,-9.6447624],[-35.7317062,-9.6447896],[-35.7316281,-9.6448367],[-35.731589,-9.6448587],[-35.7315241,-9.6448976],[-35.7314665,-9.6449476],[-35.7314482,-9.6449714],[-35.7314224,-9.6450121],[-35.7314004,-9.6450591],[-35.7313867,-9.6451125],[-35.7313652,-9.6451989],[-35.7313571,-9.6453031],[-35.7313558,-9.6454544],[-35.7313428,-9.6455165],[-35.7313098,-9.6456118],[-35.7313055,-9.6456377],[-35.7312925,-9.6457152],[-35.7312751,-9.6457777],[-35.731245,-9.6458611],[-35.7312178,-9.6459915],[-35.7311938,-9.646054],[-35.7311398,-9.6461366],[-35.73111,-9.6461694],[-35.7310851,-9.6461948],[-35.7310501,-9.6462276],[-35.7309264,-9.6462971],[-35.7308104,-9.6463649],[-35.7307255,-9.6464116],[-35.7306229,-9.6464727],[-35.7305266,-9.6465262],[-35.7304382,-9.6465566],[-35.7303952,-9.6465712],[-35.7303457,-9.6465779],[-35.7302663,-9.6465727],[-35.7302146,-9.6465682],[-35.7301354,-9.6465595],[-35.7300806,-9.6465478],[-35.7300386,-9.6465357],[-35.729994,-9.6465206],[-35.7299492,-9.6465174],[-35.7298582,-9.6465199],[-35.7298246,-9.6465248],[-35.7297701,-9.6465441],[-35.7297157,-9.646574],[-35.7296559,-9.6466173],[-35.7295857,-9.6466595],[-35.7295436,-9.6466941],[-35.7295057,-9.6467203],[-35.7294571,-9.6467545],[-35.729432,-9.6467703],[-35.7293952,-9.6467992],[-35.7293591,-9.6468279],[-35.7292494,-9.646907],[-35.7292103,-9.6469383],[-35.7291745,-9.646966],[-35.7290833,-9.647032],[-35.7289907,-9.647097],[-35.7288996,-9.6471627],[-35.7288223,-9.6472238],[-35.7287509,-9.647272],[-35.7287123,-9.6473013],[-35.7286517,-9.6473357],[-35.728584,-9.6473811],[-35.7285599,-9.6473913],[-35.7285423,-9.6473986],[-35.7285242,-9.6474101],[-35.7285206,-9.6474142],[-35.7285008,-9.6474496],[-35.7284893,-9.6474921],[-35.728444,-9.6475133],[-35.7284069,-9.6475416],[-35.7283925,-9.6475679],[-35.7283709,-9.6476007],[-35.7283642,-9.6476106],[-35.7283349,-9.6476524],[-35.7282635,-9.6477381],[-35.7281649,-9.6478417],[-35.7280538,-9.6479883],[-35.727974,-9.6481179],[-35.7279319,-9.6480841],[-35.7277527,-9.6480172],[-35.7276304,-9.6480141],[-35.7277772,-9.6476045],[-35.7275949,-9.6475072],[-35.7273594,-9.6474081],[-35.7271604,-9.6473271],[-35.727072,-9.6472911],[-35.7269887,-9.6472546],[-35.726872,-9.6472357],[-35.7267052,-9.6472252],[-35.726517,-9.6472301],[-35.726376,-9.6472466],[-35.7262447,-9.6472936],[-35.7256792,-9.6474569],[-35.7255893,-9.6474714],[-35.7254657,-9.6474829],[-35.7253092,-9.647472],[-35.72515,-9.6474487],[-35.7250416,-9.647414],[-35.7249276,-9.6473607],[-35.7247699,-9.6472652],[-35.7246113,-9.6471233],[-35.7244005,-9.6468781],[-35.7241726,-9.6465359],[-35.7240497,-9.6463844],[-35.7238854,-9.6461494],[-35.7239337,-9.6460966],[-35.7239522,-9.6460337],[-35.7239563,-9.6459906],[-35.723949,-9.6459646],[-35.7239518,-9.6459371],[-35.7239589,-9.6459154],[-35.7239894,-9.6458702],[-35.7240375,-9.6458311],[-35.7240565,-9.6458014],[-35.7240742,-9.6457711],[-35.7241069,-9.645715],[-35.7241172,-9.6456789],[-35.7241165,-9.6456545],[-35.724096,-9.6455947],[-35.7240782,-9.6455653],[-35.7240672,-9.645531],[-35.7240597,-9.6455118],[-35.7240511,-9.6454753],[-35.7240484,-9.6454358],[-35.7240501,-9.6454143],[-35.7240583,-9.6453843],[-35.724081,-9.6453346],[-35.7240825,-9.6453269],[-35.7241002,-9.6452917],[-35.7241221,-9.645244],[-35.7241475,-9.6451968],[-35.7241763,-9.6451523],[-35.7241878,-9.6451198],[-35.7241848,-9.6451071],[-35.7241803,-9.6450881],[-35.7241558,-9.6450601],[-35.724094,-9.6450334],[-35.7239803,-9.6449826],[-35.7239018,-9.6449535],[-35.7239154,-9.6448806],[-35.7239103,-9.6447917],[-35.7239049,-9.644754],[-35.723896,-9.6447074],[-35.723892,-9.6446773],[-35.7238906,-9.644638],[-35.7238961,-9.6446108],[-35.7239055,-9.6445849],[-35.7239148,-9.6445514],[-35.723943,-9.6444955],[-35.7239613,-9.644467],[-35.7239732,-9.6444352],[-35.7239571,-9.6443809],[-35.7239385,-9.6442973],[-35.7239402,-9.6442919],[-35.7239447,-9.6442859],[-35.7239483,-9.6442812],[-35.723955,-9.6442773],[-35.7238976,-9.6442435],[-35.7239258,-9.6442348],[-35.7239526,-9.6442129],[-35.7239973,-9.6442105],[-35.7240751,-9.6441949],[-35.7241675,-9.6441803],[-35.724239,-9.6441618],[-35.7242905,-9.6441419],[-35.7243338,-9.644121],[-35.7243605,-9.6441093],[-35.7243941,-9.644102],[-35.7244456,-9.6440768],[-35.7244675,-9.6440704],[-35.7245195,-9.6440563],[-35.7245545,-9.6440573],[-35.7246177,-9.6440641],[-35.7246916,-9.644068],[-35.7247791,-9.644034],[-35.7248282,-9.6439819],[-35.7248521,-9.6439139],[-35.7248662,-9.6438293],[-35.7248657,-9.6437948],[-35.7248637,-9.6437656],[-35.7248518,-9.6437301],[-35.7248501,-9.6437252],[-35.7248671,-9.6436878],[-35.724872,-9.6436513],[-35.7248949,-9.6435998],[-35.7249255,-9.6435555],[-35.72496,-9.6435171],[-35.7250072,-9.6434841],[-35.725065,-9.6434296],[-35.7250957,-9.6433907],[-35.7251399,-9.6433401],[-35.7251647,-9.6433071],[-35.7252026,-9.6432587],[-35.7252372,-9.6432492],[-35.7252945,-9.6432633],[-35.7253782,-9.6433611],[-35.7254005,-9.6433776],[-35.7254239,-9.6433713],[-35.7254628,-9.6433353],[-35.7255206,-9.6433056],[-35.7255683,-9.6432682],[-35.7256188,-9.6432585],[-35.7256633,-9.6432481],[-35.7257227,-9.6432014]]]]}},
{"type":"Feature","properties":{"ibge_code_municipio":"2704302","name":"Ouro Preto","code":"2704302028"},"geometry":{"type":"MultiPolygon","coordinates":[[[[-35.7318576,-9.6067727],[-35.731857,-9.6068205],[-35.7318572,-9.606956],[-35.7318706,-9.6070453],[-35.7318737,-9.6070905],[-35.7318732,-9.6071348],[-35.7318452,-9.6071702],[-35.7318164,-9.6072048],[-35.7317746,-9.6072223],[-35.7317302,-9.6072407],[-35.7316912,-9.6072582],[-35.7316531,-9.6072838],[-35.7316197,-9.6073111],[-35.7316191,-9.6073563],[-35.7316294,-9.6073942],[-35.7316723,-9.6074083],[-35.731717,-9.6074152],[-35.731759,-9.6074284],[-35.731792,-9.6074598],[-35.731805,-9.6074967],[-35.7317954,-9.6075411],[-35.7317748,-9.6075792],[-35.7317152,-9.6076483],[-35.7316557,-9.6077165],[-35.7316204,-9.6077439],[-35.7315814,-9.6077677],[-35.7315388,-9.6077798],[-35.7314933,-9.6077838],[-35.7314478,-9.6077877],[-35.7314069,-9.6078034],[-35.7313689,-9.6078281],[-35.7313683,-9.6078625],[-35.7313895,-9.607902],[-35.731427,-9.6079234],[-35.7314699,-9.6079403],[-35.7315119,-9.6079562],[-35.7315549,-9.607973],[-35.7315879,-9.6080045],[-35.7316174,-9.6080372],[-35.7316331,-9.608079],[-35.7316302,-9.6081276],[-35.7316247,-9.6081685],[-35.7316023,-9.6082076],[-35.7315528,-9.6082829],[-35.7315304,-9.608322],[-35.7315079,-9.6083619],[-35.7314855,-9.6084009],[-35.731452,-9.608431],[-35.7314177,-9.6084611],[-35.7313722,-9.6084633],[-35.7313267,-9.6084645],[-35.731284,-9.6084802],[-35.7312413,-9.6084959],[-35.7312051,-9.6085224],[-35.731169,-9.6085507],[-35.7311355,-9.6085817],[-35.7310796,-9.6086517],[-35.7310572,-9.6086916],[-35.7310357,-9.6087315],[-35.7310081,-9.6088176],[-35.7310067,-9.6088628],[-35.7310061,-9.608908],[-35.7310174,-9.6089512],[-35.7310287,-9.6089954],[-35.7310481,-9.6090359],[-35.7310667,-9.6090773],[-35.7310743,-9.6091216],[-35.7310765,-9.6091649],[-35.7310476,-9.6092004],[-35.731016,-9.6092286],[-35.7309705,-9.6092272],[-35.7309249,-9.6092266],[-35.7308803,-9.609227],[-35.7308527,-9.6092305],[-35.7308348,-9.6092328],[-35.7308078,-9.6092441],[-35.7307976,-9.6092484],[-35.7307816,-9.609291],[-35.730771,-9.6093336],[-35.7307732,-9.6093787],[-35.7307808,-9.6094229],[-35.7307994,-9.6094644],[-35.7308224,-9.609503],[-35.7308537,-9.6095353],[-35.7308894,-9.6095603],[-35.7309332,-9.6095744],[-35.730976,-9.609575],[-35.7310186,-9.6095602],[-35.7310622,-9.6095445],[-35.7311058,-9.609536],[-35.7311513,-9.609532],[-35.7311933,-9.6095435],[-35.7312335,-9.6095648],[-35.7312629,-9.609598],[-35.731286,-9.6096367],[-35.7312964,-9.6096795],[-35.7313013,-9.6097242],[-35.7312959,-9.6097649],[-35.7312847,-9.6098129],[-35.7312708,-9.6099024],[-35.7312694,-9.6099464],[-35.731271,-9.6100371],[-35.7312796,-9.6100813],[-35.731289,-9.6101255],[-35.7313085,-9.6101669],[-35.7313294,-9.6102066],[-35.7313713,-9.6102865],[-35.7313881,-9.6103289],[-35.731417,-9.6104145],[-35.7314319,-9.6104568],[-35.7314468,-9.6104992],[-35.7314617,-9.6105424],[-35.7314766,-9.6105848],[-35.7314951,-9.6106262],[-35.7315137,-9.6106676],[-35.7315331,-9.6107081],[-35.7315526,-9.6107495],[-35.731572,-9.61079],[-35.7315942,-9.6108296],[-35.7316182,-9.6108683],[-35.7316325,-9.6108888],[-35.7316633,-9.610932],[-35.7316718,-9.6109404],[-35.7316733,-9.6109418],[-35.7317349,-9.6110083],[-35.7317697,-9.6110378],[-35.7318046,-9.6110674],[-35.7318412,-9.6110942],[-35.7318769,-9.611121],[-35.73188,-9.6111661],[-35.7318786,-9.6112104],[-35.731857,-9.6112504],[-35.7318346,-9.6112894],[-35.7318192,-9.6113169],[-35.7317897,-9.6113683],[-35.731779,-9.6113858],[-35.7317691,-9.6114083],[-35.7317576,-9.6114517],[-35.7317479,-9.6114961],[-35.7317437,-9.6115413],[-35.7317396,-9.6115856],[-35.7317335,-9.6116308],[-35.7317275,-9.6116751],[-35.7317188,-9.6117195],[-35.73171,-9.6117638],[-35.7316985,-9.6118082],[-35.7316852,-9.6118507],[-35.7316655,-9.6118915],[-35.7316468,-9.6119333],[-35.7316289,-9.6119741],[-35.7316165,-9.6120175],[-35.7316177,-9.6120573],[-35.7316534,-9.6120841],[-35.7316901,-9.6121118],[-35.7317195,-9.612145],[-35.7317425,-9.6121837],[-35.7317492,-9.6122261],[-35.7317432,-9.6122704],[-35.7317208,-9.6123067],[-35.7316873,-9.6123377],[-35.7316484,-9.6123606],[-35.7316066,-9.612379],[-35.7315636,-9.612394],[-35.7314777,-9.6124216],[-35.7314318,-9.6124341],[-35.7313896,-9.612444],[-35.7313527,-9.6124595],[-35.7313258,-9.6124718],[-35.7312898,-9.6125033],[-35.7312537,-9.6125465],[-35.7312314,-9.6125854],[-35.7312207,-9.6125987],[-35.7311962,-9.612628],[-35.73116,-9.6126554],[-35.731122,-9.612681],[-35.7310858,-9.6127075],[-35.7310524,-9.6127385],[-35.7310331,-9.6127572],[-35.7310115,-9.6127783],[-35.7309973,-9.6127918],[-35.730991,-9.6127978],[-35.7309873,-9.6128013],[-35.7309548,-9.6128332],[-35.7309223,-9.6128642],[-35.7308897,-9.612896],[-35.7308572,-9.612927],[-35.7308173,-9.6129481],[-35.7307756,-9.6129674],[-35.7307381,-9.6129478],[-35.7307033,-9.6129201],[-35.7306929,-9.6128759],[-35.7306835,-9.6128317],[-35.7306849,-9.6127874],[-35.7306828,-9.6127432],[-35.7306552,-9.6127082],[-35.7306195,-9.6126895],[-35.730575,-9.6126961],[-35.7305304,-9.6127046],[-35.7304859,-9.6127167],[-35.7304423,-9.6127261],[-35.7303968,-9.6127319],[-35.730354,-9.6127241],[-35.7303146,-9.6127018],[-35.7302925,-9.6126677],[-35.7302906,-9.6126534],[-35.7302866,-9.6126224],[-35.73028,-9.6125783],[-35.7302714,-9.6125341],[-35.7302729,-9.6124898],[-35.7302825,-9.6124455],[-35.7302913,-9.6124011],[-35.7302982,-9.6123568],[-35.7303051,-9.6123125],[-35.7302975,-9.6122692],[-35.7302781,-9.6122287],[-35.7302595,-9.6121873],[-35.7302256,-9.6121604],[-35.7301845,-9.61214],[-35.7301488,-9.6121131],[-35.7301148,-9.6120827],[-35.73009,-9.6120458],[-35.7300696,-9.6120053],[-35.7300565,-9.6119621],[-35.7300452,-9.6119188],[-35.7300349,-9.6118746],[-35.7300181,-9.6118323],[-35.7299996,-9.6117909],[-35.729973,-9.6117545],[-35.7299453,-9.611719],[-35.7299069,-9.6116967],[-35.7298649,-9.6116799],[-35.729822,-9.6116658],[-35.7297782,-9.6116526],[-35.7297335,-9.6116457],[-35.729688,-9.6116406],[-35.7296433,-9.611631],[-35.7295995,-9.6116187],[-35.729562,-9.6115955],[-35.7295353,-9.6115596],[-35.7295113,-9.611521],[-35.7295109,-9.6114767],[-35.7295151,-9.6114315],[-35.7295262,-9.6113897],[-35.729539,-9.6113446],[-35.729525,-9.6113022],[-35.7295092,-9.6112599],[-35.7294645,-9.6112521],[-35.7294199,-9.611247],[-35.7293753,-9.6112582],[-35.7293326,-9.6112585],[-35.7292959,-9.6112317],[-35.7292783,-9.6111948],[-35.7292771,-9.6111497],[-35.729284,-9.6111062],[-35.7292955,-9.6110619],[-35.7293115,-9.6110202],[-35.7293331,-9.6109803],[-35.7293592,-9.610943],[-35.729378,-9.6109022],[-35.7293931,-9.6108596],[-35.7293927,-9.6108163],[-35.7293824,-9.610773],[-35.7293611,-9.6107334],[-35.7293353,-9.6106965],[-35.7293086,-9.6106588],[-35.7292828,-9.610622],[-35.7292576,-9.6105813],[-35.7292367,-9.6105446],[-35.7292145,-9.6105051],[-35.7292042,-9.6104618],[-35.7291993,-9.6104166],[-35.7291944,-9.6103724],[-35.7292031,-9.6103281],[-35.7292164,-9.6102855],[-35.7292407,-9.6102473],[-35.7292677,-9.610211],[-35.7293021,-9.6101818],[-35.7293383,-9.6101553],[-35.7293607,-9.6101181],[-35.7293649,-9.6100738],[-35.7293646,-9.6100286],[-35.7293598,-9.610015],[-35.7293497,-9.6099863],[-35.729332,-9.6099449],[-35.7293139,-9.6099067],[-35.7292931,-9.6098629],[-35.72928,-9.6098197],[-35.729267,-9.6097764],[-35.7292666,-9.6097312],[-35.7292671,-9.6096861],[-35.7292814,-9.6096435],[-35.7292983,-9.6096018],[-35.729308,-9.6095574],[-35.7292867,-9.6095188],[-35.7292619,-9.609481],[-35.7292208,-9.6094651],[-35.729177,-9.6094519],[-35.7291341,-9.6094377],[-35.7291101,-9.6093991],[-35.7290988,-9.6093594],[-35.7291176,-9.6093186],[-35.7291382,-9.6092778],[-35.7291625,-9.6092397],[-35.729184,-9.6092006],[-35.729201,-9.6091589],[-35.7292216,-9.6091181],[-35.7292477,-9.6090818],[-35.7292757,-9.6090463],[-35.7292954,-9.6090064],[-35.7293032,-9.6089621],[-35.7293111,-9.6089177],[-35.729318,-9.6088734],[-35.7293158,-9.6088292],[-35.7293027,-9.6087859],[-35.729286,-9.6087445],[-35.7292675,-9.608703],[-35.7292426,-9.6086653],[-35.7292123,-9.6086312],[-35.7291765,-9.6086062],[-35.7291354,-9.6085866],[-35.7290916,-9.6085761],[-35.7290461,-9.608572],[-35.7290025,-9.6085814],[-35.7289607,-9.6085979],[-35.7289181,-9.6086145],[-35.7288753,-9.6086122],[-35.7288315,-9.6085999],[-35.7288138,-9.6085594],[-35.7287971,-9.608517],[-35.7288113,-9.6084744],[-35.7288265,-9.6084319],[-35.7288407,-9.6083893],[-35.7288476,-9.6083441],[-35.7288518,-9.6082997],[-35.7288483,-9.6082903],[-35.7292829,-9.6081259],[-35.7292047,-9.6078929],[-35.7291937,-9.6078599],[-35.7291213,-9.6076805],[-35.7294418,-9.6076006],[-35.7294127,-9.6074103],[-35.7294114,-9.6074018],[-35.7294057,-9.6073598],[-35.7292979,-9.6073572],[-35.7292146,-9.6069324],[-35.7290439,-9.6069345],[-35.7288711,-9.6070219],[-35.7288549,-9.6070381],[-35.7288589,-9.607023],[-35.7288649,-9.6069778],[-35.7288673,-9.6069335],[-35.7288605,-9.6068884],[-35.7288492,-9.6068451],[-35.7288307,-9.6068037],[-35.7288104,-9.6067632],[-35.7287642,-9.6066859],[-35.7287411,-9.6066463],[-35.7287199,-9.6066067],[-35.7287004,-9.6065662],[-35.7286819,-9.6065248],[-35.7286652,-9.6064825],[-35.7286548,-9.6064392],[-35.7286481,-9.6063941],[-35.7286468,-9.6063489],[-35.7286547,-9.6063064],[-35.7286749,-9.6062726],[-35.728678,-9.6062673],[-35.7287023,-9.6062301],[-35.7287293,-9.6061937],[-35.728749,-9.6061538],[-35.7287605,-9.6061095],[-35.7287665,-9.6060651],[-35.7287662,-9.60602],[-35.7287658,-9.6059748],[-35.7287654,-9.6059296],[-35.7287651,-9.6058845],[-35.7287647,-9.6058393],[-35.7287644,-9.6057941],[-35.7287468,-9.6057563],[-35.7287137,-9.6057249],[-35.7286735,-9.6057099],[-35.7286289,-9.6057057],[-35.7285834,-9.6057016],[-35.7285378,-9.6056974],[-35.7284922,-9.6056933],[-35.7284476,-9.6056873],[-35.728402,-9.6056804],[-35.7283582,-9.6056699],[-35.7283153,-9.6056567],[-35.728276,-9.6056344],[-35.7282412,-9.6056058],[-35.7282127,-9.6055708],[-35.7281905,-9.6055321],[-35.728172,-9.6054907],[-35.728158,-9.6054474],[-35.7281549,-9.6054032],[-35.72816,-9.6053589],[-35.728156,-9.6053146],[-35.7281518,-9.6052948],[-35.7281466,-9.6052704],[-35.7281362,-9.6052262],[-35.7281222,-9.605183],[-35.7281055,-9.6051416],[-35.7281115,-9.6051],[-35.7281312,-9.6050609],[-35.7281767,-9.6050525],[-35.7282212,-9.605044],[-35.7283577,-9.6050402],[-35.7284023,-9.6050344],[-35.7284478,-9.6050286],[-35.7284914,-9.6050147],[-35.7285267,-9.6050025],[-35.728534,-9.6049999],[-35.7285702,-9.6049735],[-35.7286046,-9.6049443],[-35.7286179,-9.6049017],[-35.7286248,-9.6048583],[-35.7286036,-9.6048187],[-35.7285787,-9.6047818],[-35.728543,-9.6047541],[-35.7285064,-9.6047273],[-35.7284724,-9.6046978],[-35.7284466,-9.60466],[-35.7284236,-9.6046213],[-35.7284114,-9.604579],[-35.7284174,-9.6045347],[-35.7284225,-9.6044894],[-35.7284249,-9.6044442],[-35.7284172,-9.6044],[-35.728406,-9.6043568],[-35.7283865,-9.6043162],[-35.7283635,-9.6042776],[-35.728335,-9.6042426],[-35.7283101,-9.6042048],[-35.7282934,-9.6041634],[-35.7282766,-9.6041211],[-35.7282599,-9.6040787],[-35.7282432,-9.6040373],[-35.7282265,-9.603995],[-35.7282088,-9.6039535],[-35.7281912,-9.6039121],[-35.7281709,-9.6038716],[-35.728146,-9.6038339],[-35.7281148,-9.6038016],[-35.7280826,-9.6037693],[-35.7280523,-9.6037361],[-35.7280247,-9.6037002],[-35.7280026,-9.6036606],[-35.7279858,-9.6036192],[-35.7279773,-9.603575],[-35.7279769,-9.6035298],[-35.7279939,-9.6034917],[-35.7280246,-9.603459],[-35.7280562,-9.6034253],[-35.7280869,-9.6033925],[-35.728124,-9.6033678],[-35.7281658,-9.6033503],[-35.7281974,-9.6033203],[-35.7282207,-9.6032821],[-35.7282551,-9.6032548],[-35.7282969,-9.6032373],[-35.7283386,-9.6032198],[-35.7283822,-9.6032086],[-35.7284267,-9.6031983],[-35.7284584,-9.6031682],[-35.7284872,-9.6031337],[-35.7284832,-9.6030885],[-35.7284783,-9.6030434],[-35.7284516,-9.6030066],[-35.7284249,-9.6029706],[-35.7283883,-9.6029438],[-35.7283507,-9.6029179],[-35.7283114,-9.6028956],[-35.7282721,-9.6028733],[-35.7282319,-9.602852],[-35.7281863,-9.6028496],[-35.7281418,-9.602859],[-35.7280973,-9.6028675],[-35.7280518,-9.6028715],[-35.7280081,-9.6028709],[-35.7279714,-9.6028432],[-35.7279466,-9.60281],[-35.7279435,-9.6027648],[-35.7279413,-9.6027169],[-35.7279355,-9.6026344],[-35.7280575,-9.6026485],[-35.7283136,-9.6026095],[-35.7285994,-9.6027453],[-35.7287325,-9.6025245],[-35.7288268,-9.6024096],[-35.7292636,-9.6017996],[-35.7292622,-9.6017943],[-35.728818,-9.6015609],[-35.7287821,-9.6015527],[-35.7287794,-9.6015394],[-35.7287775,-9.6015304],[-35.7286006,-9.6014954],[-35.7285476,-9.6014972],[-35.7284437,-9.6005815],[-35.7284341,-9.6004799],[-35.7285618,-9.6004453],[-35.7285594,-9.6004416],[-35.7285428,-9.6004146],[-35.728558,-9.6003756],[-35.7285804,-9.6003366],[-35.7286212,-9.6003164],[-35.728662,-9.600298],[-35.7287038,-9.6002796],[-35.7287335,-9.6002459],[-35.7287624,-9.6002105],[-35.7287912,-9.6001759],[-35.7288128,-9.600136],[-35.7288343,-9.6000961],[-35.7288558,-9.6000561],[-35.7288609,-9.6000118],[-35.728867,-9.5999666],[-35.7288299,-9.5998847],[-35.7288113,-9.5998433],[-35.728811,-9.5997981],[-35.7288106,-9.5997529],[-35.7288477,-9.5997264],[-35.7288839,-9.5996999],[-35.7289275,-9.5996851],[-35.7289702,-9.5996712],[-35.7289872,-9.5996295],[-35.7290032,-9.599587],[-35.7290056,-9.5995418],[-35.7290134,-9.5994992],[-35.7290423,-9.5994638],[-35.7290711,-9.5994292],[-35.7291018,-9.5993955],[-35.7291297,-9.5993601],[-35.7291504,-9.5993202],[-35.7291682,-9.5992794],[-35.7291788,-9.599235],[-35.7291912,-9.5991915],[-35.7292137,-9.5991534],[-35.729248,-9.5991242],[-35.7292861,-9.5990995],[-35.7293287,-9.5990848],[-35.7293723,-9.5990727],[-35.7294169,-9.5990633],[-35.7294614,-9.5990575],[-35.7295069,-9.5990535],[-35.7295524,-9.5990523],[-35.7295979,-9.5990501],[-35.7296435,-9.5990525],[-35.729689,-9.5990566],[-35.7297345,-9.5990563],[-35.7297711,-9.5990722],[-35.7297928,-9.5991023],[-35.7298767,-9.5992198],[-35.7299828,-9.5993669],[-35.7299976,-9.599377],[-35.7300194,-9.5993919],[-35.7309107,-9.5998448],[-35.7324286,-9.6006159],[-35.7324863,-9.6006469],[-35.7326493,-9.6007355],[-35.7326931,-9.6007469],[-35.7327378,-9.6007564],[-35.7327825,-9.600766],[-35.7328272,-9.6007756],[-35.732871,-9.6007852],[-35.7329156,-9.6007948],[-35.7329936,-9.6008411],[-35.7330128,-9.6008753],[-35.733021,-9.6008903],[-35.733035,-9.6009158],[-35.7330589,-9.6009545],[-35.733082,-9.6009931],[-35.7331069,-9.6010327],[-35.7331467,-9.6011128],[-35.7331625,-9.6011542],[-35.733172,-9.6011993],[-35.7331805,-9.6012435],[-35.7331871,-9.6012751],[-35.7332031,-9.601331],[-35.7332152,-9.6013743],[-35.7332283,-9.6014175],[-35.7332414,-9.6014608],[-35.7332563,-9.6015032],[-35.7332722,-9.6015455],[-35.7333196,-9.6016725],[-35.7333396,-9.6017467],[-35.7333431,-9.60176],[-35.7333398,-9.6018052],[-35.7333374,-9.6018504],[-35.7333423,-9.6018955],[-35.7333481,-9.6019397],[-35.7333721,-9.6019784],[-35.7333943,-9.6020171],[-35.7334137,-9.6020585],[-35.733435,-9.6020981],[-35.7334689,-9.6021285],[-35.7335019,-9.602159],[-35.7335359,-9.6021894],[-35.7335707,-9.6022181],[-35.73361,-9.6022412],[-35.7336502,-9.6022617],[-35.7336923,-9.6022776],[-35.7337343,-9.6022954],[-35.7337763,-9.6023113],[-35.7338219,-9.6023182],[-35.7338665,-9.6023259],[-35.7339112,-9.6023319],[-35.7339567,-9.6023361],[-35.7340005,-9.6023457],[-35.7340322,-9.6023524],[-35.7340474,-9.6023509],[-35.7340681,-9.6023423],[-35.7340972,-9.6024777],[-35.7340984,-9.6025229],[-35.7341052,-9.6025671],[-35.7341164,-9.6026113],[-35.7341277,-9.6026555],[-35.7341372,-9.6026988],[-35.7341393,-9.6027439],[-35.7341384,-9.602774],[-35.7341341,-9.6027912],[-35.7341248,-9.6028001],[-35.7340976,-9.6028273],[-35.7340785,-9.6028405],[-35.7340494,-9.6028562],[-35.7339995,-9.6028702],[-35.7339378,-9.6028809],[-35.733884,-9.6028842],[-35.733841,-9.6028876],[-35.7338163,-9.602887],[-35.73377,-9.6028832],[-35.7337336,-9.6028736],[-35.7337016,-9.6028511],[-35.7336803,-9.6028239],[-35.7336604,-9.6028066],[-35.7336427,-9.6027917],[-35.7336108,-9.6027682],[-35.7335578,-9.602739],[-35.7334917,-9.6027379],[-35.7334277,-9.6027479],[-35.7333705,-9.6027906],[-35.7332797,-9.6028915],[-35.7332248,-9.6029644],[-35.7330879,-9.603035],[-35.733005,-9.6031337],[-35.7329529,-9.6033009],[-35.7329624,-9.6034432],[-35.7330321,-9.6036041],[-35.7330897,-9.6036977],[-35.7331506,-9.6037415],[-35.7331731,-9.6038094],[-35.7331311,-9.603864],[-35.7329857,-9.6039443],[-35.7329061,-9.604056],[-35.7331764,-9.6043446],[-35.7331151,-9.604353],[-35.7330999,-9.6043549],[-35.7330582,-9.6043733],[-35.7330183,-9.6043944],[-35.7329784,-9.6044155],[-35.7329532,-9.6044519],[-35.7329087,-9.6045317],[-35.7328437,-9.6046506],[-35.7328441,-9.604694],[-35.7328481,-9.6047391],[-35.7328757,-9.604775],[-35.7329005,-9.6048119],[-35.7328954,-9.6048562],[-35.7328905,-9.6048724],[-35.732883,-9.6048969],[-35.7328487,-9.6049279],[-35.7328152,-9.604958],[-35.7327799,-9.6049854],[-35.7326993,-9.6050276],[-35.7326584,-9.6050469],[-35.7326158,-9.6050644],[-35.7325731,-9.6050774],[-35.7325276,-9.6050823],[-35.7324821,-9.6050844],[-35.7324366,-9.6050803],[-35.7323937,-9.6050689],[-35.7323544,-9.6050457],[-35.7323205,-9.605017],[-35.7322938,-9.6049811],[-35.732268,-9.6049434],[-35.7322422,-9.6049065],[-35.7322092,-9.6048779],[-35.7321681,-9.6048592],[-35.7321262,-9.6048659],[-35.7320992,-9.6048986],[-35.7320804,-9.6049394],[-35.732088,-9.6049836],[-35.7320993,-9.6050269],[-35.7321042,-9.6050721],[-35.7321082,-9.6051172],[-35.7320903,-9.605158],[-35.7320716,-9.6051988],[-35.732026,-9.6051992],[-35.7319805,-9.6052004],[-35.731935,-9.6052008],[-35.7318895,-9.6052039],[-35.7318478,-9.6052204],[-35.7318143,-9.6052433],[-35.7318128,-9.6052885],[-35.7318159,-9.6053336],[-35.7318263,-9.6053778],[-35.7318516,-9.6054644],[-35.7318601,-9.6055086],[-35.7318632,-9.6055537],[-35.7318599,-9.605598],[-35.7318466,-9.6056415],[-35.7318251,-9.6056787],[-35.7317916,-9.6057097],[-35.7317526,-9.6057317],[-35.7317155,-9.6057564],[-35.7316839,-9.6057882],[-35.7316779,-9.6058271],[-35.7316891,-9.6058704],[-35.7317176,-9.6059045],[-35.7317981,-9.6059464],[-35.7318365,-9.6059704],[-35.7318749,-9.6059954],[-35.7318753,-9.6060379],[-35.7318464,-9.6060725],[-35.7318148,-9.6061043],[-35.7318003,-9.6061943],[-35.7318072,-9.6062842],[-35.7318157,-9.6063284],[-35.7318242,-9.6063726],[-35.7318468,-9.6064601],[-35.7318593,-9.6065471],[-35.7318597,-9.6066005],[-35.7318604,-9.6066488],[-35.7318604,-9.6066849],[-35.7318581,-9.6067301],[-35.7318576,-9.6067727]]]]}},
{"type":"Feature","properties":{"ibge_code_municipio":"2704302","name":"Serraria","code":"2704302047"},"geometry":{"type":"MultiPolygon","coordinates":[[[[-35.7161892,-9.5928201],[-35.7162171,-9.592787],[-35.7162396,-9.5927692],[-35.7162499,-9.5927456],[-35.7163095,-9.5926864],[-35.7163447,-9.5926581],[-35.7164214,-9.5925698],[-35.7164665,-9.5925189],[-35.7165669,-9.5924377],[-35.716603,-9.5923922],[-35.7166873,-9.5922997],[-35.7167456,-9.592233],[-35.716805,-9.5921539],[-35.7168603,-9.5920876],[-35.7168862,-9.5920566],[-35.7169086,-9.5920185],[-35.7169248,-9.5919922],[-35.7169339,-9.5919797],[-35.7169654,-9.5919467],[-35.7169938,-9.5919116],[-35.717051,-9.5918412],[-35.7171655,-9.5916663],[-35.7172549,-9.5915294],[-35.717273,-9.591502],[-35.7172866,-9.5914716],[-35.7172938,-9.5914616],[-35.717307,-9.5914417],[-35.717319,-9.5914235],[-35.7173307,-9.5914062],[-35.7173762,-9.5913522],[-35.7174344,-9.5912843],[-35.7174614,-9.5912469],[-35.7174874,-9.5912108],[-35.7175137,-9.5911744],[-35.7175359,-9.5911242],[-35.7175556,-9.5910802],[-35.7175836,-9.5910101],[-35.7175921,-9.5909892],[-35.7176109,-9.5909229],[-35.7176269,-9.5908808],[-35.7176394,-9.590849],[-35.7176457,-9.5908391],[-35.7176614,-9.5908118],[-35.7176625,-9.5908099],[-35.717665,-9.5908051],[-35.7176704,-9.5907954],[-35.7176897,-9.5907601],[-35.7177005,-9.5907401],[-35.717716,-9.5907235],[-35.7177427,-9.5906949],[-35.7177851,-9.5906494],[-35.7178498,-9.59058],[-35.7178575,-9.5905717],[-35.7178683,-9.5905572],[-35.7178865,-9.5905328],[-35.7178923,-9.5905253],[-35.7178936,-9.5905237],[-35.7178947,-9.5905222],[-35.7178956,-9.5905211],[-35.717922,-9.5904846],[-35.717948,-9.5904488],[-35.717974,-9.5904127],[-35.7180016,-9.5903746],[-35.7180097,-9.5903628],[-35.7180332,-9.5903418],[-35.7180513,-9.5903254],[-35.7180722,-9.5903261],[-35.7180977,-9.5903277],[-35.7182088,-9.5903278],[-35.7182541,-9.5903238],[-35.7183659,-9.5902951],[-35.7183842,-9.5902866],[-35.7184385,-9.5902474],[-35.7185048,-9.5902279],[-35.7185692,-9.5901975],[-35.718587,-9.5901905],[-35.7187358,-9.5900905],[-35.71876,-9.5900611],[-35.7187619,-9.5900587],[-35.7187676,-9.5900502],[-35.7187692,-9.5900479],[-35.7187701,-9.5900464],[-35.7187711,-9.590045],[-35.718772,-9.5900437],[-35.718779,-9.5900332],[-35.7188141,-9.5899806],[-35.7188156,-9.5899354],[-35.7187676,-9.5898517],[-35.7187392,-9.5898357],[-35.7186988,-9.5898149],[-35.7186589,-9.5897944],[-35.718646,-9.5897876],[-35.7186197,-9.5897699],[-35.7185975,-9.5897555],[-35.7185915,-9.5896914],[-35.7185906,-9.5896905],[-35.7186134,-9.5896578],[-35.7186419,-9.5896169],[-35.7186644,-9.589577],[-35.718682,-9.5895364],[-35.7187,-9.5894948],[-35.7187341,-9.5894114],[-35.7187367,-9.5894047],[-35.7187518,-9.5893815],[-35.7187542,-9.5893776],[-35.7187815,-9.5893337],[-35.7188113,-9.5892858],[-35.718832,-9.5892585],[-35.7188342,-9.5892556],[-35.7188593,-9.5892226],[-35.7188855,-9.5891881],[-35.718914,-9.5891504],[-35.7189332,-9.5891107],[-35.71894,-9.5890969],[-35.7189962,-9.5889464],[-35.7189996,-9.5889238],[-35.7190124,-9.5889054],[-35.7190347,-9.5888711],[-35.7190383,-9.5888685],[-35.7190472,-9.5888597],[-35.7190618,-9.5888456],[-35.7190951,-9.5888002],[-35.7191047,-9.5887814],[-35.7191157,-9.5887589],[-35.7191391,-9.5887228],[-35.7191499,-9.5887063],[-35.7191812,-9.5886585],[-35.7191895,-9.5886459],[-35.7191986,-9.5886265],[-35.7192083,-9.5886051],[-35.7192205,-9.5885363],[-35.7192374,-9.5885002],[-35.7192482,-9.5884764],[-35.7192509,-9.5884728],[-35.7192853,-9.5884518],[-35.7193026,-9.5884417],[-35.7193262,-9.5884325],[-35.7193691,-9.5884157],[-35.7193851,-9.5884094],[-35.7194105,-9.5883975],[-35.7195111,-9.5883298],[-35.7195201,-9.5883207],[-35.7195448,-9.5882818],[-35.7195525,-9.5882698],[-35.7195668,-9.5882435],[-35.7195695,-9.5882381],[-35.7195993,-9.5882126],[-35.7196255,-9.5881898],[-35.7196365,-9.5881906],[-35.719682,-9.5881929],[-35.7196966,-9.5881991],[-35.7197249,-9.588208],[-35.7197423,-9.5882142],[-35.7197669,-9.5882248],[-35.7198053,-9.5882417],[-35.719809,-9.5882434],[-35.7198179,-9.5882484],[-35.7198344,-9.5882577],[-35.7198483,-9.5882648],[-35.7198647,-9.5882737],[-35.7198876,-9.5882889],[-35.7199132,-9.588305],[-35.7199233,-9.5883157],[-35.7199554,-9.588348],[-35.7201357,-9.5883466],[-35.7201817,-9.588292],[-35.7201933,-9.5882346],[-35.7202217,-9.5881797],[-35.7202744,-9.5881567],[-35.7203103,-9.5881094],[-35.7203511,-9.5880702],[-35.7203716,-9.588042],[-35.7203737,-9.5880392],[-35.7203831,-9.5880244],[-35.7204143,-9.5879735],[-35.7204591,-9.5879312],[-35.7205099,-9.5878973],[-35.720569,-9.5878923],[-35.7206017,-9.5878813],[-35.7206189,-9.5878703],[-35.7206724,-9.5878427],[-35.7207294,-9.587837],[-35.7207685,-9.5877941],[-35.7208128,-9.5877586],[-35.7208594,-9.5877278],[-35.7208871,-9.5876973],[-35.7208951,-9.5876846],[-35.7209203,-9.5876309],[-35.7209228,-9.587625],[-35.720945,-9.58758],[-35.7209757,-9.5875306],[-35.7210166,-9.5874935],[-35.7210653,-9.587453],[-35.7211213,-9.5874223],[-35.7211603,-9.5873903],[-35.721173,-9.5873799],[-35.7211958,-9.5873627],[-35.7212203,-9.5873443],[-35.7212681,-9.587314],[-35.7213288,-9.5873001],[-35.7213776,-9.5872695],[-35.7214331,-9.5872332],[-35.7214912,-9.5872183],[-35.7215319,-9.5871806],[-35.7215362,-9.5871766],[-35.7215505,-9.5871595],[-35.7215848,-9.5871268],[-35.7216143,-9.5871027],[-35.7216369,-9.5870952],[-35.7216886,-9.587074],[-35.7217022,-9.5870694],[-35.7217448,-9.5870546],[-35.7217946,-9.5870099],[-35.7218136,-9.5869953],[-35.7218416,-9.5869752],[-35.7218874,-9.586964],[-35.7219407,-9.5869501],[-35.721967,-9.5869426],[-35.72201,-9.5869414],[-35.7220307,-9.5869412],[-35.722064,-9.586941],[-35.7221663,-9.5869365],[-35.7222062,-9.5869154],[-35.7222465,-9.5868775],[-35.7223182,-9.5868088],[-35.7224515,-9.5867437],[-35.7224594,-9.5867065],[-35.7224773,-9.5866567],[-35.7224888,-9.5866169],[-35.7224906,-9.5866141],[-35.7225093,-9.5865679],[-35.7225484,-9.586555],[-35.7225817,-9.5865122],[-35.7226061,-9.5864867],[-35.7225838,-9.5864345],[-35.7225934,-9.5863866],[-35.7226042,-9.586372],[-35.7226213,-9.5863394],[-35.7226392,-9.5863049],[-35.7226864,-9.5862882],[-35.72274,-9.586277],[-35.7227837,-9.5862621],[-35.7227882,-9.5862603],[-35.7228344,-9.5862419],[-35.7228687,-9.5862397],[-35.7228818,-9.5862388],[-35.7229163,-9.5862376],[-35.7231321,-9.5861266],[-35.7231909,-9.5860874],[-35.7232118,-9.5860718],[-35.7232281,-9.5860608],[-35.7232622,-9.5860088],[-35.7232964,-9.5859564],[-35.7233143,-9.5859184],[-35.7233188,-9.5859074],[-35.7233,-9.5858752],[-35.7232396,-9.5857897],[-35.7232068,-9.5857899],[-35.7231886,-9.5857892],[-35.7231639,-9.5857776],[-35.7231465,-9.5857687],[-35.7231479,-9.5857163],[-35.7231569,-9.5857],[-35.7231997,-9.5855858],[-35.7232033,-9.5855749],[-35.7232148,-9.5855387],[-35.723224,-9.5855219],[-35.723239,-9.5854915],[-35.7232408,-9.585487],[-35.7232605,-9.5854516],[-35.7232686,-9.585438],[-35.7233068,-9.5853963],[-35.7233801,-9.5852672],[-35.7233836,-9.5852451],[-35.7233609,-9.5851382],[-35.7233535,-9.5851256],[-35.7233332,-9.5850833],[-35.7233284,-9.5850544],[-35.7233264,-9.5850373],[-35.7233289,-9.5850102],[-35.7233297,-9.5849912],[-35.7233404,-9.5849667],[-35.7233572,-9.5849015],[-35.7233673,-9.5848872],[-35.723373,-9.584879],[-35.7233896,-9.5848543],[-35.7234005,-9.5848533],[-35.7234377,-9.5848485],[-35.7234907,-9.584858],[-35.7235362,-9.5848622],[-35.7235692,-9.5847779],[-35.7235761,-9.5847318],[-35.7235914,-9.5847018],[-35.7235975,-9.584691],[-35.7236374,-9.5846608],[-35.7237485,-9.5845452],[-35.7237533,-9.5844653],[-35.7237529,-9.5844096],[-35.7237525,-9.5843644],[-35.7237526,-9.5843441],[-35.7237624,-9.5843206],[-35.7237692,-9.5843024],[-35.7237883,-9.5842864],[-35.7237185,-9.5842191],[-35.723721,-9.5842099],[-35.7237261,-9.5841812],[-35.7237283,-9.584174],[-35.7238376,-9.5839599],[-35.7238356,-9.5839388],[-35.7238416,-9.5838866],[-35.7238497,-9.5838713],[-35.7238621,-9.5838458],[-35.7238703,-9.5838313],[-35.7238863,-9.5838043],[-35.7238945,-9.5837932],[-35.7239206,-9.5837587],[-35.7239225,-9.5837577],[-35.7239532,-9.5837269],[-35.7239762,-9.5837141],[-35.7240489,-9.5836348],[-35.7240587,-9.5836104],[-35.7240696,-9.583594],[-35.724095,-9.5835574],[-35.7241712,-9.583445],[-35.7241954,-9.5833983],[-35.7241997,-9.5833567],[-35.7243402,-9.5833994],[-35.7251736,-9.5833549],[-35.7252959,-9.5833376],[-35.7256842,-9.5833355],[-35.7257361,-9.5833315],[-35.7258212,-9.5833895],[-35.7258838,-9.5834731],[-35.7259544,-9.583543],[-35.726026,-9.5836057],[-35.7260966,-9.5836702],[-35.7261717,-9.5837283],[-35.7262424,-9.5838028],[-35.7262949,-9.5838791],[-35.7263905,-9.5840022],[-35.7264412,-9.5840813],[-35.7264928,-9.5841595],[-35.7265453,-9.5842377],[-35.7266404,-9.5843968],[-35.7266775,-9.5844833],[-35.7267156,-9.5845797],[-35.7267682,-9.5846705],[-35.7268162,-9.5847605],[-35.7268634,-9.5848532],[-35.7269133,-9.5849467],[-35.726965,-9.5850304],[-35.7270175,-9.5851113],[-35.7270917,-9.5851685],[-35.7271569,-9.5852348],[-35.7272122,-9.5853193],[-35.7272827,-9.5853766],[-35.7273605,-9.5854248],[-35.7274474,-9.5854819],[-35.7275044,-9.5855529],[-35.7275705,-9.5856228],[-35.7276565,-9.5856736],[-35.7277432,-9.585701],[-35.7278256,-9.585759],[-35.7279124,-9.585799],[-35.7280072,-9.585819],[-35.7280993,-9.58584],[-35.7281888,-9.5858664],[-35.7282819,-9.5859027],[-35.7283669,-9.5859463],[-35.7284611,-9.5860034],[-35.728548,-9.5860506],[-35.7286321,-9.5860906],[-35.7287117,-9.5861478],[-35.7287778,-9.5862132],[-35.7288294,-9.5862914],[-35.7288729,-9.5863778],[-35.72892,-9.5864642],[-35.7289888,-9.5865287],[-35.7290738,-9.5865723],[-35.7291697,-9.5866095],[-35.7292583,-9.5866477],[-35.7293415,-9.5866994],[-35.7294157,-9.5867521],[-35.7294953,-9.5868021],[-35.7295758,-9.5868457],[-35.7296662,-9.5868902],[-35.7297548,-9.5869283],[-35.7298543,-9.5869583],[-35.7299437,-9.5869802],[-35.7300357,-9.5869885],[-35.7301376,-9.5869768],[-35.7302276,-9.5869608],[-35.7303285,-9.5869509],[-35.7304222,-9.586933],[-35.7305292,-9.5868888],[-35.730608,-9.5868385],[-35.730673,-9.5867639],[-35.7307444,-9.5867082],[-35.7309225,-9.5866246],[-35.731158,-9.5865116],[-35.7312211,-9.5865545],[-35.7312597,-9.5865976],[-35.7312701,-9.5866445],[-35.7312522,-9.5867237],[-35.7311956,-9.5868218],[-35.7311234,-9.5869664],[-35.7310852,-9.5870814],[-35.7310186,-9.5871867],[-35.7309185,-9.5872977],[-35.7305821,-9.5875796],[-35.7305216,-9.5876367],[-35.7304576,-9.5877188],[-35.7304692,-9.5877968],[-35.7304871,-9.5879163],[-35.7313684,-9.5871846],[-35.7318712,-9.5867596],[-35.7319352,-9.5868456],[-35.732028,-9.5869704],[-35.732078,-9.5870375],[-35.7320873,-9.5870502],[-35.732136,-9.5871264],[-35.7321501,-9.5871724],[-35.7321814,-9.5872173],[-35.7322028,-9.5872759],[-35.7322199,-9.5873688],[-35.7322444,-9.5874662],[-35.7322711,-9.587503],[-35.7323086,-9.5875298],[-35.7323541,-9.5875349],[-35.7323944,-9.5875563],[-35.7324164,-9.5875787],[-35.7324532,-9.5876245],[-35.7324863,-9.5876712],[-35.7325004,-9.5877244],[-35.7325227,-9.5877784],[-35.7325441,-9.5878334],[-35.7325637,-9.5879001],[-35.7325932,-9.5879432],[-35.7325996,-9.5879522],[-35.7326347,-9.5880106],[-35.7326669,-9.5880556],[-35.7327011,-9.5880969],[-35.7327486,-9.5881426],[-35.7327899,-9.5881784],[-35.7328189,-9.5882253],[-35.7328693,-9.5883151],[-35.7329124,-9.5883608],[-35.7329537,-9.5884039],[-35.732996,-9.5884532],[-35.733001,-9.5885083],[-35.7330329,-9.588621],[-35.7330683,-9.5886722],[-35.7331057,-9.5887259],[-35.7331397,-9.5887719],[-35.7331755,-9.5888186],[-35.7332033,-9.5888708],[-35.733231,-9.5889185],[-35.7332587,-9.5889716],[-35.7332719,-9.5890302],[-35.7332896,-9.5890815],[-35.7333092,-9.5891401],[-35.733347,-9.5892013],[-35.7333748,-9.5892625],[-35.733398,-9.5893102],[-35.7334366,-9.5893578],[-35.7334789,-9.5894143],[-35.7335221,-9.58947],[-35.7335518,-9.5895303],[-35.7335595,-9.5895899],[-35.7335755,-9.5896548],[-35.733575,-9.5897099],[-35.7336037,-9.5897648],[-35.733616,-9.5898198],[-35.7336183,-9.5898795],[-35.7336242,-9.5899345],[-35.7336256,-9.5899914],[-35.7335874,-9.5900388],[-35.7335562,-9.5900823],[-35.7335694,-9.5901409],[-35.7335908,-9.590204],[-35.7336187,-9.5902661],[-35.7336546,-9.5903273],[-35.7336679,-9.5903877],[-35.7336675,-9.5904492],[-35.7336663,-9.5905368],[-35.7336842,-9.5906053],[-35.7337046,-9.5906594],[-35.7337124,-9.5907172],[-35.7337165,-9.5907731],[-35.7337343,-9.5908372],[-35.7337511,-9.5908957],[-35.7337689,-9.5909498],[-35.7337785,-9.5910148],[-35.7337963,-9.5910824],[-35.7338105,-9.5911455],[-35.7338229,-9.591215],[-35.7338252,-9.5912764],[-35.7338275,-9.5913388],[-35.7338362,-9.5913965],[-35.7338476,-9.5914533],[-35.7338471,-9.5915104],[-35.7338494,-9.5915672],[-35.7338653,-9.5916213],[-35.7338748,-9.5916745],[-35.7338908,-9.5917421],[-35.7338904,-9.5918009],[-35.7338544,-9.5918563],[-35.7338312,-9.5919061],[-35.7337987,-9.5919507],[-35.7337545,-9.5919935],[-35.733712,-9.5920281],[-35.733675,-9.5920754],[-35.7336472,-9.5921235],[-35.7335812,-9.5923035],[-35.7335571,-9.5923564],[-35.7335384,-9.5924081],[-35.7334752,-9.5924709],[-35.7334394,-9.5925435],[-35.7334377,-9.5926817],[-35.73344,-9.5927368],[-35.7334577,-9.59279],[-35.7334602,-9.5928686],[-35.7334525,-9.5930421],[-35.7334357,-9.5931109],[-35.7334299,-9.5931805],[-35.7334141,-9.5932475],[-35.7333625,-9.5932895],[-35.7333257,-9.5933521],[-35.7332888,-9.5934093],[-35.7332463,-9.593444],[-35.7332066,-9.5934859],[-35.7331542,-9.5935333],[-35.7331247,-9.5936031],[-35.7331148,-9.593736],[-35.7331118,-9.5940441],[-35.7330527,-9.5941629],[-35.7330176,-9.5942156],[-35.7329898,-9.5942691],[-35.7329766,-9.5943252],[-35.7329749,-9.5944445],[-35.7329644,-9.5945051],[-35.7329503,-9.5945603],[-35.7329416,-9.5946173],[-35.7329175,-9.5946699],[-35.7328805,-9.5947145],[-35.7328244,-9.5947493],[-35.732768,-9.5947587],[-35.7327142,-9.5947483],[-35.7326495,-9.5947398],[-35.7325767,-9.5947395],[-35.7325175,-9.5947381],[-35.732462,-9.5947422],[-35.7324085,-9.5947688],[-35.7323877,-9.5947834],[-35.7323761,-9.5948233],[-35.732352,-9.5948741],[-35.7322727,-9.5949732],[-35.7322348,-9.5950141],[-35.7321951,-9.5950596],[-35.7321444,-9.5951043],[-35.7320993,-9.5951507],[-35.7320523,-9.5951918],[-35.7320341,-9.5952231],[-35.7320244,-9.5952399],[-35.7319735,-9.5953523],[-35.7319559,-9.5954217],[-35.7319358,-9.5954981],[-35.7319133,-9.5955741],[-35.7318715,-9.5956901],[-35.7318171,-9.5957222],[-35.7317563,-9.5957452],[-35.731701,-9.5957683],[-35.7316429,-9.5957994],[-35.7315841,-9.5958378],[-35.7315463,-9.5958978],[-35.7315359,-9.595962],[-35.7315355,-9.5960207],[-35.7315306,-9.5960949],[-35.7315138,-9.5961501],[-35.7314758,-9.5961902],[-35.7314278,-9.5962158],[-35.7313714,-9.5962271],[-35.731317,-9.5962456],[-35.7312727,-9.5962939],[-35.731244,-9.5963402],[-35.7311924,-9.596383],[-35.7310864,-9.5964435],[-35.7310483,-9.5964628],[-35.7309741,-9.5965158],[-35.7309397,-9.5965449],[-35.7309063,-9.5965759],[-35.730871,-9.5966051],[-35.7308431,-9.5966397],[-35.7308289,-9.5966832],[-35.7308229,-9.5967275],[-35.7308249,-9.596863],[-35.7308207,-9.5969082],[-35.7308092,-9.5969526],[-35.7307921,-9.5969726],[-35.7307533,-9.5970235],[-35.730729,-9.5970616],[-35.7307057,-9.5971006],[-35.7306255,-9.5972097],[-35.7306068,-9.5972514],[-35.7306162,-9.5972956],[-35.7306211,-9.5973389],[-35.7306333,-9.5973777],[-35.7306245,-9.5974256],[-35.7306075,-9.5974628],[-35.7305759,-9.5974965],[-35.7305416,-9.5975257],[-35.7305054,-9.5975531],[-35.730471,-9.5975832],[-35.7304394,-9.597615],[-35.730406,-9.5976451],[-35.7303547,-9.5977205],[-35.7303332,-9.5977595],[-35.7303135,-9.5978003],[-35.730312,-9.5978455],[-35.7303149,-9.597981],[-35.7302989,-9.5980236],[-35.7302874,-9.5980671],[-35.7302795,-9.5981114],[-35.7302635,-9.598154],[-35.7302438,-9.5981948],[-35.7302159,-9.5982303],[-35.7301843,-9.5982658],[-35.7301526,-9.5982886],[-35.7301155,-9.5983214],[-35.7300893,-9.5983424],[-35.7300668,-9.5983688],[-35.7300379,-9.5984006],[-35.7300163,-9.5984315],[-35.7299849,-9.5984968],[-35.7299593,-9.5985874],[-35.7299432,-9.59863],[-35.7299299,-9.5986725],[-35.7299129,-9.5987142],[-35.7298923,-9.598755],[-35.7298607,-9.5987896],[-35.7298328,-9.5988224],[-35.7298104,-9.598865],[-35.7298136,-9.598921],[-35.7298266,-9.5989579],[-35.7298288,-9.5990031],[-35.7297928,-9.5991023],[-35.7297711,-9.5990722],[-35.7297345,-9.5990563],[-35.729689,-9.5990566],[-35.7296435,-9.5990525],[-35.7295979,-9.5990501],[-35.7295524,-9.5990523],[-35.7295069,-9.5990535],[-35.7294614,-9.5990575],[-35.7294169,-9.5990633],[-35.7293723,-9.5990727],[-35.7293287,-9.5990848],[-35.7292861,-9.5990995],[-35.729248,-9.5991242],[-35.7292137,-9.5991534],[-35.7291912,-9.5991915],[-35.7291788,-9.599235],[-35.7291682,-9.5992794],[-35.7291504,-9.5993202],[-35.7291297,-9.5993601],[-35.7291018,-9.5993955],[-35.7290711,-9.5994292],[-35.7290423,-9.5994638],[-35.7290134,-9.5994992],[-35.7290056,-9.5995418],[-35.7290032,-9.599587],[-35.7289872,-9.5996295],[-35.7289702,-9.5996712],[-35.7289275,-9.5996851],[-35.7288839,-9.5996999],[-35.7288477,-9.5997264],[-35.7288106,-9.5997529],[-35.728811,-9.5997981],[-35.7288113,-9.5998433],[-35.7288299,-9.5998847],[-35.728867,-9.5999666],[-35.7288609,-9.6000118],[-35.7288558,-9.6000561],[-35.7288343,-9.6000961],[-35.7288128,-9.600136],[-35.7287912,-9.6001759],[-35.7287624,-9.6002105],[-35.7287335,-9.6002459],[-35.7287038,-9.6002796],[-35.728662,-9.600298],[-35.7286212,-9.6003164],[-35.7285804,-9.6003366],[-35.728558,-9.6003756],[-35.7285428,-9.6004146],[-35.7285594,-9.6004416],[-35.7285618,-9.6004453],[-35.7284341,-9.6004799],[-35.7284437,-9.6005815],[-35.7285476,-9.6014972],[-35.7286006,-9.6014954],[-35.7287775,-9.6015304],[-35.7287794,-9.6015394],[-35.7287821,-9.6015527],[-35.728818,-9.6015609],[-35.7292622,-9.6017943],[-35.7292636,-9.6017996],[-35.7288268,-9.6024096],[-35.7287325,-9.6025245],[-35.7285994,-9.6027453],[-35.7283136,-9.6026095],[-35.7280575,-9.6026485],[-35.7279355,-9.6026344],[-35.7279413,-9.6027169],[-35.7279435,-9.6027648],[-35.7279466,-9.60281],[-35.7279714,-9.6028432],[-35.7280081,-9.6028709],[-35.7280518,-9.6028715],[-35.7280973,-9.6028675],[-35.7281418,-9.602859],[-35.7281863,-9.6028496],[-35.7282319,-9.602852],[-35.7282721,-9.6028733],[-35.7283114,-9.6028956],[-35.7283507,-9.6029179],[-35.7283883,-9.6029438],[-35.7284249,-9.6029706],[-35.7284516,-9.6030066],[-35.7284783,-9.6030434],[-35.7284832,-9.6030885],[-35.7284872,-9.6031337],[-35.7284584,-9.6031682],[-35.7284267,-9.6031983],[-35.7283822,-9.6032086],[-35.7283386,-9.6032198],[-35.7282969,-9.6032373],[-35.7282551,-9.6032548],[-35.7282207,-9.6032821],[-35.7281974,-9.6033203],[-35.7281658,-9.6033503],[-35.728124,-9.6033678],[-35.7280869,-9.6033925],[-35.7280562,-9.6034253],[-35.7280246,-9.603459],[-35.7279939,-9.6034917],[-35.7279769,-9.6035298],[-35.7279773,-9.603575],[-35.7279858,-9.6036192],[-35.7280026,-9.6036606],[-35.7280247,-9.6037002],[-35.7280523,-9.6037361],[-35.7280826,-9.6037693],[-35.7281148,-9.6038016],[-35.728146,-9.6038339],[-35.7281709,-9.6038716],[-35.7281912,-9.6039121],[-35.7282088,-9.6039535],[-35.7282265,-9.603995],[-35.7282432,-9.6040373],[-35.7282599,-9.6040787],[-35.7282766,-9.6041211],[-35.7282934,-9.6041634],[-35.7283101,-9.6042048],[-35.728335,-9.6042426],[-35.7283635,-9.6042776],[-35.7283865,-9.6043162],[-35.728406,-9.6043568],[-35.7284172,-9.6044],[-35.7284249,-9.6044442],[-35.7284225,-9.6044894],[-35.7284174,-9.6045347],[-35.7284114,-9.604579],[-35.7284236,-9.6046213],[-35.7284466,-9.60466],[-35.7284724,-9.6046978],[-35.7285064,-9.6047273],[-35.728543,-9.6047541],[-35.7285787,-9.6047818],[-35.7286036,-9.6048187],[-35.7286248,-9.6048583],[-35.7286179,-9.6049017],[-35.7286046,-9.6049443],[-35.7285702,-9.6049735],[-35.728534,-9.6049999],[-35.7285267,-9.6050025],[-35.7284914,-9.6050147],[-35.7284478,-9.6050286],[-35.7284023,-9.6050344],[-35.7283577,-9.6050402],[-35.7282212,-9.605044],[-35.7281767,-9.6050525],[-35.7281312,-9.6050609],[-35.7281115,-9.6051],[-35.7281055,-9.6051416],[-35.7281222,-9.605183],[-35.7281362,-9.6052262],[-35.7281466,-9.6052704],[-35.7281518,-9.6052948],[-35.728156,-9.6053146],[-35.72816,-9.6053589],[-35.7281549,-9.6054032],[-35.728158,-9.6054474],[-35.728172,-9.6054907],[-35.7281905,-9.6055321],[-35.7282127,-9.6055708],[-35.7282412,-9.6056058],[-35.728276,-9.6056344],[-35.7283153,-9.6056567],[-35.7283582,-9.6056699],[-35.728402,-9.6056804],[-35.7284476,-9.6056873],[-35.7284922,-9.6056933],[-35.7285378,-9.6056974],[-35.7285834,-9.6057016],[-35.7286289,-9.6057057],[-35.7286735,-9.6057099],[-35.7287137,-9.6057249],[-35.7287468,-9.6057563],[-35.7287644,-9.6057941],[-35.7287647,-9.6058393],[-35.7287651,-9.6058845],[-35.7287654,-9.6059296],[-35.7287658,-9.6059748],[-35.7287662,-9.60602],[-35.7287665,-9.6060651],[-35.7287605,-9.6061095],[-35.728749,-9.6061538],[-35.7287293,-9.6061937],[-35.7287023,-9.6062301],[-35.728678,-9.6062673],[-35.7286749,-9.6062726],[-35.7286547,-9.6063064],[-35.7286468,-9.6063489],[-35.7286481,-9.6063941],[-35.7286548,-9.6064392],[-35.7286652,-9.6064825],[-35.7286819,-9.6065248],[-35.7287004,-9.6065662],[-35.7287199,-9.6066067],[-35.7287411,-9.6066463],[-35.7287642,-9.6066859],[-35.7288104,-9.6067632],[-35.7288307,-9.6068037],[-35.7288492,-9.6068451],[-35.7288605,-9.6068884],[-35.7288673,-9.6069335],[-35.7288649,-9.6069778],[-35.7288589,-9.607023],[-35.7288549,-9.6070381],[-35.7288711,-9.6070219],[-35.7290439,-9.6069345],[-35.7292146,-9.6069324],[-35.7292979,-9.6073572],[-35.7294057,-9.6073598],[-35.7294114,-9.6074018],[-35.7294127,-9.6074103],[-35.7294418,-9.6076006],[-35.7291213,-9.6076805],[-35.7291937,-9.6078599],[-35.7292047,-9.6078929],[-35.7292829,-9.6081259],[-35.7288483,-9.6082903],[-35.7288518,-9.6082997],[-35.7288476,-9.6083441],[-35.7288407,-9.6083893],[-35.7288265,-9.6084319],[-35.7288113,-9.6084744],[-35.7287971,-9.608517],[-35.7288138,-9.6085594],[-35.7288315,-9.6085999],[-35.7288753,-9.6086122],[-35.7289181,-9.6086145],[-35.7289607,-9.6085979],[-35.7290025,-9.6085814],[-35.7290461,-9.608572],[-35.7290916,-9.6085761],[-35.7291354,-9.6085866],[-35.7291765,-9.6086062],[-35.7292123,-9.6086312],[-35.7292426,-9.6086653],[-35.7292675,-9.608703],[-35.729286,-9.6087445],[-35.7293027,-9.6087859],[-35.7293158,-9.6088292],[-35.729318,-9.6088734],[-35.7293111,-9.6089177],[-35.7293032,-9.6089621],[-35.7292954,-9.6090064],[-35.7292757,-9.6090463],[-35.7292477,-9.6090818],[-35.7292216,-9.6091181],[-35.729201,-9.6091589],[-35.729184,-9.6092006],[-35.7291625,-9.6092397],[-35.7291382,-9.6092778],[-35.7291176,-9.6093186],[-35.7290988,-9.6093594],[-35.7291101,-9.6093991],[-35.7291341,-9.6094377],[-35.729177,-9.6094519],[-35.7292208,-9.6094651],[-35.7292619,-9.609481],[-35.7292867,-9.6095188],[-35.729308,-9.6095574],[-35.7292983,-9.6096018],[-35.7292814,-9.6096435],[-35.7292671,-9.6096861],[-35.7292666,-9.6097312],[-35.729267,-9.6097764],[-35.72928,-9.6098197],[-35.7292931,-9.6098629],[-35.7293139,-9.6099067],[-35.729332,-9.6099449],[-35.7293497,-9.6099863],[-35.7293598,-9.610015],[-35.7293646,-9.6100286],[-35.7293649,-9.6100738],[-35.7293607,-9.6101181],[-35.7293383,-9.6101553],[-35.7293021,-9.6101818],[-35.7292677,-9.610211],[-35.7292407,-9.6102473],[-35.7292164,-9.6102855],[-35.7292031,-9.6103281],[-35.7291944,-9.6103724],[-35.7291993,-9.6104166],[-35.7292042,-9.6104618],[-35.7292145,-9.6105051],[-35.7292367,-9.6105446],[-35.7292576,-9.6105813],[-35.7292828,-9.610622],[-35.7293086,-9.6106588],[-35.7293353,-9.6106965],[-35.7293611,-9.6107334],[-35.7293824,-9.610773],[-35.7293927,-9.6108163],[-35.7293931,-9.6108596],[-35.729378,-9.6109022],[-35.7293592,-9.610943],[-35.7293331,-9.6109803],[-35.7293115,-9.6110202],[-35.7292955,-9.6110619],[-35.729284,-9.6111062],[-35.7292771,-9.6111497],[-35.7292783,-9.6111948],[-35.7292959,-9.6112317],[-35.7293326,-9.6112585],[-35.7293753,-9.6112582],[-35.7294199,-9.611247],[-35.7294645,-9.6112521],[-35.7295092,-9.6112599],[-35.729525,-9.6113022],[-35.729539,-9.6113446],[-35.7295262,-9.6113897],[-35.7295151,-9.6114315],[-35.7295109,-9.6114767],[-35.7295113,-9.611521],[-35.7295353,-9.6115596],[-35.729562,-9.6115955],[-35.7295995,-9.6116187],[-35.7296433,-9.611631],[-35.729688,-9.6116406],[-35.7297335,-9.6116457],[-35.7297782,-9.6116526],[-35.729822,-9.6116658],[-35.7298649,-9.6116799],[-35.7299069,-9.6116967],[-35.7299453,-9.611719],[-35.729973,-9.6117545],[-35.7299996,-9.6117909],[-35.7300181,-9.6118323],[-35.7300349,-9.6118746],[-35.7300452,-9.6119188],[-35.7300565,-9.6119621],[-35.7300696,-9.6120053],[-35.73009,-9.6120458],[-35.7301148,-9.6120827],[-35.7301488,-9.6121131],[-35.7301845,-9.61214],[-35.7302256,-9.6121604],[-35.7302595,-9.6121873],[-35.7302781,-9.6122287],[-35.7302975,-9.6122692],[-35.7303051,-9.6123125],[-35.7302982,-9.6123568],[-35.7302913,-9.6124011],[-35.7302825,-9.6124455],[-35.7302729,-9.6124898],[-35.7302714,-9.6125341],[-35.73028,-9.6125783],[-35.7302866,-9.6126224],[-35.7302906,-9.6126534],[-35.7302925,-9.6126677],[-35.7303146,-9.6127018],[-35.730354,-9.6127241],[-35.7303968,-9.6127319],[-35.7304423,-9.6127261],[-35.7304859,-9.6127167],[-35.7305304,-9.6127046],[-35.730575,-9.6126961],[-35.7306195,-9.6126895],[-35.7306552,-9.6127082],[-35.7306828,-9.6127432],[-35.7306849,-9.6127874],[-35.7306835,-9.6128317],[-35.7306929,-9.6128759],[-35.7307033,-9.6129201],[-35.7307381,-9.6129478],[-35.7307756,-9.6129674],[-35.7308173,-9.6129481],[-35.7308572,-9.612927],[-35.7308897,-9.612896],[-35.7309223,-9.6128642],[-35.7309548,-9.6128332],[-35.7309873,-9.6128013],[-35.730991,-9.6127978],[-35.7309973,-9.6127918],[-35.7310115,-9.6127783],[-35.7310331,-9.6127572],[-35.7310524,-9.6127385],[-35.7310858,-9.6127075],[-35.731122,-9.612681],[-35.73116,-9.6126554],[-35.7311962,-9.612628],[-35.7312207,-9.6125987],[-35.7312688,-9.6127142],[-35.7312956,-9.6127654],[-35.7313517,-9.6128364],[-35.7313784,-9.6128732],[-35.7314134,-9.6129163],[-35.731491,-9.6129473],[-35.7316223,-9.6129725],[-35.73171,-9.6130097],[-35.7317724,-9.6130625],[-35.7318147,-9.6131273],[-35.7318469,-9.6131668],[-35.7318818,-9.6132035],[-35.7319623,-9.6132472],[-35.732038,-9.6132664],[-35.7321018,-9.6132741],[-35.7321493,-9.6132954],[-35.7321979,-9.6133384],[-35.7322403,-9.6134031],[-35.73226,-9.6134707],[-35.7322912,-9.6136195],[-35.7322989,-9.6136673],[-35.7323074,-9.6137125],[-35.7323422,-9.6138459],[-35.7323692,-9.6139207],[-35.7323933,-9.613972],[-35.7324394,-9.6140457],[-35.7324538,-9.6140661],[-35.732468,-9.6140863],[-35.7325029,-9.6141292],[-35.7325305,-9.6141679],[-35.7325749,-9.6142361],[-35.7325913,-9.6142613],[-35.7326163,-9.6143036],[-35.7326321,-9.6143523],[-35.7326338,-9.6144462],[-35.732609,-9.6145359],[-35.732593,-9.6145785],[-35.732569,-9.6146518],[-35.7325478,-9.6147414],[-35.7325421,-9.6148246],[-35.7325089,-9.61488],[-35.7324133,-9.6149744],[-35.732387,-9.6150005],[-35.7323612,-9.615026],[-35.7323505,-9.6150365],[-35.7323384,-9.6150485],[-35.7322867,-9.6150996],[-35.7321901,-9.6151951],[-35.7321023,-9.6152618],[-35.7320734,-9.6152981],[-35.7320317,-9.6153147],[-35.7319067,-9.6153745],[-35.7317686,-9.6154407],[-35.7317301,-9.6154601],[-35.7316046,-9.6155278],[-35.7315498,-9.6155563],[-35.7314787,-9.6155766],[-35.7314074,-9.6155754],[-35.7313754,-9.6155681],[-35.7313355,-9.6155615],[-35.7313198,-9.615568],[-35.7313066,-9.6155699],[-35.7312615,-9.6155752],[-35.7312418,-9.6155776],[-35.7311489,-9.6156105],[-35.7311084,-9.615631],[-35.7310703,-9.6156593],[-35.7310343,-9.6156964],[-35.7309784,-9.6157694],[-35.7309514,-9.6158148],[-35.7309345,-9.6158574],[-35.7308939,-9.6159245],[-35.7308743,-9.6159599],[-35.7307871,-9.6159877],[-35.7307417,-9.6159971],[-35.730699,-9.6160137],[-35.7306564,-9.6160349],[-35.7306162,-9.6160633],[-35.7305831,-9.6160933],[-35.7305589,-9.6161341],[-35.7305569,-9.6161673],[-35.7305547,-9.6161829],[-35.7305432,-9.61623],[-35.7305343,-9.6162536],[-35.7305393,-9.6163014],[-35.7305782,-9.6163851],[-35.7306073,-9.6164197],[-35.7306361,-9.6164579],[-35.7306601,-9.6164992],[-35.7306931,-9.6165306],[-35.7307298,-9.6165583],[-35.7307547,-9.6165997],[-35.7307496,-9.6166449],[-35.7307337,-9.6166916],[-35.730713,-9.616731],[-35.7306878,-9.6167737],[-35.7306523,-9.6168122],[-35.7306201,-9.6168447],[-35.7305904,-9.616882],[-35.730558,-9.6169178],[-35.7305181,-9.6169575],[-35.7304973,-9.6169676],[-35.7304512,-9.6169806],[-35.7304037,-9.6169919],[-35.7303574,-9.6170049],[-35.7303147,-9.6170215],[-35.7302682,-9.6170316],[-35.7302211,-9.6170457],[-35.7301403,-9.6170725],[-35.730098,-9.6170944],[-35.730086,-9.617101],[-35.730056,-9.6171175],[-35.730018,-9.6171485],[-35.7299865,-9.6171849],[-35.7299723,-9.6172302],[-35.7299772,-9.6172798],[-35.7299926,-9.6173241],[-35.7300125,-9.6173636],[-35.7300274,-9.6174068],[-35.7300187,-9.617453],[-35.7299898,-9.6174884],[-35.7299527,-9.6175158],[-35.7299117,-9.6175366],[-35.7298693,-9.6175553],[-35.7298196,-9.617568],[-35.7297757,-9.6175823],[-35.7297148,-9.6175936],[-35.7296683,-9.6175895],[-35.7296318,-9.6175816],[-35.7295939,-9.6175619],[-35.7295514,-9.617538],[-35.7295093,-9.6175175],[-35.7294976,-9.6175173],[-35.7294492,-9.6175143],[-35.7294119,-9.6175093],[-35.7293746,-9.6175222],[-35.7293331,-9.6174557],[-35.7293073,-9.6174179],[-35.7293006,-9.6173737],[-35.7292974,-9.6173186],[-35.729259,-9.6172918],[-35.729217,-9.6172732],[-35.7291776,-9.6172509],[-35.7291507,-9.6171861],[-35.7291267,-9.6171465],[-35.7290838,-9.617127],[-35.7290151,-9.6170733],[-35.728973,-9.6170529],[-35.7289292,-9.6170405],[-35.7288782,-9.6170346],[-35.7288326,-9.617025],[-35.7287897,-9.6170082],[-35.7287467,-9.6169815],[-35.7287154,-9.6169492],[-35.7286707,-9.6169287],[-35.7286148,-9.6168921],[-35.7285988,-9.6168173],[-35.7285975,-9.6167712],[-35.7285889,-9.6167261],[-35.728584,-9.6166801],[-35.7285882,-9.6166349],[-35.7285969,-9.6165869],[-35.7285901,-9.6165382],[-35.7286062,-9.6164929],[-35.7286222,-9.6164512],[-35.7286438,-9.6164113],[-35.7286607,-9.6163668],[-35.7287174,-9.6162869],[-35.7287362,-9.6162416],[-35.7287604,-9.6162016],[-35.7287837,-9.6161572],[-35.7287906,-9.6161083],[-35.7287912,-9.6160622],[-35.7287753,-9.616019],[-35.7287722,-9.6159729],[-35.7287637,-9.6159269],[-35.7287606,-9.6158809],[-35.7287704,-9.6157417],[-35.7287773,-9.6156937],[-35.7287787,-9.6156485],[-35.728782,-9.6156033],[-35.7287744,-9.6155555],[-35.7287658,-9.6155095],[-35.7287109,-9.6154747],[-35.7286661,-9.615457],[-35.7286234,-9.6154324],[-35.7285848,-9.6154152],[-35.7284986,-9.615339],[-35.7284756,-9.6153112],[-35.7284716,-9.6152652],[-35.7284421,-9.6152247],[-35.7284127,-9.6151897],[-35.7283716,-9.6151702],[-35.7283295,-9.6151407],[-35.7282983,-9.6151066],[-35.7282661,-9.6150671],[-35.7282385,-9.6150294],[-35.7282163,-9.614988],[-35.7281914,-9.6149493],[-35.728181,-9.6149033],[-35.7281557,-9.6148114],[-35.7281489,-9.6147654],[-35.7281386,-9.6147203],[-35.7281382,-9.6146751],[-35.7281278,-9.6146309],[-35.7281057,-9.6145904],[-35.7280771,-9.6145536],[-35.7280423,-9.6145213],[-35.7279527,-9.6143316],[-35.727908,-9.614236],[-35.7263965,-9.6142638],[-35.7263089,-9.6142654],[-35.7262793,-9.614266],[-35.7257518,-9.6142702],[-35.7249595,-9.6142809],[-35.7245052,-9.6142791],[-35.7245012,-9.6142791],[-35.7244106,-9.6142788],[-35.7234092,-9.614276],[-35.7220214,-9.6142697],[-35.7219325,-9.6142693],[-35.7218786,-9.6142691],[-35.721774,-9.6142695],[-35.7216188,-9.6142702],[-35.7216087,-9.6142702],[-35.7204884,-9.6142658],[-35.7189996,-9.61426],[-35.7187904,-9.6142592],[-35.7186411,-9.6144199],[-35.7183382,-9.6147662],[-35.7180096,-9.6151541],[-35.7178281,-9.6153587],[-35.717782,-9.6153967],[-35.7177351,-9.6154091],[-35.7176802,-9.6153578],[-35.7176353,-9.6152922],[-35.717596,-9.6152125],[-35.7176543,-9.6148857],[-35.7178008,-9.6141711],[-35.7178915,-9.6137049],[-35.7179912,-9.6131983],[-35.7180307,-9.6130044],[-35.7180864,-9.6126477],[-35.7181297,-9.6125563],[-35.7181702,-9.6124667],[-35.7183317,-9.6121794],[-35.7184828,-9.6119495],[-35.7186024,-9.6117938],[-35.7186761,-9.6117087],[-35.7190357,-9.6112822],[-35.7196645,-9.6105517],[-35.7198587,-9.6103229],[-35.720148,-9.6099785],[-35.7203459,-9.6097549],[-35.7209406,-9.6090597],[-35.7211757,-9.6087647],[-35.7214181,-9.6084395],[-35.7215862,-9.6081874],[-35.7216331,-9.6081043],[-35.7213606,-9.6079582],[-35.7213521,-9.6079536],[-35.7213469,-9.6078999],[-35.7213366,-9.6078629],[-35.72132,-9.607826],[-35.7213116,-9.6078093],[-35.7213043,-9.6077808],[-35.7213011,-9.6077648],[-35.7213012,-9.6077445],[-35.7212995,-9.6077217],[-35.7212869,-9.6076872],[-35.7212742,-9.6076443],[-35.7212604,-9.6075813],[-35.7212525,-9.6075017],[-35.7212594,-9.6074255],[-35.7212742,-9.6072278],[-35.7213007,-9.6070636],[-35.7212382,-9.6070474],[-35.7209291,-9.606991],[-35.7208395,-9.6069859],[-35.7208221,-9.6069342],[-35.7208269,-9.6068266],[-35.7208886,-9.6067095],[-35.7208951,-9.6066093],[-35.7209114,-9.6065423],[-35.7208966,-9.6065051],[-35.7208923,-9.6064469],[-35.7207916,-9.6064205],[-35.720679,-9.6063972],[-35.7205672,-9.6063788],[-35.7203311,-9.6063535],[-35.7202913,-9.60661],[-35.7202271,-9.6066131],[-35.720125,-9.6066359],[-35.7200299,-9.6066624],[-35.7199103,-9.6067004],[-35.7198027,-9.6067371],[-35.719656,-9.6067846],[-35.7195841,-9.6068383],[-35.7195127,-9.6069082],[-35.7196288,-9.6070329],[-35.719575,-9.6070813],[-35.7194743,-9.6071669],[-35.719465,-9.6072125],[-35.7194576,-9.6072444],[-35.7194601,-9.6072667],[-35.7194647,-9.607286],[-35.7194862,-9.6074254],[-35.7194647,-9.6074732],[-35.7194409,-9.6075059],[-35.7193994,-9.6075551],[-35.7193716,-9.6075884],[-35.7193483,-9.6076274],[-35.7193304,-9.6076691],[-35.719326,-9.6076846],[-35.7193,-9.6077362],[-35.7192696,-9.6077435],[-35.7192353,-9.607756],[-35.7192139,-9.6077602],[-35.7191681,-9.6077591],[-35.7191235,-9.6077666],[-35.7190883,-9.6077948],[-35.7189631,-9.6078482],[-35.7189452,-9.6078899],[-35.7189435,-9.607898],[-35.7188971,-9.6079011],[-35.7188533,-9.6078888],[-35.7188086,-9.6078801],[-35.7187631,-9.6078769],[-35.7187175,-9.6078763],[-35.718644,-9.6078535],[-35.718596,-9.6078222],[-35.718554,-9.6078053],[-35.7185093,-9.6077975],[-35.7184638,-9.6077961],[-35.7184183,-9.6077964],[-35.7183728,-9.6077968],[-35.7183273,-9.607799],[-35.7182818,-9.6078029],[-35.7182379,-9.6078223],[-35.7181575,-9.6078599],[-35.718112,-9.6078612],[-35.7180691,-9.607848],[-35.7179386,-9.6078129],[-35.7178486,-9.6077124],[-35.7178165,-9.6076801],[-35.7177808,-9.6076515],[-35.7176976,-9.6076105],[-35.7176601,-9.6075892],[-35.717619,-9.6075705],[-35.7175743,-9.6075609],[-35.7175296,-9.607555],[-35.7174841,-9.6075535],[-35.7174386,-9.6075611],[-35.7172576,-9.607577],[-35.7172121,-9.6075764],[-35.7171219,-9.6075663],[-35.7170789,-9.6075513],[-35.7170343,-9.6075435],[-35.7169281,-9.6075225],[-35.716769,-9.6074986],[-35.7167429,-9.607656],[-35.7167369,-9.6077012],[-35.7167229,-9.6077464],[-35.7166976,-9.6078296],[-35.7166713,-9.6079177],[-35.7166538,-9.6080064],[-35.716629,-9.6080924],[-35.7166175,-9.6081368],[-35.7166133,-9.6081811],[-35.7166137,-9.6082262],[-35.7166156,-9.6083536],[-35.7165899,-9.6084433],[-35.7165529,-9.6085063],[-35.7164983,-9.6086003],[-35.7165112,-9.6087462],[-35.7165202,-9.6088368],[-35.7165211,-9.6089043],[-35.7165076,-9.6089634],[-35.7164924,-9.609006],[-35.7164558,-9.6090874],[-35.7164371,-9.6091292],[-35.7163875,-9.6092038],[-35.7163586,-9.6092384],[-35.7163279,-9.609272],[-35.7163018,-9.6093093],[-35.7162766,-9.6093465],[-35.7162533,-9.6093856],[-35.7162363,-9.6094273],[-35.7161983,-9.609452],[-35.7161593,-9.6094749],[-35.716125,-9.6095049],[-35.7160888,-9.6095323],[-35.7160608,-9.6095678],[-35.7160402,-9.6096077],[-35.716036,-9.6096529],[-35.7160346,-9.6096981],[-35.7160267,-9.6097424],[-35.7160006,-9.6097797],[-35.7159626,-9.6098053],[-35.7159171,-9.6098065],[-35.7158742,-9.6097933],[-35.715834,-9.6097729],[-35.7158018,-9.6097397],[-35.7157697,-9.6097083],[-35.7157331,-9.6096815],[-35.7156886,-9.6096927],[-35.7156679,-9.6097326],[-35.7156427,-9.6097698],[-35.715613,-9.6098035],[-35.7155814,-9.6098363],[-35.7155368,-9.6098466],[-35.7154914,-9.6098523],[-35.7154505,-9.6098716],[-35.7154125,-9.6098963],[-35.7153809,-9.6099291],[-35.7153539,-9.6099655],[-35.7153278,-9.6100018],[-35.7153081,-9.6100426],[-35.7153045,-9.6100571],[-35.7152939,-9.6100861],[-35.7152924,-9.6101304],[-35.7152936,-9.6101746],[-35.715294,-9.610218],[-35.7153008,-9.6102669],[-35.7153064,-9.6102803],[-35.7153106,-9.610357],[-35.715307,-9.6103679],[-35.7152855,-9.6104033],[-35.715252,-9.610437],[-35.7152276,-9.6104562],[-35.7151923,-9.6104853],[-35.7151626,-9.6105199],[-35.7151291,-9.6105509],[-35.7150947,-9.6105778],[-35.7150567,-9.6106048],[-35.7149843,-9.6106586],[-35.7149426,-9.610677],[-35.7149137,-9.6107116],[-35.7148931,-9.6107524],[-35.7148738,-9.6108402],[-35.7148623,-9.6108846],[-35.7148371,-9.6109218],[-35.7148018,-9.6109501],[-35.7147563,-9.6109523],[-35.7146996,-9.6109211],[-35.7146285,-9.6109027],[-35.7145758,-9.610913],[-35.7145368,-9.6109332],[-35.7144978,-9.6109597],[-35.7144635,-9.610977],[-35.7144191,-9.6110182],[-35.7143563,-9.6110665],[-35.7143031,-9.6110877],[-35.7142688,-9.6111169],[-35.7141547,-9.6112009],[-35.7141247,-9.6112288],[-35.7140971,-9.6112605],[-35.7140608,-9.6112956],[-35.714028,-9.6113377],[-35.7139823,-9.6113875],[-35.7139406,-9.6114113],[-35.7138944,-9.6114352],[-35.713859,-9.611449],[-35.7138312,-9.6114643],[-35.7137964,-9.6114784],[-35.7137583,-9.6114896],[-35.7137128,-9.6114944],[-35.7136673,-9.6114975],[-35.7135783,-9.6115298],[-35.7134985,-9.6115367],[-35.713411,-9.6115501],[-35.7133292,-9.6115733],[-35.7132893,-9.6115926],[-35.7132606,-9.6116435],[-35.7132317,-9.6116753],[-35.7131801,-9.6117164],[-35.713145,-9.61176],[-35.7131216,-9.6117954],[-35.7131037,-9.6118308],[-35.7130677,-9.6118889],[-35.7130415,-9.6119171],[-35.7129771,-9.6119375],[-35.7129306,-9.6119379],[-35.7128861,-9.6119418],[-35.712828,-9.6119658],[-35.71277,-9.6120078],[-35.7127123,-9.6120517],[-35.7126959,-9.6120671],[-35.7126597,-9.6120954],[-35.7126216,-9.6121192],[-35.712593,-9.6121561],[-35.7125543,-9.6122363],[-35.7125263,-9.6122726],[-35.7125002,-9.6123099],[-35.7124343,-9.6123719],[-35.7123979,-9.612403],[-35.7123674,-9.612432],[-35.7123358,-9.6124648],[-35.7123133,-9.6125047],[-35.7122964,-9.6125464],[-35.7122867,-9.6125908],[-35.7122661,-9.6126307],[-35.7122537,-9.6126741],[-35.7122431,-9.6127176],[-35.7122371,-9.6127625],[-35.7122064,-9.6127965],[-35.7121665,-9.6128176],[-35.7121257,-9.6128378],[-35.7120923,-9.6128688],[-35.7120524,-9.6128908],[-35.7120043,-9.6129074],[-35.7119043,-9.6129299],[-35.711868,-9.6129482],[-35.711788,-9.6130146],[-35.7117506,-9.6130684],[-35.7117091,-9.6131085],[-35.7116875,-9.6131376],[-35.7116567,-9.6131658],[-35.7115996,-9.6131988],[-35.7114723,-9.6132179],[-35.7114103,-9.6132719],[-35.7113684,-9.6133154],[-35.7112834,-9.6133901],[-35.7112368,-9.613422],[-35.7112025,-9.6134968],[-35.7111117,-9.6137863],[-35.7109766,-9.6140247],[-35.71082,-9.6142135],[-35.7105933,-9.614389],[-35.7103554,-9.6144663],[-35.7101563,-9.6145019],[-35.7090806,-9.6144834],[-35.7088011,-9.614484],[-35.7071579,-9.614458],[-35.7066143,-9.6144517],[-35.7060925,-9.6144425],[-35.7056524,-9.6144283],[-35.7053408,-9.6143128],[-35.7050949,-9.6142428],[-35.7048262,-9.6141838],[-35.7046742,-9.6141034],[-35.7044907,-9.6140114],[-35.7044368,-9.6139732],[-35.7042612,-9.6138405],[-35.7041404,-9.6137514],[-35.7040503,-9.6136603],[-35.7040078,-9.6136073],[-35.7039405,-9.6135186],[-35.7038007,-9.613299],[-35.7036962,-9.6131291],[-35.7035922,-9.6129609],[-35.7035116,-9.6128118],[-35.70342,-9.6126432],[-35.7033955,-9.6125974],[-35.703387,-9.6125799],[-35.7032689,-9.6123566],[-35.703224,-9.6122911],[-35.7031004,-9.6121079],[-35.7030539,-9.6120275],[-35.7030329,-9.6119646],[-35.7029262,-9.6116307],[-35.7028188,-9.6113073],[-35.7027115,-9.6109725],[-35.7026428,-9.6107561],[-35.7025769,-9.6105612],[-35.7025201,-9.6103955],[-35.70247,-9.610255],[-35.7024333,-9.6101623],[-35.7023961,-9.6100782],[-35.7023393,-9.6099685],[-35.7022964,-9.6098988],[-35.7021332,-9.6096555],[-35.7019476,-9.6093708],[-35.7017868,-9.6091253],[-35.7016513,-9.6089114],[-35.7015964,-9.6088393],[-35.7014471,-9.6086382],[-35.7013121,-9.6084895],[-35.7011914,-9.6084083],[-35.7010907,-9.6083581],[-35.701031,-9.60834],[-35.7009747,-9.6083223],[-35.7009447,-9.6083175],[-35.7008693,-9.6083056],[-35.7008297,-9.6083031],[-35.7008268,-9.6082511],[-35.7008245,-9.6082015],[-35.7008221,-9.6081666],[-35.7008168,-9.6081371],[-35.7008111,-9.6081064],[-35.7008068,-9.6080587],[-35.7008125,-9.6080094],[-35.7008354,-9.6079708],[-35.7008736,-9.6079024],[-35.7008769,-9.6078795],[-35.700876,-9.6078628],[-35.700866,-9.607818],[-35.700855,-9.6077792],[-35.7008478,-9.607746],[-35.7007801,-9.6077468],[-35.700736,-9.6077473],[-35.7006917,-9.6077343],[-35.7005568,-9.6077253],[-35.7004687,-9.6077563],[-35.7003821,-9.6077666],[-35.7001991,-9.6077647],[-35.7001039,-9.6077653],[-35.6999952,-9.6077524],[-35.6997293,-9.6077553],[-35.6996837,-9.6077519],[-35.6995943,-9.6077361],[-35.6994621,-9.6077128],[-35.6993612,-9.6076914],[-35.6992818,-9.6076777],[-35.6991919,-9.6076511],[-35.699139,-9.607644],[-35.6989391,-9.6076647],[-35.6989309,-9.6076655],[-35.6988877,-9.6076699],[-35.6988443,-9.607659],[-35.6988129,-9.607651],[-35.6987558,-9.6076274],[-35.6988465,-9.6075286],[-35.6990949,-9.6073321],[-35.6992371,-9.6071904],[-35.6993189,-9.6071058],[-35.6995391,-9.6069086],[-35.6996169,-9.6068322],[-35.6996741,-9.606784],[-35.6997881,-9.6067265],[-35.6999093,-9.6067117],[-35.6999829,-9.6066922],[-35.7000408,-9.6066402],[-35.7000673,-9.6066034],[-35.7000758,-9.6065812],[-35.700106,-9.6064888],[-35.7001305,-9.6063716],[-35.7001778,-9.6062609],[-35.7002169,-9.6062395],[-35.7002532,-9.606222],[-35.700307,-9.6062102],[-35.7003639,-9.6062113],[-35.7005828,-9.6061811],[-35.7006354,-9.6061628],[-35.7006722,-9.6061405],[-35.7007019,-9.606083],[-35.7007206,-9.6060305],[-35.700743,-9.6059914],[-35.7008433,-9.6058922],[-35.700897,-9.6058247],[-35.7009261,-9.6057768],[-35.7009496,-9.6057487],[-35.7011234,-9.6056142],[-35.7011922,-9.6055675],[-35.7012864,-9.6055147],[-35.7013124,-9.6054666],[-35.7012953,-9.6053822],[-35.7012771,-9.6052929],[-35.7012919,-9.6052377],[-35.7013584,-9.6051825],[-35.7013742,-9.6051596],[-35.7013752,-9.6051003],[-35.7013624,-9.6050554],[-35.7013354,-9.6050166],[-35.7013098,-9.6049711],[-35.7013005,-9.6048979],[-35.7014267,-9.6049175],[-35.7014716,-9.6048876],[-35.701494,-9.6048371],[-35.7014824,-9.604746],[-35.7015177,-9.6046661],[-35.7015594,-9.6046817],[-35.7016639,-9.604706],[-35.7017216,-9.6047029],[-35.7017767,-9.6046635],[-35.7017932,-9.6046231],[-35.7017989,-9.6045285],[-35.7018188,-9.6044903],[-35.701837,-9.6044766],[-35.7018761,-9.6045045],[-35.7019153,-9.6045713],[-35.7019631,-9.6045829],[-35.7020168,-9.6045613],[-35.7020725,-9.6044788],[-35.7021303,-9.6044217],[-35.7022164,-9.6043548],[-35.702324,-9.6042331],[-35.7023897,-9.6041266],[-35.7024151,-9.6040434],[-35.7024508,-9.6039726],[-35.702572,-9.603814],[-35.7026434,-9.6037715],[-35.7026694,-9.6037393],[-35.7026643,-9.6037098],[-35.7026552,-9.6036696],[-35.7027651,-9.6036192],[-35.702911,-9.6035242],[-35.7030057,-9.603376],[-35.7030773,-9.6032928],[-35.7032107,-9.6031157],[-35.7033301,-9.6029518],[-35.7033878,-9.6028077],[-35.7034586,-9.6026471],[-35.7035253,-9.6025491],[-35.7037024,-9.602405],[-35.7037864,-9.6022988],[-35.7037987,-9.6022436],[-35.7038144,-9.6020649],[-35.703821,-9.6019432],[-35.703858,-9.6017701],[-35.7039125,-9.6016875],[-35.704196,-9.6015722],[-35.7043384,-9.6014937],[-35.7044196,-9.601406],[-35.7045095,-9.6012725],[-35.704569,-9.6011231],[-35.7046246,-9.6010231],[-35.7046379,-9.6004103],[-35.7047013,-9.6001219],[-35.7047343,-9.5999345],[-35.7047819,-9.5998268],[-35.7047741,-9.5997394],[-35.7047256,-9.5995957],[-35.7046975,-9.5995414],[-35.7046484,-9.5995134],[-35.7045143,-9.5993625],[-35.7045019,-9.5992735],[-35.7045353,-9.5990679],[-35.7045317,-9.5989489],[-35.7044546,-9.5988822],[-35.7043324,-9.598809],[-35.7042516,-9.5987411],[-35.7041307,-9.5985957],[-35.7041387,-9.5985027],[-35.7041144,-9.5984315],[-35.7040461,-9.5982975],[-35.7040116,-9.5982778],[-35.7039383,-9.5982592],[-35.7038869,-9.5982215],[-35.7038333,-9.5981044],[-35.7038165,-9.598016],[-35.7037693,-9.5979089],[-35.7037277,-9.5977849],[-35.7036643,-9.5975653],[-35.7036563,-9.5975146],[-35.7036569,-9.5974404],[-35.7036642,-9.5973558],[-35.7036895,-9.5972648],[-35.7037045,-9.597206],[-35.7037445,-9.5971361],[-35.7037634,-9.5971124],[-35.7037792,-9.5970837],[-35.703825,-9.5969878],[-35.70391,-9.5968354],[-35.7039744,-9.5967234],[-35.7040129,-9.5966589],[-35.704027,-9.5966253],[-35.7040578,-9.5965781],[-35.7040639,-9.5965526],[-35.7040821,-9.5964465],[-35.7041034,-9.5963531],[-35.7041253,-9.5962675],[-35.7041609,-9.5961579],[-35.7042026,-9.5960154],[-35.7042136,-9.5959613],[-35.7042306,-9.5959381],[-35.7042541,-9.5959236],[-35.7043175,-9.5959165],[-35.704346,-9.5959073],[-35.7043591,-9.5958979],[-35.7044108,-9.5958314],[-35.7044812,-9.5957528],[-35.7045193,-9.5957058],[-35.7045277,-9.5956861],[-35.704568,-9.5956045],[-35.7046101,-9.5955201],[-35.7046342,-9.5954816],[-35.7046954,-9.595365],[-35.7047445,-9.5952799],[-35.7047916,-9.5952124],[-35.7048546,-9.5951207],[-35.7048856,-9.5950635],[-35.7049166,-9.5950235],[-35.7049609,-9.5949714],[-35.7049993,-9.5949079],[-35.7050463,-9.5948023],[-35.7050678,-9.5947401],[-35.7050782,-9.5947179],[-35.7051098,-9.5946799],[-35.7052145,-9.5946114],[-35.7053092,-9.5945567],[-35.7053325,-9.5945459],[-35.7054387,-9.5945044],[-35.7054948,-9.5944744],[-35.705562,-9.5944465],[-35.7056805,-9.5944138],[-35.7057155,-9.5944002],[-35.7057646,-9.5943777],[-35.7058064,-9.5943512],[-35.7058645,-9.5943349],[-35.7059159,-9.5943046],[-35.7060416,-9.5943064],[-35.7061132,-9.5942891],[-35.7061433,-9.5942775],[-35.7061967,-9.5942423],[-35.7062895,-9.5942438],[-35.7063337,-9.5942385],[-35.7063936,-9.5942186],[-35.7064313,-9.594183],[-35.7064946,-9.5941411],[-35.7065574,-9.5941184],[-35.7066745,-9.5941245],[-35.7067913,-9.5941622],[-35.7068555,-9.5941945],[-35.706896,-9.5942229],[-35.7069804,-9.594237],[-35.7070671,-9.5942615],[-35.7071207,-9.5942835],[-35.7071766,-9.5943303],[-35.7071882,-9.5943892],[-35.7071924,-9.5944477],[-35.7072047,-9.5944969],[-35.7072059,-9.594552],[-35.7072292,-9.5945947],[-35.7072498,-9.5946182],[-35.7073194,-9.5946842],[-35.7073399,-9.5947386],[-35.7073687,-9.5947925],[-35.707417,-9.5948046],[-35.7074685,-9.5948121],[-35.7075189,-9.5947866],[-35.7075634,-9.5947464],[-35.7076337,-9.5947466],[-35.7076648,-9.5948051],[-35.7076727,-9.5948429],[-35.7076875,-9.5949293],[-35.707708,-9.5949876],[-35.7076886,-9.5950518],[-35.7076465,-9.5950867],[-35.7076201,-9.595135],[-35.7076208,-9.595194],[-35.7075858,-9.5952506],[-35.7075194,-9.5952671],[-35.7074576,-9.5952646],[-35.7074026,-9.5952706],[-35.7073614,-9.595303],[-35.7073325,-9.5953565],[-35.7073321,-9.59541],[-35.7073463,-9.5954707],[-35.7073793,-9.5955136],[-35.7074232,-9.5955593],[-35.7074659,-9.595592],[-35.7075237,-9.5955895],[-35.7075864,-9.5955903],[-35.7076298,-9.5956302],[-35.7076899,-9.5956325],[-35.7077442,-9.5956453],[-35.7078376,-9.5957065],[-35.7078917,-9.5957159],[-35.7079905,-9.5956545],[-35.7080715,-9.5955683],[-35.7081183,-9.5955257],[-35.7081366,-9.5954862],[-35.708165,-9.5954259],[-35.7082027,-9.5953657],[-35.7082453,-9.5952571],[-35.7082876,-9.5952087],[-35.7083438,-9.5951642],[-35.7084087,-9.5951326],[-35.7084767,-9.5951281],[-35.7085312,-9.5951307],[-35.7085982,-9.5951451],[-35.7086577,-9.5951728],[-35.7087217,-9.5951848],[-35.7087849,-9.5952231],[-35.7088476,-9.5952726],[-35.7088973,-9.5953221],[-35.7089522,-9.5953526],[-35.7089923,-9.5953985],[-35.7090256,-9.5954609],[-35.7090258,-9.5955146],[-35.709023,-9.5955822],[-35.7089957,-9.5956478],[-35.7089839,-9.5956929],[-35.7089516,-9.595761],[-35.7089364,-9.5958295],[-35.7089346,-9.5959055],[-35.708921,-9.5959739],[-35.7088895,-9.5960201],[-35.7088805,-9.5960749],[-35.7088937,-9.5961272],[-35.7088885,-9.5961897],[-35.7089028,-9.5962428],[-35.7090072,-9.5963233],[-35.7091097,-9.5963677],[-35.7091642,-9.5963673],[-35.7092238,-9.5963494],[-35.7092668,-9.5963393],[-35.7093433,-9.5963155],[-35.7094117,-9.5962998],[-35.7094683,-9.5962637],[-35.7095054,-9.596212],[-35.7095591,-9.5961491],[-35.7096049,-9.596081],[-35.7096549,-9.5960327],[-35.7096852,-9.5959885],[-35.7097327,-9.5958744],[-35.709762,-9.5958392],[-35.709817,-9.5957873],[-35.7098658,-9.5957627],[-35.7099366,-9.5957525],[-35.7100012,-9.595763],[-35.7100685,-9.5957625],[-35.7101448,-9.5957771],[-35.7102692,-9.5957813],[-35.7103242,-9.5957709],[-35.7103918,-9.5957276],[-35.7104593,-9.5957142],[-35.7105382,-9.5957164],[-35.7105911,-9.5957319],[-35.7106531,-9.5957403],[-35.7107156,-9.5957973],[-35.7107562,-9.5958436],[-35.710784,-9.5959011],[-35.7108512,-9.5959978],[-35.7108682,-9.5960501],[-35.7108953,-9.5960863],[-35.7109366,-9.5961284],[-35.7109798,-9.596156],[-35.7110329,-9.5961547],[-35.7110867,-9.5961268],[-35.7111304,-9.5960944],[-35.7111837,-9.5960705],[-35.7112345,-9.5960393],[-35.7112896,-9.5959937],[-35.7113035,-9.5959335],[-35.7113023,-9.5958644],[-35.7113085,-9.5957989],[-35.7113048,-9.5957759],[-35.7112945,-9.5957227],[-35.7112977,-9.5956854],[-35.7113037,-9.5956686],[-35.7113292,-9.5956441],[-35.7113555,-9.5956273],[-35.7113895,-9.5956226],[-35.7115557,-9.5956251],[-35.711595,-9.5956369],[-35.7116361,-9.5956603],[-35.7117206,-9.5956531],[-35.7117471,-9.5956468],[-35.7117817,-9.5956293],[-35.71183,-9.5955965],[-35.7118809,-9.595561],[-35.7119401,-9.5955169],[-35.7119645,-9.595482],[-35.7119707,-9.5954682],[-35.7119997,-9.595426],[-35.7120249,-9.5954029],[-35.7120515,-9.5953898],[-35.7120914,-9.5953891],[-35.7121432,-9.5953781],[-35.7121897,-9.5953381],[-35.7122193,-9.5953259],[-35.7122383,-9.5953071],[-35.7122504,-9.595284],[-35.7122603,-9.5952303],[-35.7122802,-9.5951494],[-35.7122861,-9.5951099],[-35.7122893,-9.5950536],[-35.7122941,-9.595016],[-35.7123009,-9.5949962],[-35.7123174,-9.5949677],[-35.7123337,-9.5949404],[-35.7123572,-9.594898],[-35.7123851,-9.594853],[-35.7124194,-9.5947811],[-35.7124429,-9.5947485],[-35.7124826,-9.5947008],[-35.7125177,-9.5946665],[-35.7125359,-9.5946426],[-35.7125618,-9.5946036],[-35.7126092,-9.5945684],[-35.7126591,-9.5945396],[-35.7126969,-9.594531],[-35.7127065,-9.594535],[-35.7127263,-9.5945365],[-35.7127456,-9.5945382],[-35.7127728,-9.5945371],[-35.7128286,-9.5945339],[-35.7128704,-9.5945389],[-35.7129754,-9.5946746],[-35.7130316,-9.5946851],[-35.7130898,-9.5946725],[-35.7131455,-9.5946744],[-35.7131885,-9.5947062],[-35.7132189,-9.5947589],[-35.7132892,-9.5947664],[-35.7133519,-9.5947434],[-35.7133941,-9.5946961],[-35.7134216,-9.5946457],[-35.7134552,-9.5946007],[-35.7134764,-9.5945494],[-35.7134906,-9.5944875],[-35.7135403,-9.5944502],[-35.7136901,-9.5943667],[-35.7137919,-9.5943469],[-35.7138319,-9.5943385],[-35.7138965,-9.5943256],[-35.7139263,-9.5943148],[-35.7140237,-9.5942708],[-35.7141201,-9.5942121],[-35.7141742,-9.5941805],[-35.7142761,-9.5941357],[-35.7143197,-9.5940952],[-35.714371,-9.5940564],[-35.7143964,-9.5939893],[-35.7144339,-9.5939974],[-35.7145344,-9.5940303],[-35.7146189,-9.5940603],[-35.7147083,-9.5940777],[-35.7147778,-9.594094],[-35.7148459,-9.5940983],[-35.7149459,-9.5940758],[-35.7150049,-9.59406],[-35.7150485,-9.5940416],[-35.7150884,-9.5940016],[-35.7151011,-9.5939477],[-35.7150999,-9.5939116],[-35.7150909,-9.5938745],[-35.7150738,-9.5938182],[-35.715071,-9.5937576],[-35.7150968,-9.593707],[-35.7151228,-9.5936907],[-35.7151755,-9.5936494],[-35.7152565,-9.5935648],[-35.7153074,-9.593524],[-35.7153907,-9.5934625],[-35.7154419,-9.5934314],[-35.7154996,-9.5933878],[-35.7155585,-9.5933771],[-35.715602,-9.5933533],[-35.7156288,-9.5933068],[-35.7156809,-9.5932785],[-35.7157387,-9.5932565],[-35.7157951,-9.5932224],[-35.7158489,-9.5931722],[-35.7158961,-9.5931029],[-35.7159284,-9.5930716],[-35.7159735,-9.5930314],[-35.716083,-9.5929457],[-35.7161892,-9.5928201]]]]}},
{"type":"Feature","properties":{"ibge_code_municipio":"2704302","name":"Cruz das Almas","code":"2704302012"},"geometry":{"type":"MultiPolygon","coordinates":[[[[-35.7028921,-9.6387058],[-35.7028627,-9.6390695],[-35.7028297,-9.639199],[-35.7027744,-9.6393394],[-35.7026994,-9.639464],[-35.7026513,-9.6395711],[-35.7025735,-9.6397811],[-35.702054,-9.6397675],[-35.701933,-9.6397642],[-35.701064,-9.6397377],[-35.7002722,-9.6397135],[-35.7002568,-9.6397663],[-35.7002549,-9.6397645],[-35.7001941,-9.6397081],[-35.7000842,-9.6396182],[-35.6999399,-9.6395536],[-35.6996946,-9.6395482],[-35.6990969,-9.6396226],[-35.6987365,-9.6396607],[-35.6985657,-9.6396722],[-35.6985097,-9.6396896],[-35.697865,-9.6397657],[-35.6978474,-9.6395765],[-35.6977621,-9.6386606],[-35.6975976,-9.6376611],[-35.6975496,-9.6372215],[-35.6975145,-9.6369004],[-35.6973636,-9.6360922],[-35.6972367,-9.6355003],[-35.6971962,-9.635311],[-35.6970931,-9.6349265],[-35.6970772,-9.6348675],[-35.6970411,-9.634733],[-35.6969943,-9.6346075],[-35.6966221,-9.6336104],[-35.6964324,-9.6331128],[-35.6962715,-9.6326141],[-35.6961897,-9.6323647],[-35.6959773,-9.6317174],[-35.6959221,-9.631585],[-35.6955392,-9.6306675],[-35.6953817,-9.6302901],[-35.695021,-9.629296],[-35.6945897,-9.6282337],[-35.6942748,-9.6273284],[-35.6940816,-9.6267849],[-35.6937144,-9.6256359],[-35.6931137,-9.6241834],[-35.6928864,-9.6237236],[-35.6935388,-9.6236255],[-35.6956367,-9.6236547],[-35.695728,-9.6236222],[-35.6957934,-9.6235935],[-35.6959497,-9.6239269],[-35.6960497,-9.6241287],[-35.6962639,-9.6245609],[-35.6967053,-9.6254724],[-35.6968848,-9.6258494],[-35.696967,-9.6258479],[-35.6980833,-9.6258269],[-35.7023202,-9.6257473],[-35.7023152,-9.6256823],[-35.7024031,-9.6256364],[-35.7024361,-9.6255991],[-35.7024824,-9.6255265],[-35.7025382,-9.6254547],[-35.7025868,-9.6253784],[-35.702618,-9.6252941],[-35.7026552,-9.6251646],[-35.7026578,-9.6250291],[-35.7026652,-9.6249396],[-35.7026663,-9.6248492],[-35.7026511,-9.6247599],[-35.702638,-9.6247166],[-35.702629,-9.6246738],[-35.7026211,-9.6245379],[-35.7026395,-9.6244492],[-35.7026986,-9.6243267],[-35.702722,-9.6242877],[-35.7027568,-9.624207],[-35.70282,-9.6241424],[-35.7029379,-9.6240746],[-35.7029805,-9.6240598],[-35.7030291,-9.6239835],[-35.7030694,-9.6239028],[-35.703119,-9.6238237],[-35.7031811,-9.6237537],[-35.70321,-9.623725],[-35.7032852,-9.6236752],[-35.7033539,-9.6236168],[-35.7033832,-9.6235873],[-35.7034218,-9.623534],[-35.7034952,-9.6234441],[-35.7035216,-9.6234032],[-35.703561,-9.6233216],[-35.7035771,-9.6232799],[-35.7036055,-9.6231938],[-35.7036252,-9.623153],[-35.703699,-9.6230386],[-35.7037421,-9.6229678],[-35.7039087,-9.622732],[-35.7039681,-9.622648],[-35.7040794,-9.6224565],[-35.7042018,-9.6222667],[-35.7042136,-9.6221518],[-35.7042144,-9.6221068],[-35.7042198,-9.6217877],[-35.7046813,-9.6217723],[-35.7047761,-9.6217793],[-35.7047879,-9.6217805],[-35.7048218,-9.6217862],[-35.704926,-9.6218035],[-35.7051454,-9.6218298],[-35.7054618,-9.6218601],[-35.7055718,-9.6218687],[-35.7057257,-9.6218776],[-35.7060707,-9.6218951],[-35.7061361,-9.6218987],[-35.7063042,-9.6219199],[-35.7063835,-9.6219298],[-35.7065123,-9.621949],[-35.7066881,-9.6219816],[-35.7068957,-9.6220302],[-35.7070304,-9.622071],[-35.7071987,-9.6221378],[-35.7072341,-9.6221539],[-35.7073734,-9.6222174],[-35.7077347,-9.6219615],[-35.7080591,-9.6217135],[-35.7080822,-9.6218416],[-35.7081207,-9.6221049],[-35.7081773,-9.6225093],[-35.70818,-9.6225289],[-35.7082064,-9.6226926],[-35.7082365,-9.6229111],[-35.7082789,-9.6232033],[-35.7082834,-9.623309],[-35.7082777,-9.6233779],[-35.7082701,-9.6234707],[-35.7082512,-9.62382],[-35.7082485,-9.6239351],[-35.7082356,-9.6239348],[-35.7081646,-9.6253707],[-35.7081599,-9.6254649],[-35.7085456,-9.6254321],[-35.7085883,-9.6255611],[-35.7088528,-9.6255611],[-35.7088595,-9.6257496],[-35.7088546,-9.6257498],[-35.7087019,-9.6257545],[-35.7087189,-9.6259456],[-35.7085268,-9.6259666],[-35.7084973,-9.6260375],[-35.7084923,-9.6262774],[-35.708492,-9.6264326],[-35.7084982,-9.6265322],[-35.7085668,-9.6265168],[-35.7086669,-9.626599],[-35.7087257,-9.6266278],[-35.7087919,-9.6266602],[-35.7087904,-9.6267948],[-35.7089258,-9.6267848],[-35.7091026,-9.6267735],[-35.7091099,-9.6268226],[-35.7090938,-9.6269117],[-35.7091037,-9.6269305],[-35.7091562,-9.6270309],[-35.7091596,-9.6271213],[-35.7092288,-9.6272364],[-35.7092492,-9.6272769],[-35.7092532,-9.627322],[-35.7092472,-9.6273672],[-35.7092391,-9.6274107],[-35.7092306,-9.6274559],[-35.7092166,-9.6275775],[-35.7092612,-9.6276481],[-35.7092897,-9.627684],[-35.7093146,-9.6277218],[-35.7093332,-9.6277623],[-35.7093397,-9.6278013],[-35.7093554,-9.6278954],[-35.7094135,-9.6280189],[-35.7094329,-9.6281058],[-35.7094513,-9.6281942],[-35.7094521,-9.6282069],[-35.7094566,-9.6282845],[-35.7094661,-9.6283287],[-35.709504,-9.6284106],[-35.7095302,-9.6284971],[-35.7095388,-9.6285413],[-35.7095913,-9.628615],[-35.7096383,-9.6286923],[-35.7096656,-9.6287278],[-35.7097355,-9.6287819],[-35.7097412,-9.6289165],[-35.7097615,-9.628957],[-35.7097891,-9.6289929],[-35.7098307,-9.6290739],[-35.7098569,-9.6291605],[-35.7098573,-9.6292056],[-35.7099309,-9.629309],[-35.709954,-9.6293476],[-35.7099569,-9.6293639],[-35.7099603,-9.6294497],[-35.7099818,-9.629518],[-35.7099902,-9.6295443],[-35.7100227,-9.6296227],[-35.7100396,-9.6296984],[-35.7100356,-9.6297572],[-35.7100188,-9.6298194],[-35.7100143,-9.629836],[-35.7100066,-9.6298893],[-35.7100142,-9.6299383],[-35.7100181,-9.6299633],[-35.71006,-9.6301664],[-35.7100645,-9.6301879],[-35.710069,-9.6302016],[-35.710155,-9.6304646],[-35.7101831,-9.6305665],[-35.7102191,-9.6306249],[-35.7102616,-9.6306712],[-35.7102751,-9.6306859],[-35.7103761,-9.6307625],[-35.7103995,-9.6307825],[-35.7104308,-9.6308033],[-35.7104508,-9.6308206],[-35.7104802,-9.6308418],[-35.7105044,-9.6308621],[-35.7106232,-9.6309244],[-35.7106602,-9.6309432],[-35.7107032,-9.6309598],[-35.7107028,-9.631096],[-35.7106764,-9.6312642],[-35.7105594,-9.6315041],[-35.7105263,-9.631583],[-35.7104893,-9.6316989],[-35.7104418,-9.6318842],[-35.7103996,-9.6320185],[-35.7103302,-9.6321094],[-35.7102588,-9.6321696],[-35.7100846,-9.6322596],[-35.7100773,-9.6322561],[-35.7099233,-9.6323073],[-35.7098648,-9.63232],[-35.7097119,-9.6323437],[-35.7094028,-9.6323823],[-35.7091954,-9.6324089],[-35.7090423,-9.6324294],[-35.7088364,-9.6324514],[-35.7087739,-9.6324593],[-35.7086349,-9.6324767],[-35.7085455,-9.6324845],[-35.7083568,-9.6324902],[-35.708349,-9.6329327],[-35.7083471,-9.633037],[-35.7083185,-9.6330528],[-35.7077812,-9.6330665],[-35.7075309,-9.6330729],[-35.7072356,-9.6333008],[-35.7071616,-9.6333495],[-35.7070196,-9.6334618],[-35.7069672,-9.633511],[-35.7069183,-9.633552],[-35.7068287,-9.6336124],[-35.7067652,-9.6336391],[-35.7067429,-9.6336483],[-35.7067128,-9.6336589],[-35.7067141,-9.633747],[-35.7062141,-9.6339866],[-35.7056912,-9.6342432],[-35.7053626,-9.6344053],[-35.7052086,-9.6344672],[-35.7050867,-9.6345322],[-35.7049977,-9.6345796],[-35.7047325,-9.6347176],[-35.7046251,-9.634786],[-35.7044219,-9.6348248],[-35.7041019,-9.6348808],[-35.704126,-9.6349383],[-35.7046475,-9.6359544],[-35.7048817,-9.6359484],[-35.704882,-9.6359578],[-35.7048828,-9.6359793],[-35.7049643,-9.6359844],[-35.7050397,-9.6360198],[-35.7051822,-9.6361893],[-35.7052455,-9.6362426],[-35.7052978,-9.6362722],[-35.7053537,-9.6363297],[-35.705402,-9.6363794],[-35.7055821,-9.6366271],[-35.7056938,-9.6367776],[-35.7058489,-9.6370773],[-35.7059648,-9.6373207],[-35.7060028,-9.6373722],[-35.7059931,-9.6373928],[-35.70598,-9.6374164],[-35.7059647,-9.6374405],[-35.7059594,-9.6374566],[-35.7059644,-9.6374755],[-35.7059788,-9.6375079],[-35.7059769,-9.6375277],[-35.7059451,-9.6375559],[-35.7059459,-9.6375677],[-35.7059855,-9.6383476],[-35.7060276,-9.6388222],[-35.7060299,-9.6388882],[-35.7055335,-9.6389273],[-35.7053745,-9.6389837],[-35.7053204,-9.6389592],[-35.7051438,-9.6388115],[-35.7041898,-9.638772],[-35.7028921,-9.6387058]]]]}},
{"type":"Feature","properties":{"ibge_code_municipio":"2704302","name":"Levada","code":"2704302025"},"geometry":{"type":"MultiPolygon","coordinates":[[[[-35.7401813,-9.656418],[-35.7403238,-9.6560565],[-35.7403535,-9.6559812],[-35.7405069,-9.6555923],[-35.7406519,-9.6552244],[-35.7407396,-9.655002],[-35.7407487,-9.6549791],[-35.7407562,-9.6549604],[-35.740904,-9.654589],[-35.7410327,-9.6542629],[-35.7410449,-9.6542319],[-35.7410573,-9.6542004],[-35.7410753,-9.6541549],[-35.74114,-9.6541815],[-35.7412452,-9.6542249],[-35.7414699,-9.654308],[-35.7419511,-9.6544793],[-35.742818,-9.6547766],[-35.7431453,-9.6548877],[-35.7433222,-9.6549435],[-35.7434635,-9.654988],[-35.7436835,-9.6550544],[-35.7439678,-9.655138],[-35.7440432,-9.655165],[-35.7440917,-9.6551785],[-35.744433,-9.6552743],[-35.7445001,-9.6552949],[-35.7446908,-9.6553485],[-35.744997,-9.6554447],[-35.745136,-9.6554859],[-35.7452234,-9.6555156],[-35.7453427,-9.6555521],[-35.7454316,-9.6555827],[-35.7454647,-9.6555956],[-35.7454787,-9.6555944],[-35.7454896,-9.6555988],[-35.7455127,-9.6556081],[-35.7456407,-9.6556382],[-35.7456999,-9.6556305],[-35.7457633,-9.6556121],[-35.7458161,-9.6555969],[-35.7459522,-9.6555675],[-35.7462532,-9.6554991],[-35.7462987,-9.6554826],[-35.7463368,-9.6554716],[-35.7464105,-9.6554558],[-35.7465602,-9.6554157],[-35.7465803,-9.6554083],[-35.7466411,-9.6553781],[-35.7466772,-9.6553326],[-35.7467031,-9.6552692],[-35.7467663,-9.6550721],[-35.746784,-9.655024],[-35.7467865,-9.6550148],[-35.7467894,-9.6550057],[-35.7468057,-9.6549043],[-35.7468307,-9.6548435],[-35.7468672,-9.6547772],[-35.74689,-9.654737],[-35.7469041,-9.6546955],[-35.7469158,-9.6546427],[-35.7469663,-9.6544134],[-35.7470361,-9.6541236],[-35.7470452,-9.6541262],[-35.7470799,-9.6541404],[-35.7471631,-9.6541768],[-35.7471924,-9.6541992],[-35.7472172,-9.6542225],[-35.7472447,-9.6542403],[-35.7472749,-9.6542636],[-35.7473253,-9.6542993],[-35.7473518,-9.6543226],[-35.7474509,-9.6544157],[-35.7474657,-9.6544373],[-35.7474758,-9.6544481],[-35.7474997,-9.654475],[-35.7475245,-9.6545091],[-35.7475715,-9.6545765],[-35.7475992,-9.6546215],[-35.7476231,-9.6546547],[-35.7476434,-9.6546871],[-35.7476683,-9.6547185],[-35.7476904,-9.6547544],[-35.7477503,-9.6548452],[-35.7477917,-9.6548964],[-35.7478036,-9.6548999],[-35.7478245,-9.6549015],[-35.7478729,-9.6549102],[-35.747903,-9.6549235],[-35.7479249,-9.6549315],[-35.7479632,-9.6549384],[-35.7480015,-9.654939],[-35.7481089,-9.6549363],[-35.7481289,-9.6549262],[-35.7481905,-9.6548923],[-35.7482286,-9.6548757],[-35.7482984,-9.6548436],[-35.7483247,-9.654828],[-35.7483647,-9.6548123],[-35.7483838,-9.6548112],[-35.7484229,-9.6548136],[-35.7484476,-9.6548198],[-35.7484786,-9.6548322],[-35.7485197,-9.6548436],[-35.7485325,-9.6548462],[-35.7485535,-9.6548569],[-35.7486074,-9.6548799],[-35.7486457,-9.6548923],[-35.7486959,-9.6549063],[-35.7487306,-9.6549178],[-35.7487334,-9.6549223],[-35.7487334,-9.654925],[-35.7487254,-9.6549449],[-35.74872,-9.6549522],[-35.7487669,-9.6550115],[-35.7487805,-9.6549987],[-35.7487958,-9.6549878],[-35.7488104,-9.6549876],[-35.748835,-9.6549929],[-35.7488442,-9.6549955],[-35.7488442,-9.6550036],[-35.7488335,-9.6550272],[-35.7488308,-9.6550317],[-35.7488277,-9.6550986],[-35.7488283,-9.6551718],[-35.7488294,-9.6551917],[-35.7488313,-9.6551998],[-35.7488404,-9.6552115],[-35.7488441,-9.6552132],[-35.7488569,-9.6552231],[-35.7488629,-9.6552262],[-35.7488688,-9.6552293],[-35.748918,-9.6552316],[-35.7489535,-9.6552304],[-35.7489735,-9.6552276],[-35.7490017,-9.6552183],[-35.749018,-9.6552109],[-35.7490325,-9.6552009],[-35.7490534,-9.6551926],[-35.7490697,-9.6551889],[-35.7490807,-9.6551906],[-35.7490907,-9.6551995],[-35.7490927,-9.6552104],[-35.7490937,-9.6552248],[-35.7491205,-9.6552716],[-35.7491297,-9.6552859],[-35.749137,-9.6552931],[-35.7491691,-9.6553136],[-35.7491809,-9.6553199],[-35.7492305,-9.6553656],[-35.7492433,-9.655379],[-35.7492827,-9.6554094],[-35.7492956,-9.6554201],[-35.7493139,-9.6554327],[-35.749335,-9.6554487],[-35.7493578,-9.6554621],[-35.7493907,-9.6554772],[-35.7493999,-9.6554853],[-35.7494155,-9.6554969],[-35.7494392,-9.6555039],[-35.749463,-9.6555155],[-35.7494839,-9.6555153],[-35.7494958,-9.6555161],[-35.7495122,-9.6555259],[-35.7495333,-9.6555366],[-35.7495534,-9.6555554],[-35.7495617,-9.655568],[-35.7495792,-9.6555904],[-35.7495884,-9.6555958],[-35.7496231,-9.6556154],[-35.7496324,-9.6556325],[-35.7496402,-9.6556387],[-35.7496479,-9.655645],[-35.7496617,-9.6556539],[-35.7496873,-9.6556682],[-35.7497001,-9.6556789],[-35.7497139,-9.6556996],[-35.7497323,-9.6557184],[-35.7497443,-9.6557319],[-35.7497561,-9.655739],[-35.74978,-9.655765],[-35.7498002,-9.6557829],[-35.7498397,-9.6558215],[-35.7498562,-9.6558439],[-35.7498801,-9.6558609],[-35.7498965,-9.6558671],[-35.7499257,-9.6558732],[-35.7499475,-9.6558739],[-35.7499667,-9.6558729],[-35.7500002,-9.6558599],[-35.7500275,-9.6558525],[-35.7500839,-9.6558457],[-35.7501195,-9.6558536],[-35.7501451,-9.6558705],[-35.7500175,-9.6561505],[-35.7499799,-9.6562331],[-35.7499393,-9.6563221],[-35.7499139,-9.6563778],[-35.7497977,-9.656667],[-35.7496159,-9.6570836],[-35.7491175,-9.6582029],[-35.7490673,-9.6582655],[-35.7490425,-9.6583589],[-35.7490001,-9.658512],[-35.7489825,-9.6585758],[-35.7488408,-9.6591889],[-35.7488377,-9.6592021],[-35.7488189,-9.6592837],[-35.7487915,-9.6594065],[-35.7487528,-9.6595605],[-35.7485581,-9.6603344],[-35.748497,-9.6605773],[-35.7484079,-9.6610031],[-35.7483405,-9.6613472],[-35.7482654,-9.6616885],[-35.7482555,-9.66178],[-35.748296,-9.6619108],[-35.7481869,-9.6619747],[-35.7480961,-9.6620289],[-35.7481344,-9.6621041],[-35.7483202,-9.662458],[-35.7486954,-9.663196],[-35.7488007,-9.6634032],[-35.7489338,-9.6636592],[-35.7489792,-9.6637781],[-35.749003,-9.6639017],[-35.749011,-9.6639965],[-35.749016,-9.6640389],[-35.7491002,-9.6647664],[-35.7478451,-9.6648314],[-35.7477772,-9.6648314],[-35.7473817,-9.66485],[-35.7469819,-9.664869],[-35.7460747,-9.6649024],[-35.7452611,-9.6649357],[-35.745147,-9.6649407],[-35.745103,-9.6648689],[-35.7443803,-9.6650274],[-35.7434664,-9.6652045],[-35.7432415,-9.6652608],[-35.7432021,-9.6653039],[-35.7431886,-9.665167],[-35.7431856,-9.6651312],[-35.7431765,-9.6650225],[-35.7431655,-9.6648991],[-35.7431595,-9.6648338],[-35.7431447,-9.6645882],[-35.7431426,-9.6644923],[-35.7431419,-9.6644617],[-35.7431415,-9.6644348],[-35.7431429,-9.6643614],[-35.7431518,-9.6642177],[-35.7431488,-9.6641258],[-35.7431542,-9.6640386],[-35.7431605,-9.6639587],[-35.7431739,-9.6638789],[-35.7431903,-9.6637671],[-35.7432059,-9.6636723],[-35.7432606,-9.6633671],[-35.7433386,-9.6629632],[-35.743415,-9.6625823],[-35.743465,-9.6623304],[-35.7434952,-9.6621434],[-35.7435174,-9.6619908],[-35.743522,-9.6619555],[-35.7435265,-9.6619289],[-35.74353,-9.6618208],[-35.7435302,-9.661815],[-35.7435262,-9.6617188],[-35.7435234,-9.6616506],[-35.7434751,-9.6614409],[-35.7434543,-9.6613855],[-35.7434073,-9.6612648],[-35.7433712,-9.6611992],[-35.7433565,-9.6611729],[-35.7433191,-9.6611066],[-35.7433103,-9.661093],[-35.743257,-9.661024],[-35.7432119,-9.6609655],[-35.7431678,-9.6609189],[-35.7431329,-9.6608839],[-35.7430976,-9.6608531],[-35.7430623,-9.6608222],[-35.7430049,-9.6607762],[-35.7429642,-9.6607434],[-35.7428767,-9.6606723],[-35.7428102,-9.6606184],[-35.742769,-9.6605851],[-35.7426819,-9.6605147],[-35.7425381,-9.6604008],[-35.7424363,-9.6603149],[-35.7422763,-9.6601829],[-35.7420409,-9.6599923],[-35.7420337,-9.6599865],[-35.7419368,-9.6599114],[-35.7417893,-9.6597942],[-35.7417251,-9.6597432],[-35.7416701,-9.6597003],[-35.7415614,-9.6596194],[-35.7414558,-9.6595403],[-35.7413887,-9.6594976],[-35.7413569,-9.6594756],[-35.7413295,-9.6594591],[-35.7412617,-9.6594196],[-35.7411831,-9.6593717],[-35.7410522,-9.6592941],[-35.740936,-9.6592246],[-35.7408638,-9.6591827],[-35.7407265,-9.6591007],[-35.7406597,-9.6590605],[-35.740625,-9.6590405],[-35.7405902,-9.6590204],[-35.7405124,-9.6589723],[-35.7404594,-9.6589393],[-35.7404237,-9.658916],[-35.7403696,-9.6588794],[-35.7403284,-9.6588499],[-35.7403064,-9.658833],[-35.7402404,-9.6587802],[-35.7401988,-9.6587365],[-35.7401782,-9.6587133],[-35.7401419,-9.658671],[-35.7400801,-9.6585998],[-35.7400668,-9.6585819],[-35.740045,-9.6585513],[-35.7400198,-9.6585163],[-35.7399967,-9.6584822],[-35.7399801,-9.6584516],[-35.7399547,-9.6584059],[-35.7399358,-9.6583724],[-35.7399228,-9.6583481],[-35.7399043,-9.6583025],[-35.7398893,-9.6582659],[-35.7398736,-9.6582254],[-35.739862,-9.6581982],[-35.7398449,-9.6581385],[-35.7398145,-9.6580329],[-35.7397899,-9.6578965],[-35.7397838,-9.6578243],[-35.7397827,-9.6578035],[-35.7397817,-9.6577828],[-35.7397827,-9.6576816],[-35.7397878,-9.6576124],[-35.7397925,-9.6575505],[-35.7398093,-9.6574483],[-35.7398275,-9.6573749],[-35.7398319,-9.6573599],[-35.739847,-9.657307],[-35.7398692,-9.6572362],[-35.7398745,-9.6572191],[-35.7399003,-9.6571421],[-35.7399084,-9.6571207],[-35.739952,-9.6570053],[-35.7401219,-9.6565701],[-35.7401813,-9.656418]]]]}},
{"type":"Feature","properties":{"ibge_code_municipio":"2704302","name":"Centro","code":"2704302007"},"geometry":{"type":"MultiPolygon","coordinates":[[[[-35.7418701,-9.6690437],[-35.7418676,-9.6690772],[-35.7418598,-9.6691137],[-35.7418581,-9.6692842],[-35.7418541,-9.6695871],[-35.7418307,-9.6703183],[-35.7418273,-9.6704744],[-35.7418394,-9.6705651],[-35.741831,-9.6706609],[-35.7418885,-9.6707503],[-35.7418402,-9.6721249],[-35.7418371,-9.6722137],[-35.7413251,-9.6720561],[-35.7395907,-9.6716981],[-35.7384758,-9.6714694],[-35.7372787,-9.6713205],[-35.7356209,-9.6711943],[-35.7342491,-9.6711808],[-35.7330294,-9.6712045],[-35.7323177,-9.6713271],[-35.7309465,-9.6716348],[-35.7309327,-9.67147],[-35.7308952,-9.6710214],[-35.7308346,-9.6702982],[-35.7308272,-9.669951],[-35.7308268,-9.6699286],[-35.7307655,-9.669415],[-35.7307188,-9.6688907],[-35.7305695,-9.6686257],[-35.7302783,-9.6683579],[-35.7302167,-9.6683068],[-35.729797,-9.6679587],[-35.7296226,-9.6677803],[-35.7295129,-9.6676168],[-35.7294594,-9.6674202],[-35.7294575,-9.6671853],[-35.7294703,-9.6669675],[-35.7294734,-9.6667443],[-35.729518,-9.6657941],[-35.7295784,-9.6643548],[-35.7296114,-9.6634247],[-35.7296254,-9.6631835],[-35.7295974,-9.6630782],[-35.7295073,-9.6630131],[-35.7293043,-9.6628841],[-35.7287946,-9.662653],[-35.7286423,-9.662026],[-35.7286867,-9.6616074],[-35.7286949,-9.661589],[-35.7288839,-9.6611624],[-35.7289673,-9.6608185],[-35.729012,-9.6605385],[-35.729024,-9.660395],[-35.7290954,-9.6604332],[-35.7293207,-9.6605546],[-35.7297111,-9.6608279],[-35.7297871,-9.6610796],[-35.7298482,-9.6617844],[-35.7338324,-9.6645646],[-35.7339864,-9.6643859],[-35.7340177,-9.6643495],[-35.7341469,-9.6641475],[-35.7341545,-9.6640937],[-35.7341741,-9.6640189],[-35.7342025,-9.6639566],[-35.7342504,-9.663983],[-35.7345161,-9.6641199],[-35.7345877,-9.6641559],[-35.7347223,-9.6642124],[-35.7348529,-9.6642056],[-35.7350412,-9.6641575],[-35.7351954,-9.6641124],[-35.7352892,-9.6640533],[-35.7353721,-9.6639884],[-35.7355851,-9.6637271],[-35.7356926,-9.6635743],[-35.7358358,-9.6633312],[-35.7359177,-9.66317],[-35.7360032,-9.6630151],[-35.7360591,-9.6628837],[-35.7360808,-9.6627905],[-35.7360796,-9.6627124],[-35.735994,-9.662634],[-35.736463,-9.6617739],[-35.7364746,-9.6617533],[-35.7367228,-9.6613414],[-35.7370183,-9.660849],[-35.7373085,-9.6603564],[-35.7374756,-9.6600841],[-35.7377071,-9.6597383],[-35.7377565,-9.6596479],[-35.7377942,-9.6596435],[-35.7378049,-9.6596302],[-35.7379962,-9.659392],[-35.7381907,-9.6591757],[-35.7382733,-9.6586337],[-35.7383098,-9.6582971],[-35.7384945,-9.6578826],[-35.739481,-9.6554552],[-35.7398593,-9.6545013],[-35.7395825,-9.6543951],[-35.737269,-9.6535017],[-35.7369597,-9.6533704],[-35.736942,-9.6533629],[-35.7370694,-9.6531798],[-35.7372335,-9.6530032],[-35.7372842,-9.6529396],[-35.7373727,-9.6529236],[-35.7374247,-9.6529142],[-35.7375011,-9.6528701],[-35.7375116,-9.6528833],[-35.7375128,-9.6528849],[-35.7375813,-9.6529717],[-35.7377072,-9.6531246],[-35.7378511,-9.6532472],[-35.7379307,-9.6532981],[-35.7380551,-9.6533499],[-35.7382208,-9.6533846],[-35.7383837,-9.6533951],[-35.738719,-9.6533675],[-35.7389439,-9.6533497],[-35.7391388,-9.6533343],[-35.7393793,-9.6533484],[-35.7395306,-9.6533871],[-35.7396245,-9.6534217],[-35.7399381,-9.6535956],[-35.7399923,-9.6536102],[-35.7400636,-9.6536388],[-35.7401418,-9.6536843],[-35.7402273,-9.6537446],[-35.74041,-9.6538314],[-35.7405953,-9.6539125],[-35.740636,-9.6539321],[-35.7408925,-9.6540705],[-35.7409834,-9.6541072],[-35.7410753,-9.6541549],[-35.7410573,-9.6542004],[-35.7410449,-9.6542319],[-35.7410327,-9.6542629],[-35.740904,-9.654589],[-35.7407562,-9.6549604],[-35.7407487,-9.6549791],[-35.7407396,-9.655002],[-35.7406519,-9.6552244],[-35.7405069,-9.6555923],[-35.7403535,-9.6559812],[-35.7403238,-9.6560565],[-35.7401813,-9.656418],[-35.7401219,-9.6565701],[-35.739952,-9.6570053],[-35.7399084,-9.6571207],[-35.7399003,-9.6571421],[-35.7398745,-9.6572191],[-35.7398692,-9.6572362],[-35.739847,-9.657307],[-35.7398319,-9.6573599],[-35.7398275,-9.6573749],[-35.7398093,-9.6574483],[-35.7397925,-9.6575505],[-35.7397878,-9.6576124],[-35.7397827,-9.6576816],[-35.7397817,-9.6577828],[-35.7397827,-9.6578035],[-35.7397838,-9.6578243],[-35.7397899,-9.6578965],[-35.7398145,-9.6580329],[-35.7398449,-9.6581385],[-35.739862,-9.6581982],[-35.7398736,-9.6582254],[-35.7398893,-9.6582659],[-35.7399043,-9.6583025],[-35.7399228,-9.6583481],[-35.7399358,-9.6583724],[-35.7399547,-9.6584059],[-35.7399801,-9.6584516],[-35.7399967,-9.6584822],[-35.7400198,-9.6585163],[-35.740045,-9.6585513],[-35.7400668,-9.6585819],[-35.7400801,-9.6585998],[-35.7401419,-9.658671],[-35.7401782,-9.6587133],[-35.7401988,-9.6587365],[-35.7402404,-9.6587802],[-35.7403064,-9.658833],[-35.7403284,-9.6588499],[-35.7403696,-9.6588794],[-35.7404237,-9.658916],[-35.7404594,-9.6589393],[-35.7405124,-9.6589723],[-35.7405902,-9.6590204],[-35.740625,-9.6590405],[-35.7406597,-9.6590605],[-35.7407265,-9.6591007],[-35.7408638,-9.6591827],[-35.740936,-9.6592246],[-35.7410522,-9.6592941],[-35.7411831,-9.6593717],[-35.7412617,-9.6594196],[-35.7413295,-9.6594591],[-35.7413569,-9.6594756],[-35.7413887,-9.6594976],[-35.7414558,-9.6595403],[-35.7415614,-9.6596194],[-35.7416701,-9.6597003],[-35.7417251,-9.6597432],[-35.7417893,-9.6597942],[-35.7419368,-9.6599114],[-35.7420337,-9.6599865],[-35.7420409,-9.6599923],[-35.7422763,-9.6601829],[-35.7424363,-9.6603149],[-35.7425381,-9.6604008],[-35.7426819,-9.6605147],[-35.742769,-9.6605851],[-35.7428102,-9.6606184],[-35.7428767,-9.6606723],[-35.7429642,-9.6607434],[-35.7430049,-9.6607762],[-35.7430623,-9.6608222],[-35.7430976,-9.6608531],[-35.7431329,-9.6608839],[-35.7431678,-9.6609189],[-35.7432119,-9.6609655],[-35.743257,-9.661024],[-35.7433103,-9.661093],[-35.7433191,-9.6611066],[-35.7433565,-9.6611729],[-35.7433712,-9.6611992],[-35.7434073,-9.6612648],[-35.7434543,-9.6613855],[-35.7434751,-9.6614409],[-35.7435234,-9.6616506],[-35.7435262,-9.6617188],[-35.7435302,-9.661815],[-35.74353,-9.6618208],[-35.7435265,-9.6619289],[-35.743522,-9.6619555],[-35.7435174,-9.6619908],[-35.7434952,-9.6621434],[-35.743465,-9.6623304],[-35.743415,-9.6625823],[-35.7433386,-9.6629632],[-35.7432606,-9.6633671],[-35.7432059,-9.6636723],[-35.7431903,-9.6637671],[-35.7431739,-9.6638789],[-35.7431605,-9.6639587],[-35.7431542,-9.6640386],[-35.7431488,-9.6641258],[-35.7431518,-9.6642177],[-35.7431429,-9.6643614],[-35.7431415,-9.6644348],[-35.7431419,-9.6644617],[-35.7431426,-9.6644923],[-35.7431447,-9.6645882],[-35.7431595,-9.6648338],[-35.7431655,-9.6648991],[-35.7431765,-9.6650225],[-35.7431856,-9.6651312],[-35.7431886,-9.665167],[-35.7432021,-9.6653039],[-35.7432025,-9.665309],[-35.7432167,-9.6654884],[-35.7432556,-9.66591],[-35.743261,-9.6659558],[-35.7432865,-9.6662412],[-35.743325,-9.666688],[-35.74333,-9.6670702],[-35.7433373,-9.667231],[-35.7433373,-9.6672964],[-35.7433374,-9.6673789],[-35.7433256,-9.6675044],[-35.743316,-9.667562],[-35.7433065,-9.667622],[-35.7432941,-9.6676736],[-35.7432774,-9.6677437],[-35.7432539,-9.6678239],[-35.7432187,-9.6679217],[-35.7431893,-9.6679912],[-35.7431581,-9.6680505],[-35.7430819,-9.6682043],[-35.7430236,-9.668306],[-35.7429742,-9.6683881],[-35.7429079,-9.6684668],[-35.7428407,-9.6685347],[-35.7427663,-9.6686027],[-35.7426812,-9.6686787],[-35.7425285,-9.6687944],[-35.7424066,-9.6688697],[-35.7423801,-9.6688858],[-35.7422676,-9.6689444],[-35.7421423,-9.6689983],[-35.7419509,-9.6690481],[-35.7418701,-9.6690437]]]]}},
{"type":"Feature","properties":{"ibge_code_municipio":"2704302","name":"Farol","code":"2704302013"},"geometry":{"type":"MultiPolygon","coordinates":[[[[-35.7296465,-9.6560331],[-35.729638,-9.6560347],[-35.7293743,-9.6560563],[-35.729355,-9.6560595],[-35.7292773,-9.6560699],[-35.7292711,-9.656043],[-35.7289952,-9.6560812],[-35.7288021,-9.6561072],[-35.728717,-9.6561211],[-35.7286917,-9.6561265],[-35.7286683,-9.6561316],[-35.7285367,-9.6561598],[-35.7285092,-9.6560701],[-35.7285053,-9.6560574],[-35.7285027,-9.6560451],[-35.7284986,-9.6560259],[-35.7284837,-9.6559553],[-35.7284772,-9.6558746],[-35.7284963,-9.6557248],[-35.7285917,-9.6551046],[-35.728583,-9.6550771],[-35.7285956,-9.6550058],[-35.7286078,-9.6549816],[-35.7286331,-9.6548339],[-35.7287009,-9.6546053],[-35.7288092,-9.6542056],[-35.7289042,-9.6533701],[-35.7289032,-9.6532499],[-35.7288968,-9.6531591],[-35.7287714,-9.6527451],[-35.7286717,-9.6523336],[-35.7286421,-9.6522587],[-35.7286328,-9.6522199],[-35.7286147,-9.6521529],[-35.7285829,-9.6519613],[-35.7285746,-9.6518141],[-35.7285776,-9.6516707],[-35.7285738,-9.6515165],[-35.7285731,-9.6514864],[-35.7285852,-9.6513506],[-35.7286004,-9.6511731],[-35.7286163,-9.6509911],[-35.7286345,-9.6508507],[-35.7286012,-9.6506123],[-35.728602,-9.6505931],[-35.728546,-9.6504912],[-35.7284909,-9.6504303],[-35.7284416,-9.6503747],[-35.7283968,-9.6502941],[-35.7283376,-9.6502295],[-35.7282142,-9.6500711],[-35.7280974,-9.6499284],[-35.7279839,-9.6497997],[-35.7278889,-9.6496819],[-35.727838,-9.6496128],[-35.7277848,-9.6495229],[-35.7277483,-9.6494196],[-35.7277097,-9.6492922],[-35.7276941,-9.6492124],[-35.7276654,-9.6491109],[-35.7276445,-9.6490243],[-35.7276239,-9.6489114],[-35.7276151,-9.6488302],[-35.727609,-9.6487566],[-35.7276016,-9.6486911],[-35.7276112,-9.6486684],[-35.7276194,-9.6486197],[-35.7276409,-9.6485642],[-35.7276716,-9.6485208],[-35.7277022,-9.648477],[-35.7277427,-9.6484263],[-35.7277704,-9.6483859],[-35.7278084,-9.6483426],[-35.7278406,-9.6483021],[-35.7278683,-9.6482593],[-35.7278966,-9.6482228],[-35.7279326,-9.6481779],[-35.727974,-9.6481179],[-35.7280538,-9.6479883],[-35.7281649,-9.6478417],[-35.7282635,-9.6477381],[-35.7283349,-9.6476524],[-35.7283642,-9.6476106],[-35.7283709,-9.6476007],[-35.7283925,-9.6475679],[-35.7284069,-9.6475416],[-35.728444,-9.6475133],[-35.7284893,-9.6474921],[-35.7285008,-9.6474496],[-35.7285206,-9.6474142],[-35.7285242,-9.6474101],[-35.7285423,-9.6473986],[-35.7285599,-9.6473913],[-35.728584,-9.6473811],[-35.7286517,-9.6473357],[-35.7287123,-9.6473013],[-35.7287509,-9.647272],[-35.7288223,-9.6472238],[-35.7288996,-9.6471627],[-35.7289907,-9.647097],[-35.7290833,-9.647032],[-35.7291745,-9.646966],[-35.7292103,-9.6469383],[-35.7292494,-9.646907],[-35.7293591,-9.6468279],[-35.7293952,-9.6467992],[-35.729432,-9.6467703],[-35.7294571,-9.6467545],[-35.7295057,-9.6467203],[-35.7295436,-9.6466941],[-35.7295857,-9.6466595],[-35.7296559,-9.6466173],[-35.7297157,-9.646574],[-35.7297701,-9.6465441],[-35.7298246,-9.6465248],[-35.7298582,-9.6465199],[-35.7299492,-9.6465174],[-35.729994,-9.6465206],[-35.7300386,-9.6465357],[-35.7300806,-9.6465478],[-35.7301354,-9.6465595],[-35.7302146,-9.6465682],[-35.7302663,-9.6465727],[-35.7303457,-9.6465779],[-35.7303952,-9.6465712],[-35.7304382,-9.6465566],[-35.7305266,-9.6465262],[-35.7306229,-9.6464727],[-35.7307255,-9.6464116],[-35.7308104,-9.6463649],[-35.7309264,-9.6462971],[-35.7310501,-9.6462276],[-35.7310851,-9.6461948],[-35.73111,-9.6461694],[-35.7311398,-9.6461366],[-35.7311938,-9.646054],[-35.7312178,-9.6459915],[-35.731245,-9.6458611],[-35.7312751,-9.6457777],[-35.7312925,-9.6457152],[-35.7313055,-9.6456377],[-35.7313098,-9.6456118],[-35.7313428,-9.6455165],[-35.7313558,-9.6454544],[-35.7313571,-9.6453031],[-35.7313652,-9.6451989],[-35.7313867,-9.6451125],[-35.7314004,-9.6450591],[-35.7314224,-9.6450121],[-35.7314482,-9.6449714],[-35.7314665,-9.6449476],[-35.7315241,-9.6448976],[-35.731589,-9.6448587],[-35.7316281,-9.6448367],[-35.7317062,-9.6447896],[-35.7317505,-9.6447624],[-35.7318657,-9.6447025],[-35.7319455,-9.6446585],[-35.7320266,-9.644616],[-35.732105,-9.6445714],[-35.732144,-9.6445485],[-35.7322297,-9.6445024],[-35.7322898,-9.6444488],[-35.7323447,-9.6443743],[-35.7323838,-9.6442945],[-35.7323923,-9.6442627],[-35.7324036,-9.6442205],[-35.7324033,-9.644127],[-35.7323877,-9.6440837],[-35.7323718,-9.6440036],[-35.732363,-9.6438615],[-35.7323564,-9.6438387],[-35.7323395,-9.6437754],[-35.7323354,-9.6437115],[-35.7323189,-9.6436737],[-35.732279,-9.6436429],[-35.7322756,-9.6436217],[-35.7322692,-9.6435554],[-35.7322606,-9.6435029],[-35.7322331,-9.6434128],[-35.7322418,-9.6433551],[-35.7322838,-9.6433151],[-35.7323092,-9.6432853],[-35.7323147,-9.6432621],[-35.7323061,-9.6432227],[-35.7322773,-9.6431762],[-35.7322458,-9.6431084],[-35.7322193,-9.6430445],[-35.7321944,-9.6429942],[-35.7321675,-9.6429418],[-35.7321346,-9.6428651],[-35.7320736,-9.6427817],[-35.7320277,-9.6426943],[-35.731988,-9.6426479],[-35.7319455,-9.6426249],[-35.7318954,-9.6426383],[-35.7318574,-9.6426521],[-35.7317451,-9.6426606],[-35.7317045,-9.6426618],[-35.7316243,-9.642658],[-35.7315836,-9.6426476],[-35.7315495,-9.642629],[-35.7315247,-9.6425986],[-35.7315135,-9.6425757],[-35.7315005,-9.6425336],[-35.7314828,-9.6424888],[-35.731467,-9.6424478],[-35.7314575,-9.6424098],[-35.7314497,-9.6423693],[-35.7314089,-9.6422652],[-35.7313601,-9.6421559],[-35.731334,-9.6421078],[-35.7313148,-9.6420653],[-35.7312953,-9.6420205],[-35.7312456,-9.6419509],[-35.7312028,-9.641896],[-35.7311674,-9.6418594],[-35.7311219,-9.641838],[-35.7310948,-9.6418353],[-35.7310573,-9.6418527],[-35.7310334,-9.6418775],[-35.7309807,-9.6419503],[-35.7309569,-9.6419952],[-35.7309351,-9.6420344],[-35.730905,-9.6420904],[-35.7308803,-9.6421246],[-35.7308516,-9.6421466],[-35.7307972,-9.6421775],[-35.7307258,-9.6422034],[-35.7306593,-9.6422381],[-35.7306014,-9.642261],[-35.7305748,-9.642268],[-35.7304778,-9.6422891],[-35.7304302,-9.6422797],[-35.7304145,-9.642268],[-35.7303741,-9.6422195],[-35.7303595,-9.642193],[-35.730344,-9.6421712],[-35.7303567,-9.6421537],[-35.7304778,-9.6419866],[-35.730481,-9.6419823],[-35.7304931,-9.6419655],[-35.7305655,-9.6418658],[-35.7306815,-9.6417102],[-35.7307492,-9.6416194],[-35.7308131,-9.6415405],[-35.7308836,-9.6414649],[-35.7309515,-9.6413862],[-35.7310096,-9.6413352],[-35.7310689,-9.6413246],[-35.7311007,-9.6413222],[-35.731149,-9.6413251],[-35.7311999,-9.641343],[-35.7312469,-9.6413597],[-35.7313013,-9.6413805],[-35.7314849,-9.6414429],[-35.7315392,-9.6414599],[-35.7318324,-9.6415811],[-35.731868,-9.6415985],[-35.7322557,-9.6417781],[-35.732437,-9.64186],[-35.7327176,-9.6419877],[-35.7332082,-9.6422027],[-35.733152,-9.642522],[-35.7331301,-9.6426339],[-35.7331364,-9.6426652],[-35.7331427,-9.6426811],[-35.7331511,-9.6426937],[-35.7331815,-9.6427174],[-35.7337454,-9.6429645],[-35.7346305,-9.643345],[-35.7347372,-9.6433868],[-35.7347875,-9.6433984],[-35.7348252,-9.6434072],[-35.7350284,-9.6423883],[-35.7352079,-9.6415023],[-35.7353061,-9.6410047],[-35.7356744,-9.6391396],[-35.7357221,-9.6389578],[-35.7358751,-9.6382117],[-35.7359789,-9.6376245],[-35.7375839,-9.6383444],[-35.7393472,-9.6390801],[-35.7394844,-9.6387348],[-35.7402587,-9.6390711],[-35.7416826,-9.6396842],[-35.7417601,-9.6397223],[-35.7416702,-9.6401162],[-35.7416717,-9.6401713],[-35.7417495,-9.6402483],[-35.7425056,-9.6408749],[-35.7424509,-9.6409692],[-35.7417374,-9.6423677],[-35.7406127,-9.6418333],[-35.7405619,-9.641815],[-35.7405185,-9.6418266],[-35.7404783,-9.6418812],[-35.7403863,-9.64208],[-35.7402489,-9.6423655],[-35.7399388,-9.6430176],[-35.7401593,-9.643116],[-35.7402197,-9.6431106],[-35.7403641,-9.6431447],[-35.7405285,-9.6431286],[-35.74086,-9.6430357],[-35.7409594,-9.6429954],[-35.7410958,-9.6427064],[-35.7411309,-9.6428264],[-35.7411584,-9.6429208],[-35.741213,-9.6429912],[-35.7412664,-9.6430296],[-35.7416125,-9.6432302],[-35.7420647,-9.6435483],[-35.7422767,-9.6436675],[-35.7425531,-9.6437726],[-35.7427163,-9.6438336],[-35.7430959,-9.6440424],[-35.7432946,-9.6441517],[-35.7434221,-9.6441986],[-35.7434083,-9.644257],[-35.7433213,-9.6445726],[-35.7432515,-9.644837],[-35.7432686,-9.6451007],[-35.7432816,-9.645288],[-35.7433599,-9.6452888],[-35.7433253,-9.6455176],[-35.7432941,-9.6457085],[-35.7433654,-9.6457505],[-35.7433719,-9.6458714],[-35.743394,-9.6460113],[-35.743419,-9.6461791],[-35.7433835,-9.6462826],[-35.7433775,-9.6463403],[-35.7433339,-9.6464298],[-35.7433237,-9.6465503],[-35.7432839,-9.6465904],[-35.7432073,-9.6466841],[-35.7432134,-9.6467635],[-35.7431688,-9.646875],[-35.7431538,-9.6469297],[-35.7431208,-9.6470263],[-35.743056,-9.6470024],[-35.7428808,-9.6475125],[-35.7429493,-9.6475444],[-35.7427614,-9.6479666],[-35.7427276,-9.6480531],[-35.7428034,-9.6480814],[-35.7427924,-9.6481157],[-35.7427868,-9.6481332],[-35.7427821,-9.6481439],[-35.742766,-9.6481647],[-35.7427252,-9.6482165],[-35.7426506,-9.6482668],[-35.742486,-9.6487472],[-35.7424069,-9.6489194],[-35.7423734,-9.6490127],[-35.7423486,-9.6490517],[-35.742325,-9.649092],[-35.7422951,-9.6491702],[-35.7422737,-9.6492321],[-35.742254,-9.6492729],[-35.7422376,-9.6493061],[-35.7421798,-9.6494407],[-35.7421857,-9.6494894],[-35.7421723,-9.6495295],[-35.7421498,-9.649573],[-35.7421349,-9.649617],[-35.7421225,-9.6496648],[-35.7421022,-9.649706],[-35.7420642,-9.6497683],[-35.7420391,-9.6498321],[-35.742025,-9.6498563],[-35.7419744,-9.6499353],[-35.7419341,-9.6500218],[-35.7418985,-9.6501214],[-35.7418463,-9.6502556],[-35.7418086,-9.6503347],[-35.7417714,-9.6503881],[-35.7417435,-9.6504469],[-35.741708,-9.6505209],[-35.7416906,-9.6505637],[-35.7416623,-9.6506356],[-35.7416274,-9.6506914],[-35.7415588,-9.6507819],[-35.741515,-9.6508518],[-35.7414841,-9.6508927],[-35.7414513,-9.6509543],[-35.7414253,-9.6510122],[-35.7413895,-9.6510973],[-35.7413815,-9.6511519],[-35.7413694,-9.6511978],[-35.7413297,-9.6512649],[-35.7412991,-9.6513188],[-35.7412678,-9.6513838],[-35.7412327,-9.6514458],[-35.7412022,-9.6514931],[-35.7411587,-9.6515232],[-35.7411262,-9.6515576],[-35.7410851,-9.6515849],[-35.7410359,-9.6516561],[-35.7410245,-9.6517068],[-35.741025,-9.6517655],[-35.7410429,-9.6518448],[-35.7410406,-9.6518964],[-35.7410337,-9.6519112],[-35.7410305,-9.6519182],[-35.7410266,-9.6519264],[-35.7410165,-9.6519481],[-35.7409425,-9.6520183],[-35.7408737,-9.6520793],[-35.7408387,-9.652119],[-35.7407881,-9.6521957],[-35.7407574,-9.6522235],[-35.7406963,-9.6522648],[-35.7405707,-9.6524486],[-35.7404813,-9.6525325],[-35.7403504,-9.6526744],[-35.7402246,-9.6527647],[-35.7401075,-9.6528327],[-35.7398553,-9.6528202],[-35.7398061,-9.6528079],[-35.7397487,-9.652812],[-35.7396333,-9.6528373],[-35.7395805,-9.6528332],[-35.7395266,-9.652811],[-35.7394723,-9.652783],[-35.7394358,-9.6527604],[-35.7393983,-9.6527426],[-35.7393847,-9.6527361],[-35.7392022,-9.6526412],[-35.7389895,-9.6525431],[-35.7388191,-9.6524481],[-35.7386376,-9.6523194],[-35.738575,-9.6522734],[-35.7385114,-9.6522489],[-35.7384901,-9.6522437],[-35.7384139,-9.6522435],[-35.7382612,-9.6522935],[-35.7381996,-9.6523147],[-35.7377916,-9.6524263],[-35.737557,-9.6525051],[-35.7375632,-9.652598],[-35.7375673,-9.6526528],[-35.7375792,-9.6527101],[-35.7375986,-9.6527798],[-35.7375714,-9.6528057],[-35.7375355,-9.6528377],[-35.7375011,-9.6528701],[-35.7374247,-9.6529142],[-35.7373727,-9.6529236],[-35.7372842,-9.6529396],[-35.7372335,-9.6530032],[-35.7370694,-9.6531798],[-35.736942,-9.6533629],[-35.7369597,-9.6533704],[-35.737269,-9.6535017],[-35.7395825,-9.6543951],[-35.7398593,-9.6545013],[-35.739481,-9.6554552],[-35.7384945,-9.6578826],[-35.7383098,-9.6582971],[-35.7382733,-9.6586337],[-35.7381907,-9.6591757],[-35.7379962,-9.659392],[-35.7378049,-9.6596302],[-35.7377942,-9.6596435],[-35.7377565,-9.6596479],[-35.7377071,-9.6597383],[-35.7374756,-9.6600841],[-35.7373085,-9.6603564],[-35.7370183,-9.660849],[-35.7367228,-9.6613414],[-35.7364746,-9.6617533],[-35.736463,-9.6617739],[-35.735994,-9.662634],[-35.7360796,-9.6627124],[-35.7360808,-9.6627905],[-35.7360591,-9.6628837],[-35.7360032,-9.6630151],[-35.7359177,-9.66317],[-35.7358358,-9.6633312],[-35.7356926,-9.6635743],[-35.7355851,-9.6637271],[-35.7353721,-9.6639884],[-35.7352892,-9.6640533],[-35.7351954,-9.6641124],[-35.7350412,-9.6641575],[-35.7348529,-9.6642056],[-35.7347223,-9.6642124],[-35.7345877,-9.6641559],[-35.7345161,-9.6641199],[-35.7342504,-9.663983],[-35.7342025,-9.6639566],[-35.7341741,-9.6640189],[-35.7341545,-9.6640937],[-35.7341469,-9.6641475],[-35.7340177,-9.6643495],[-35.7339864,-9.6643859],[-35.7338324,-9.6645646],[-35.7298482,-9.6617844],[-35.7297871,-9.6610796],[-35.7297111,-9.6608279],[-35.7293207,-9.6605546],[-35.7290954,-9.6604332],[-35.729024,-9.660395],[-35.729028,-9.6603473],[-35.7290413,-9.6602951],[-35.7290676,-9.6601918],[-35.7291662,-9.6599996],[-35.7292034,-9.6599455],[-35.7292489,-9.6598984],[-35.7293864,-9.6597648],[-35.729424,-9.6597435],[-35.7293505,-9.6597145],[-35.7292364,-9.6595281],[-35.7292261,-9.6593968],[-35.7292185,-9.6593011],[-35.7292127,-9.6592273],[-35.729206,-9.659142],[-35.7292012,-9.659081],[-35.7292025,-9.6590322],[-35.7292038,-9.6589834],[-35.7292052,-9.6589311],[-35.7291972,-9.6588426],[-35.7291867,-9.6587867],[-35.7291143,-9.6586174],[-35.7290655,-9.6584549],[-35.7290377,-9.6583112],[-35.7290265,-9.6582206],[-35.7290306,-9.6581727],[-35.7290497,-9.6581394],[-35.7290692,-9.6581055],[-35.729118,-9.6580563],[-35.7291609,-9.6580079],[-35.729162,-9.6580066],[-35.7291988,-9.6579707],[-35.7292481,-9.6579225],[-35.7292982,-9.6578587],[-35.7293419,-9.6578089],[-35.7294477,-9.6577949],[-35.7295354,-9.6577849],[-35.7296051,-9.6577769],[-35.729651,-9.6577594],[-35.7298372,-9.6574778],[-35.7298846,-9.6573271],[-35.729952,-9.6571435],[-35.7299711,-9.6568449],[-35.7299546,-9.6566791],[-35.7299405,-9.6566223],[-35.7298932,-9.6565169],[-35.7298728,-9.6564683],[-35.7298578,-9.6564133],[-35.7298519,-9.656361],[-35.7298588,-9.6563103],[-35.7299038,-9.6562458],[-35.7300563,-9.6561877],[-35.7301624,-9.6561398],[-35.7302194,-9.6561252],[-35.730457,-9.6560851],[-35.7305023,-9.6560603],[-35.7305276,-9.6560241],[-35.7305581,-9.6559768],[-35.730595,-9.6559246],[-35.7306635,-9.6558395],[-35.7307828,-9.6557256],[-35.7308676,-9.6556265],[-35.7310142,-9.6554012],[-35.7306973,-9.6556242],[-35.73042,-9.6557954],[-35.7303021,-9.6558505],[-35.7300707,-9.6559418],[-35.7299689,-9.6559697],[-35.7298701,-9.6559915],[-35.7296465,-9.6560331]]]]}},
{"type":"Feature","properties":{"ibge_code_municipio":"2704302","name":"Mutange","code":"2704302027"},"geometry":{"type":"MultiPolygon","coordinates":[[[[-35.7464239,-9.6377807],[-35.7462684,-9.6376929],[-35.746106,-9.6376139],[-35.7460314,-9.6375868],[-35.7459769,-9.6375686],[-35.7459321,-9.637535],[-35.7457888,-9.6374509],[-35.7457398,-9.6374182],[-35.745587,-9.63732],[-35.7455048,-9.6372794],[-35.7454298,-9.6372348],[-35.7454428,-9.6372103],[-35.7454823,-9.6371358],[-35.7456356,-9.6369291],[-35.7458085,-9.6367359],[-35.7458798,-9.6366988],[-35.7459134,-9.6366864],[-35.7462808,-9.6361504],[-35.7463522,-9.6361555],[-35.7464028,-9.6361803],[-35.7464197,-9.6361886],[-35.7465088,-9.636223],[-35.7465609,-9.6362158],[-35.7466251,-9.6361798],[-35.7466691,-9.636141],[-35.7466997,-9.6361009],[-35.7467876,-9.6359233],[-35.7467955,-9.6358435],[-35.7467938,-9.6357308],[-35.7468296,-9.6357296],[-35.746937,-9.6357865],[-35.7469726,-9.635721],[-35.7470349,-9.6356108],[-35.7470928,-9.6355077],[-35.7471123,-9.635475],[-35.7471161,-9.6354672],[-35.7471271,-9.6354448],[-35.7472313,-9.6352636],[-35.7472591,-9.6352167],[-35.7473378,-9.6350783],[-35.7473497,-9.6350609],[-35.7473887,-9.6349894],[-35.7474397,-9.6349054],[-35.7474749,-9.6348543],[-35.747507,-9.6348013],[-35.7475538,-9.6347251],[-35.7475988,-9.6346358],[-35.7476367,-9.6345557],[-35.7476542,-9.634515],[-35.7476829,-9.6344571],[-35.7476987,-9.6344202],[-35.7477295,-9.6343682],[-35.7477468,-9.6343293],[-35.74777,-9.6342758],[-35.747806,-9.6341736],[-35.7478297,-9.6340454],[-35.7478437,-9.6340318],[-35.747851,-9.6339784],[-35.7478603,-9.6338343],[-35.7478321,-9.6337713],[-35.7478192,-9.6336992],[-35.747818,-9.6336063],[-35.7478039,-9.6334886],[-35.7477838,-9.633441],[-35.7477575,-9.6333755],[-35.7477173,-9.6333163],[-35.7476849,-9.6332557],[-35.7476816,-9.6331315],[-35.7476833,-9.6330831],[-35.7476948,-9.6330103],[-35.7476939,-9.6329611],[-35.7481264,-9.6331285],[-35.7483991,-9.6332359],[-35.7487356,-9.6333681],[-35.7487544,-9.6333721],[-35.7487829,-9.6333827],[-35.7490005,-9.6334895],[-35.7490099,-9.6334942],[-35.7490399,-9.6335182],[-35.7490745,-9.6335493],[-35.7493821,-9.6337574],[-35.7496082,-9.633911],[-35.7496861,-9.6339655],[-35.7498353,-9.6340646],[-35.7501978,-9.6336307],[-35.7502746,-9.6336528],[-35.750353,-9.6336855],[-35.750437,-9.6337201],[-35.750502,-9.6337602],[-35.750567,-9.6338058],[-35.7506321,-9.6338586],[-35.7506944,-9.6339123],[-35.7507567,-9.6339642],[-35.75082,-9.6340206],[-35.7508769,-9.6340716],[-35.7509337,-9.6341218],[-35.7509979,-9.6341719],[-35.7510602,-9.6342202],[-35.7511216,-9.6342721],[-35.7511534,-9.6342955],[-35.7511875,-9.6343194],[-35.7512462,-9.6343659],[-35.7513094,-9.6344142],[-35.7513689,-9.6344607],[-35.7514349,-9.6345081],[-35.7515009,-9.6345609],[-35.7514783,-9.63458],[-35.7514376,-9.6346147],[-35.7514644,-9.6346687],[-35.7514646,-9.6346913],[-35.7514283,-9.6347024],[-35.7513575,-9.6347301],[-35.7513096,-9.6347783],[-35.7512648,-9.6348609],[-35.7512561,-9.6349107],[-35.7512545,-9.6349423],[-35.7512418,-9.6349469],[-35.751207,-9.6349246],[-35.7511734,-9.6349303],[-35.7511654,-9.6349575],[-35.7511586,-9.6350199],[-35.7510945,-9.6350881],[-35.7510618,-9.6350983],[-35.7510258,-9.6351519],[-35.7509933,-9.6351865],[-35.7509682,-9.6352283],[-35.7509336,-9.6352331],[-35.7509039,-9.6352749],[-35.7508879,-9.6353193],[-35.7509101,-9.6353625],[-35.7508269,-9.6354363],[-35.7508136,-9.6354798],[-35.7507949,-9.6355251],[-35.7508171,-9.6355683],[-35.7508756,-9.6355976],[-35.7508995,-9.6356291],[-35.7508955,-9.6356987],[-35.7508839,-9.6357186],[-35.7508449,-9.6357479],[-35.7507938,-9.6357311],[-35.7507438,-9.6357351],[-35.7506983,-9.6357409],[-35.7506472,-9.6358353],[-35.7505493,-9.6358957],[-35.750525,-9.6359266],[-35.75051,-9.6359891],[-35.7504773,-9.6359929],[-35.7504629,-9.6360156],[-35.7504659,-9.6360527],[-35.7504444,-9.6360953],[-35.7504028,-9.6361254],[-35.7503921,-9.6361535],[-35.7503768,-9.6361762],[-35.7503716,-9.6362097],[-35.750362,-9.6362568],[-35.7503313,-9.6362968],[-35.750287,-9.6363269],[-35.7502573,-9.6363733],[-35.7502695,-9.6364165],[-35.750279,-9.636467],[-35.7502529,-9.636507],[-35.7502406,-9.636555],[-35.750209,-9.6365941],[-35.7501725,-9.6365872],[-35.7501406,-9.6365811],[-35.7501444,-9.6365991],[-35.7501747,-9.6366296],[-35.750225,-9.63665],[-35.7502468,-9.6366489],[-35.7502371,-9.6366923],[-35.7502311,-9.636734],[-35.7502086,-9.6367712],[-35.7502035,-9.6368056],[-35.7501735,-9.6368139],[-35.7501425,-9.6368142],[-35.7501436,-9.6368322],[-35.7501738,-9.6368528],[-35.7501822,-9.636878],[-35.7501715,-9.6369052],[-35.7501387,-9.6369055],[-35.7501263,-9.6369507],[-35.7501322,-9.6369977],[-35.7501253,-9.6370483],[-35.7500809,-9.6370758],[-35.7500591,-9.6370759],[-35.7500238,-9.6371042],[-35.7500105,-9.6371459],[-35.7499824,-9.6371669],[-35.7499615,-9.6371689],[-35.7499562,-9.6371879],[-35.749961,-9.6372222],[-35.749966,-9.6372709],[-35.7499627,-9.6373234],[-35.7499822,-9.6373666],[-35.7500207,-9.6373925],[-35.7500182,-9.6374232],[-35.7499901,-9.6374415],[-35.7499466,-9.6374626],[-35.7499157,-9.6374728],[-35.7499004,-9.6374901],[-35.7498978,-9.6375136],[-35.7498973,-9.6375633],[-35.7499059,-9.6376165],[-35.7499181,-9.6376625],[-35.7499313,-9.6377094],[-35.7499535,-9.6377571],[-35.749973,-9.6378076],[-35.7499771,-9.6378536],[-35.7499656,-9.6378998],[-35.7499441,-9.6379406],[-35.7499516,-9.6379685],[-35.7499817,-9.6379828],[-35.7499801,-9.6380108],[-35.7499629,-9.6380172],[-35.7499622,-9.6380407],[-35.7499796,-9.6380605],[-35.7499934,-9.6380712],[-35.7499723,-9.638169],[-35.7499791,-9.6382168],[-35.7499493,-9.6382523],[-35.7499306,-9.6382994],[-35.7499046,-9.6383484],[-35.7499131,-9.6383935],[-35.749899,-9.6384424],[-35.749872,-9.6384824],[-35.7498777,-9.6385085],[-35.7499017,-9.6385481],[-35.7499057,-9.6385986],[-35.7498934,-9.638652],[-35.74986,-9.638693],[-35.7498592,-9.6386993],[-35.7498696,-9.6387453],[-35.7498664,-9.6387995],[-35.7498033,-9.6388777],[-35.7497918,-9.638923],[-35.7497598,-9.6390181],[-35.7497356,-9.6390635],[-35.7496325,-9.6391547],[-35.7496019,-9.6391901],[-35.7495776,-9.6392301],[-35.7495227,-9.6393091],[-35.7495058,-9.6393544],[-35.7494687,-9.63939],[-35.7494445,-9.639438],[-35.7494413,-9.6394851],[-35.7494075,-9.6395838],[-35.7493855,-9.6396861],[-35.7493518,-9.6397866],[-35.7493107,-9.6398827],[-35.7492946,-9.6399289],[-35.7492791,-9.6400321],[-35.7492644,-9.6401243],[-35.7492611,-9.6401731],[-35.7492492,-9.6402699],[-35.7492267,-9.6403135],[-35.7492043,-9.6403579],[-35.749181,-9.6403978],[-35.7491495,-9.6404397],[-35.7491143,-9.6404761],[-35.7490781,-9.640508],[-35.7490877,-9.640573],[-35.7490633,-9.6405885],[-35.749046,-9.6405914],[-35.7490315,-9.6406005],[-35.7490272,-9.6406268],[-35.7489965,-9.6406631],[-35.7489567,-9.6406987],[-35.7489361,-9.6407413],[-35.7489228,-9.6407857],[-35.7489096,-9.6408355],[-35.7489091,-9.6408879],[-35.7489229,-9.6409095],[-35.7489014,-9.6409548],[-35.7488717,-9.6409894],[-35.7488483,-9.641032],[-35.748814,-9.6410639],[-35.7488157,-9.6411615],[-35.7488043,-9.6412149],[-35.7487357,-9.6412832],[-35.7486907,-9.6413558],[-35.7486749,-9.6414273],[-35.7486379,-9.6414683],[-35.7486073,-9.6415074],[-35.748594,-9.6415545],[-35.7485907,-9.6416006],[-35.7485897,-9.6416991],[-35.7485773,-9.6417434],[-35.7485375,-9.6417663],[-35.7484994,-9.6417938],[-35.7484761,-9.6418328],[-35.7484756,-9.6418825],[-35.7484923,-9.6419284],[-35.7484889,-9.6419492],[-35.7484344,-9.6419705],[-35.7484211,-9.6420166],[-35.7484094,-9.6420276],[-35.7483904,-9.6420458],[-35.7483844,-9.6420964],[-35.7483838,-9.6421263],[-35.7483631,-9.6421562],[-35.7483205,-9.6421828],[-35.7482826,-9.6422228],[-35.748234,-9.6422973],[-35.7481979,-9.6423328],[-35.7481709,-9.6423728],[-35.7481576,-9.6424181],[-35.7480876,-9.6424241],[-35.7480741,-9.642454],[-35.7480873,-9.6424991],[-35.7480875,-9.6425343],[-35.7480622,-9.6425507],[-35.7480223,-9.6425728],[-35.7479953,-9.6426109],[-35.7479974,-9.6426416],[-35.7480003,-9.6426678],[-35.7479969,-9.642694],[-35.7479871,-9.6427185],[-35.7479527,-9.6427531],[-35.7479193,-9.6427859],[-35.7478859,-9.6428187],[-35.7478516,-9.6428524],[-35.7478145,-9.642887],[-35.7477134,-9.642989],[-35.7476789,-9.6430092],[-35.7476491,-9.643032],[-35.7476165,-9.6430603],[-35.7475776,-9.6430913],[-35.7475189,-9.6431414],[-35.7474891,-9.6431733],[-35.7474529,-9.6432079],[-35.7474231,-9.6432335],[-35.7473535,-9.6433018],[-35.7473283,-9.6433309],[-35.747304,-9.6433645],[-35.7472617,-9.6434299],[-35.747241,-9.6434617],[-35.7472231,-9.6435007],[-35.7472153,-9.643545],[-35.747212,-9.6435821],[-35.7471987,-9.6436283],[-35.747178,-9.6436592],[-35.7471465,-9.6437046],[-35.7471258,-9.6437418],[-35.7471108,-9.6437925],[-35.7471011,-9.6438378],[-35.7470842,-9.6438822],[-35.7470654,-9.6439166],[-35.7470401,-9.6439521],[-35.7470268,-9.6439874],[-35.7470135,-9.6440309],[-35.7469965,-9.6440654],[-35.7469831,-9.6440998],[-35.746977,-9.6441369],[-35.7469538,-9.6441922],[-35.7469396,-9.6442447],[-35.7469336,-9.6442827],[-35.7469239,-9.6443289],[-35.7469152,-9.6443714],[-35.7469055,-9.6444148],[-35.7468894,-9.6444547],[-35.7468761,-9.6445],[-35.7468728,-9.6445147],[-35.7468674,-9.6445389],[-35.7468468,-9.6445879],[-35.7468253,-9.6446296],[-35.7468065,-9.6446686],[-35.7467886,-9.6447094],[-35.7467726,-9.6447538],[-35.7467521,-9.6448064],[-35.7467192,-9.6449015],[-35.7467068,-9.6449441],[-35.7466916,-9.6449894],[-35.7466802,-9.6450346],[-35.7466678,-9.6450817],[-35.746659,-9.6451242],[-35.746653,-9.645164],[-35.7466452,-9.6452093],[-35.7466383,-9.6452563],[-35.7466304,-9.6452943],[-35.7466189,-9.6453378],[-35.7466083,-9.6453776],[-35.7465986,-9.645422],[-35.7465917,-9.645469],[-35.746583,-9.6455188],[-35.7465752,-9.6455586],[-35.7465664,-9.6456029],[-35.7465659,-9.645649],[-35.7465644,-9.6456888],[-35.7465702,-9.6457339],[-35.7465111,-9.6456526],[-35.7464782,-9.6456027],[-35.7464364,-9.6455462],[-35.7463999,-9.645508],[-35.7463733,-9.6454748],[-35.7463383,-9.6454195],[-35.7463243,-9.6453761],[-35.7462889,-9.6453352],[-35.7462539,-9.6453047],[-35.7462241,-9.6452962],[-35.746182,-9.6452878],[-35.7461485,-9.6452771],[-35.7461213,-9.6452655],[-35.7460855,-9.6452506],[-35.7460478,-9.6452342],[-35.745982,-9.6452274],[-35.7459352,-9.6452147],[-35.7458984,-9.6452279],[-35.7458553,-9.6452363],[-35.7458141,-9.6452361],[-35.7457723,-9.6452252],[-35.7457148,-9.6452244],[-35.7456897,-9.6452227],[-35.7456569,-9.6452157],[-35.745629,-9.6452129],[-35.7456022,-9.6451945],[-35.7455839,-9.6451738],[-35.7455582,-9.645127],[-35.7455368,-9.6450989],[-35.7455204,-9.6450292],[-35.7455093,-9.6449628],[-35.7454971,-9.6449119],[-35.7454865,-9.6448699],[-35.7454686,-9.6448091],[-35.7454534,-9.6447587],[-35.7454252,-9.6446626],[-35.7453325,-9.6445333],[-35.7451241,-9.6444816],[-35.7449353,-9.6444548],[-35.7447881,-9.6447743],[-35.7447657,-9.644766],[-35.7447397,-9.6447571],[-35.7447118,-9.6447459],[-35.744687,-9.6447375],[-35.744655,-9.6447268],[-35.7446145,-9.6447102],[-35.7445782,-9.6446964],[-35.7445327,-9.6446778],[-35.7444866,-9.6446597],[-35.7444461,-9.6446441],[-35.7444165,-9.6446249],[-35.7442855,-9.6449302],[-35.7438247,-9.6446958],[-35.7437574,-9.6442789],[-35.7437056,-9.6442706],[-35.7436427,-9.6442606],[-35.7435112,-9.6442291],[-35.7434221,-9.6441986],[-35.7432946,-9.6441517],[-35.7433153,-9.6441091],[-35.7434089,-9.643916],[-35.743334,-9.6438904],[-35.7433524,-9.6438026],[-35.7433676,-9.6437432],[-35.7433721,-9.643692],[-35.7433804,-9.6436618],[-35.7434047,-9.6436314],[-35.7434828,-9.6435973],[-35.7435285,-9.6435139],[-35.7435852,-9.6434789],[-35.7436109,-9.6434242],[-35.7436251,-9.6433941],[-35.7436035,-9.6433211],[-35.7435646,-9.6432157],[-35.7435761,-9.6431403],[-35.743579,-9.6430999],[-35.7435795,-9.6430599],[-35.7435909,-9.6430128],[-35.7436142,-9.6429638],[-35.7436281,-9.6428824],[-35.7436512,-9.6428145],[-35.7436335,-9.6427541],[-35.743642,-9.6427134],[-35.743691,-9.6426579],[-35.743719,-9.6426113],[-35.7437382,-9.642564],[-35.7437463,-9.6425264],[-35.7437802,-9.6424304],[-35.7437952,-9.6423806],[-35.7438364,-9.642289],[-35.7438506,-9.642241],[-35.7438712,-9.6421993],[-35.7439232,-9.642104],[-35.744033,-9.6419423],[-35.7441003,-9.6419159],[-35.7441237,-9.6419063],[-35.7441477,-9.641904],[-35.7441714,-9.6419008],[-35.7441883,-9.6418986],[-35.7442025,-9.6418539],[-35.7442585,-9.6418831],[-35.7444277,-9.6415921],[-35.7444341,-9.6415799],[-35.7444394,-9.6415702],[-35.7448164,-9.6408486],[-35.7449896,-9.6405752],[-35.7450545,-9.6405248],[-35.7452046,-9.6403975],[-35.7452119,-9.64039],[-35.7452221,-9.6403755],[-35.7453164,-9.6401775],[-35.7453735,-9.6400585],[-35.7454192,-9.639963],[-35.7454508,-9.6399034],[-35.7454596,-9.6398771],[-35.7455318,-9.6397583],[-35.7456517,-9.6395454],[-35.745716,-9.6394426],[-35.7457511,-9.6393772],[-35.7457583,-9.6393661],[-35.7458289,-9.6392228],[-35.7459437,-9.6389927],[-35.7460969,-9.6387151],[-35.746184,-9.638542],[-35.7462261,-9.6384567],[-35.7462795,-9.6383684],[-35.7462832,-9.6382548],[-35.7462862,-9.6381833],[-35.7463019,-9.6381223],[-35.7463133,-9.6380752],[-35.7463234,-9.6380339],[-35.7463408,-9.637982],[-35.7463802,-9.6378976],[-35.7463917,-9.6378542],[-35.7464239,-9.6377807]]]]}},
{"type":"Feature","properties":{"ibge_code_municipio":"2704302","name":"Barro Duro","code":"2704302002"},"geometry":{"type":"MultiPolygon","coordinates":[[[[-35.7226754,-9.6238767],[-35.722651,-9.6238601],[-35.7226116,-9.6238387],[-35.722567,-9.62383],[-35.7225232,-9.6238168],[-35.722482,-9.6237982],[-35.7224374,-9.6237922],[-35.7223928,-9.6237998],[-35.722352,-9.6238191],[-35.7223121,-9.6238402],[-35.7222996,-9.6238461],[-35.7222815,-9.6238546],[-35.7222713,-9.6238594],[-35.7222323,-9.6238823],[-35.7221952,-9.6239088],[-35.7221664,-9.6239434],[-35.7221338,-9.6239744],[-35.7221004,-9.6240054],[-35.7220624,-9.6240301],[-35.7220216,-9.6240493],[-35.7219817,-9.6240713],[-35.7219491,-9.6241023],[-35.721912,-9.6241288],[-35.7218721,-9.6241499],[-35.7218313,-9.6241701],[-35.7217914,-9.6241912],[-35.7217571,-9.6242195],[-35.7217346,-9.6242585],[-35.721724,-9.624302],[-35.7217116,-9.6243454],[-35.7216956,-9.624388],[-35.7216695,-9.6244244],[-35.7216324,-9.6244518],[-35.7215943,-9.6244756],[-35.7215526,-9.6244912],[-35.721508,-9.6245024],[-35.7214635,-9.6245118],[-35.721418,-9.6245176],[-35.7213748,-9.6245306],[-35.7213299,-9.6245337],[-35.7212844,-9.6245385],[-35.7212398,-9.6245425],[-35.7211943,-9.6245447],[-35.7211497,-9.6245504],[-35.7211042,-9.6245517],[-35.7210595,-9.6245439],[-35.721014,-9.6245461],[-35.7209695,-9.624551],[-35.7209249,-9.6245603],[-35.7208804,-9.6245706],[-35.7208349,-9.6245728],[-35.7207894,-9.624575],[-35.7207448,-9.6245753],[-35.7206992,-9.6245712],[-35.7206545,-9.6245634],[-35.720609,-9.6245565],[-35.7205652,-9.6245487],[-35.7205241,-9.6245301],[-35.7204803,-9.624516],[-35.7204347,-9.6245118],[-35.7203892,-9.6245122],[-35.7203437,-9.6245107],[-35.720299,-9.6245093],[-35.7202535,-9.6245087],[-35.720208,-9.6245073],[-35.7201642,-9.6244941],[-35.7201284,-9.6244672],[-35.7200882,-9.6244495],[-35.7200444,-9.6244372],[-35.7199998,-9.6244303],[-35.7199552,-9.624437],[-35.7199098,-9.6244446],[-35.7198643,-9.6244467],[-35.7198196,-9.6244471],[-35.7197741,-9.6244402],[-35.7197338,-9.6244197],[-35.7196909,-9.6244038],[-35.7196489,-9.624387],[-35.7196069,-9.6243701],[-35.719564,-9.6243551],[-35.7195301,-9.6243256],[-35.7195016,-9.6242906],[-35.7194685,-9.624261],[-35.7194265,-9.6242442],[-35.7193819,-9.6242364],[-35.7193363,-9.6242358],[-35.7192925,-9.6242217],[-35.7192487,-9.6242112],[-35.7192032,-9.624208],[-35.7191594,-9.6241957],[-35.7191174,-9.6241797],[-35.7190736,-9.6241656],[-35.7190324,-9.6241479],[-35.718994,-9.6241229],[-35.7189556,-9.6241015],[-35.7189109,-9.6240964],[-35.7188663,-9.6240887],[-35.7188216,-9.62408],[-35.718776,-9.6240722],[-35.7187331,-9.6240581],[-35.7186947,-9.624034],[-35.7186653,-9.623999],[-35.7186404,-9.6239612],[-35.7186173,-9.6239226],[-35.7185897,-9.6238866],[-35.7185567,-9.6238553],[-35.7185246,-9.6238239],[-35.718497,-9.6237889],[-35.7184721,-9.6237511],[-35.7184472,-9.6237125],[-35.7184214,-9.6236747],[-35.7183983,-9.6236361],[-35.7183725,-9.6235992],[-35.7183458,-9.6235624],[-35.7183191,-9.6235256],[-35.718287,-9.6234942],[-35.7182495,-9.6234683],[-35.7182111,-9.6234442],[-35.7181925,-9.6234046],[-35.7181794,-9.6233613],[-35.7181664,-9.6233181],[-35.7181678,-9.6232738],[-35.7181702,-9.6232286],[-35.7181689,-9.6231834],[-35.7181549,-9.623142],[-35.7181405,-9.6231232],[-35.7181273,-9.623106],[-35.7181106,-9.6230655],[-35.7181077,-9.6230565],[-35.7180966,-9.6230223],[-35.7180781,-9.6229817],[-35.7180414,-9.6229549],[-35.7180338,-9.6229107],[-35.7180636,-9.6228798],[-35.7180971,-9.6228497],[-35.7181149,-9.622808],[-35.7181355,-9.6227681],[-35.7181598,-9.6227299],[-35.7181814,-9.62269],[-35.7181692,-9.622654],[-35.7181398,-9.6226199],[-35.7181113,-9.6225848],[-35.7180837,-9.622548],[-35.7180588,-9.6225112],[-35.7180339,-9.6224725],[-35.7180145,-9.6224329],[-35.7172149,-9.6225124],[-35.717184,-9.6225155],[-35.7163169,-9.6226026],[-35.7160955,-9.622627],[-35.7162179,-9.6228473],[-35.7162903,-9.6230238],[-35.7161,-9.6230253],[-35.7156278,-9.6230575],[-35.7153074,-9.6230728],[-35.7149745,-9.6231136],[-35.7149035,-9.6231214],[-35.7148265,-9.6231405],[-35.7147366,-9.6231665],[-35.7146899,-9.6231913],[-35.714631,-9.6232004],[-35.7145845,-9.6232001],[-35.7145021,-9.6232351],[-35.7144188,-9.6232741],[-35.7140299,-9.6232829],[-35.7137799,-9.6232346],[-35.7137648,-9.6231965],[-35.7137431,-9.6231508],[-35.713734,-9.623066],[-35.7137051,-9.6230085],[-35.7137026,-9.622966],[-35.7136951,-9.622931],[-35.7136988,-9.6229022],[-35.7136926,-9.6228734],[-35.7136851,-9.6228397],[-35.7136863,-9.6227996],[-35.7136757,-9.6227796],[-35.7136607,-9.6227534],[-35.7136444,-9.6227021],[-35.7136257,-9.6226646],[-35.7136106,-9.6226233],[-35.7136019,-9.622572],[-35.7135994,-9.6225282],[-35.7136031,-9.6224688],[-35.7136,-9.6224301],[-35.7136038,-9.6223944],[-35.7136013,-9.6223625],[-35.7136019,-9.6223294],[-35.7135938,-9.6222981],[-35.7135919,-9.6222625],[-35.7135888,-9.6222268],[-35.71358,-9.6221905],[-35.7135719,-9.622148],[-35.7135594,-9.6220974],[-35.7135487,-9.6220392],[-35.7135419,-9.6219848],[-35.7135325,-9.6219423],[-35.7135237,-9.6218904],[-35.7135206,-9.6218566],[-35.7135187,-9.6218178],[-35.7135275,-9.6217822],[-35.7135143,-9.6217522],[-35.7134806,-9.6217247],[-35.7133968,-9.6216909],[-35.7133568,-9.6216196],[-35.713298,-9.6215546],[-35.713268,-9.6214895],[-35.7132354,-9.621427],[-35.7132067,-9.6213532],[-35.7131717,-9.6212381],[-35.7131491,-9.6211944],[-35.7131473,-9.6211368],[-35.7131548,-9.6210856],[-35.7131863,-9.6210083],[-35.7132005,-9.6209902],[-35.713147,-9.6209002],[-35.7130532,-9.6207848],[-35.7129369,-9.6206744],[-35.7127557,-9.6205732],[-35.7126181,-9.6206038],[-35.7125449,-9.6204341],[-35.7125702,-9.6203614],[-35.7126095,-9.6202461],[-35.7126076,-9.6202105],[-35.7125945,-9.6201825],[-35.7121722,-9.6197015],[-35.7121007,-9.6196007],[-35.7119084,-9.6193295],[-35.7117556,-9.619117],[-35.7117175,-9.6190795],[-35.7115555,-9.6182256],[-35.7115485,-9.6181888],[-35.7116257,-9.618045],[-35.7115978,-9.6174808],[-35.7114334,-9.617205],[-35.7112369,-9.6172034],[-35.7111115,-9.6171525],[-35.7107046,-9.6171471],[-35.7105945,-9.617134],[-35.7105042,-9.617141],[-35.7103246,-9.6171355],[-35.7102798,-9.617123],[-35.7101154,-9.6170811],[-35.7099497,-9.6170037],[-35.7097027,-9.6168859],[-35.7096217,-9.6168234],[-35.7095474,-9.6167769],[-35.7095031,-9.616738],[-35.7093868,-9.6166311],[-35.7090996,-9.616337],[-35.7090476,-9.6162371],[-35.7090171,-9.6161996],[-35.7090006,-9.6161529],[-35.7089882,-9.6160896],[-35.7089801,-9.6159922],[-35.7089628,-9.6159114],[-35.7089628,-9.6158768],[-35.7089321,-9.6157981],[-35.709003,-9.615685],[-35.7090011,-9.6156026],[-35.7089784,-9.6154285],[-35.7089704,-9.6153442],[-35.7089762,-9.6151289],[-35.7090007,-9.6150732],[-35.7090286,-9.6150305],[-35.7090488,-9.6149355],[-35.7090703,-9.614612],[-35.7090806,-9.6144834],[-35.7101563,-9.6145019],[-35.7103554,-9.6144663],[-35.7105933,-9.614389],[-35.71082,-9.6142135],[-35.7109766,-9.6140247],[-35.7111117,-9.6137863],[-35.7112025,-9.6134968],[-35.7112368,-9.613422],[-35.7112834,-9.6133901],[-35.7113684,-9.6133154],[-35.7114103,-9.6132719],[-35.7114723,-9.6132179],[-35.7115996,-9.6131988],[-35.7116567,-9.6131658],[-35.7116875,-9.6131376],[-35.7117091,-9.6131085],[-35.7117506,-9.6130684],[-35.711788,-9.6130146],[-35.711868,-9.6129482],[-35.7119043,-9.6129299],[-35.7120043,-9.6129074],[-35.7120524,-9.6128908],[-35.7120923,-9.6128688],[-35.7121257,-9.6128378],[-35.7121665,-9.6128176],[-35.7122064,-9.6127965],[-35.7122371,-9.6127625],[-35.7122431,-9.6127176],[-35.7122537,-9.6126741],[-35.7122661,-9.6126307],[-35.7122867,-9.6125908],[-35.7122964,-9.6125464],[-35.7123133,-9.6125047],[-35.7123358,-9.6124648],[-35.7123674,-9.612432],[-35.7123979,-9.612403],[-35.7124343,-9.6123719],[-35.7125002,-9.6123099],[-35.7125263,-9.6122726],[-35.7125543,-9.6122363],[-35.712593,-9.6121561],[-35.7126216,-9.6121192],[-35.7126597,-9.6120954],[-35.7126959,-9.6120671],[-35.7127123,-9.6120517],[-35.71277,-9.6120078],[-35.712828,-9.6119658],[-35.7128861,-9.6119418],[-35.7129306,-9.6119379],[-35.7129771,-9.6119375],[-35.7130415,-9.6119171],[-35.7130677,-9.6118889],[-35.7131037,-9.6118308],[-35.7131216,-9.6117954],[-35.713145,-9.61176],[-35.7131801,-9.6117164],[-35.7132317,-9.6116753],[-35.7132606,-9.6116435],[-35.7132893,-9.6115926],[-35.7133292,-9.6115733],[-35.713411,-9.6115501],[-35.7134985,-9.6115367],[-35.7135783,-9.6115298],[-35.7136673,-9.6114975],[-35.7137128,-9.6114944],[-35.7137583,-9.6114896],[-35.7137964,-9.6114784],[-35.7138312,-9.6114643],[-35.713859,-9.611449],[-35.7138944,-9.6114352],[-35.7139406,-9.6114113],[-35.7139823,-9.6113875],[-35.714028,-9.6113377],[-35.7140608,-9.6112956],[-35.7140971,-9.6112605],[-35.7141247,-9.6112288],[-35.7141547,-9.6112009],[-35.7142688,-9.6111169],[-35.7143031,-9.6110877],[-35.7143563,-9.6110665],[-35.7144191,-9.6110182],[-35.7144635,-9.610977],[-35.7144978,-9.6109597],[-35.7145368,-9.6109332],[-35.7145758,-9.610913],[-35.7146285,-9.6109027],[-35.7146996,-9.6109211],[-35.7147563,-9.6109523],[-35.7148018,-9.6109501],[-35.7148371,-9.6109218],[-35.7148623,-9.6108846],[-35.7148738,-9.6108402],[-35.7148931,-9.6107524],[-35.7149137,-9.6107116],[-35.7149426,-9.610677],[-35.7149843,-9.6106586],[-35.7150567,-9.6106048],[-35.7150947,-9.6105778],[-35.7151291,-9.6105509],[-35.7151626,-9.6105199],[-35.7151923,-9.6104853],[-35.7152276,-9.6104562],[-35.715252,-9.610437],[-35.7152855,-9.6104033],[-35.715307,-9.6103679],[-35.7153106,-9.610357],[-35.7153064,-9.6102803],[-35.7153008,-9.6102669],[-35.715294,-9.610218],[-35.7152936,-9.6101746],[-35.7152924,-9.6101304],[-35.7152939,-9.6100861],[-35.7153045,-9.6100571],[-35.7153081,-9.6100426],[-35.7153278,-9.6100018],[-35.7153539,-9.6099655],[-35.7153809,-9.6099291],[-35.7154125,-9.6098963],[-35.7154505,-9.6098716],[-35.7154914,-9.6098523],[-35.7155368,-9.6098466],[-35.7155814,-9.6098363],[-35.715613,-9.6098035],[-35.7156427,-9.6097698],[-35.7156679,-9.6097326],[-35.7156886,-9.6096927],[-35.7157331,-9.6096815],[-35.7157697,-9.6097083],[-35.7158018,-9.6097397],[-35.715834,-9.6097729],[-35.7158742,-9.6097933],[-35.7159171,-9.6098065],[-35.7159626,-9.6098053],[-35.7160006,-9.6097797],[-35.7160267,-9.6097424],[-35.7160346,-9.6096981],[-35.716036,-9.6096529],[-35.7160402,-9.6096077],[-35.7160608,-9.6095678],[-35.7160888,-9.6095323],[-35.716125,-9.6095049],[-35.7161593,-9.6094749],[-35.7161983,-9.609452],[-35.7162363,-9.6094273],[-35.7162533,-9.6093856],[-35.7162766,-9.6093465],[-35.7163018,-9.6093093],[-35.7163279,-9.609272],[-35.7163586,-9.6092384],[-35.7163875,-9.6092038],[-35.7164371,-9.6091292],[-35.7164558,-9.6090874],[-35.7164924,-9.609006],[-35.7165076,-9.6089634],[-35.7165211,-9.6089043],[-35.7165202,-9.6088368],[-35.7165112,-9.6087462],[-35.7164983,-9.6086003],[-35.7165529,-9.6085063],[-35.7165899,-9.6084433],[-35.7166156,-9.6083536],[-35.7166137,-9.6082262],[-35.7166133,-9.6081811],[-35.7166175,-9.6081368],[-35.716629,-9.6080924],[-35.7166538,-9.6080064],[-35.7166713,-9.6079177],[-35.7166976,-9.6078296],[-35.7167229,-9.6077464],[-35.7167369,-9.6077012],[-35.7167429,-9.607656],[-35.716769,-9.6074986],[-35.7169281,-9.6075225],[-35.7170343,-9.6075435],[-35.7170789,-9.6075513],[-35.7171219,-9.6075663],[-35.7172121,-9.6075764],[-35.7172576,-9.607577],[-35.7174386,-9.6075611],[-35.7174841,-9.6075535],[-35.7175296,-9.607555],[-35.7175743,-9.6075609],[-35.717619,-9.6075705],[-35.7176601,-9.6075892],[-35.7176976,-9.6076105],[-35.7177808,-9.6076515],[-35.7178165,-9.6076801],[-35.7178486,-9.6077124],[-35.7179386,-9.6078129],[-35.7180691,-9.607848],[-35.718112,-9.6078612],[-35.7181575,-9.6078599],[-35.7182379,-9.6078223],[-35.7182818,-9.6078029],[-35.7183273,-9.607799],[-35.7183728,-9.6077968],[-35.7184183,-9.6077964],[-35.7184638,-9.6077961],[-35.7185093,-9.6077975],[-35.718554,-9.6078053],[-35.718596,-9.6078222],[-35.718644,-9.6078535],[-35.7187175,-9.6078763],[-35.7187631,-9.6078769],[-35.7188086,-9.6078801],[-35.7188533,-9.6078888],[-35.7188971,-9.6079011],[-35.7189435,-9.607898],[-35.7189452,-9.6078899],[-35.7189631,-9.6078482],[-35.7190883,-9.6077948],[-35.7191235,-9.6077666],[-35.7191681,-9.6077591],[-35.7192139,-9.6077602],[-35.7192353,-9.607756],[-35.7192696,-9.6077435],[-35.7193,-9.6077362],[-35.719326,-9.6076846],[-35.7193304,-9.6076691],[-35.7193483,-9.6076274],[-35.7193716,-9.6075884],[-35.7193994,-9.6075551],[-35.7194409,-9.6075059],[-35.7194647,-9.6074732],[-35.7194862,-9.6074254],[-35.7194647,-9.607286],[-35.7194601,-9.6072667],[-35.7194576,-9.6072444],[-35.719465,-9.6072125],[-35.7194743,-9.6071669],[-35.719575,-9.6070813],[-35.7196288,-9.6070329],[-35.7195127,-9.6069082],[-35.7195841,-9.6068383],[-35.719656,-9.6067846],[-35.7198027,-9.6067371],[-35.7199103,-9.6067004],[-35.7200299,-9.6066624],[-35.720125,-9.6066359],[-35.7202271,-9.6066131],[-35.7202913,-9.60661],[-35.7203311,-9.6063535],[-35.7205672,-9.6063788],[-35.720679,-9.6063972],[-35.7207916,-9.6064205],[-35.7208923,-9.6064469],[-35.7208966,-9.6065051],[-35.7209114,-9.6065423],[-35.7208951,-9.6066093],[-35.7208886,-9.6067095],[-35.7208269,-9.6068266],[-35.7208221,-9.6069342],[-35.7208395,-9.6069859],[-35.7209291,-9.606991],[-35.7212382,-9.6070474],[-35.7213007,-9.6070636],[-35.7212742,-9.6072278],[-35.7212594,-9.6074255],[-35.7212525,-9.6075017],[-35.7212604,-9.6075813],[-35.7212742,-9.6076443],[-35.7212869,-9.6076872],[-35.7212995,-9.6077217],[-35.7213012,-9.6077445],[-35.7213011,-9.6077648],[-35.7213043,-9.6077808],[-35.7213116,-9.6078093],[-35.72132,-9.607826],[-35.7213366,-9.6078629],[-35.7213469,-9.6078999],[-35.7213521,-9.6079536],[-35.7213606,-9.6079582],[-35.7216331,-9.6081043],[-35.7215862,-9.6081874],[-35.7214181,-9.6084395],[-35.7211757,-9.6087647],[-35.7209406,-9.6090597],[-35.7203459,-9.6097549],[-35.720148,-9.6099785],[-35.7198587,-9.6103229],[-35.7196645,-9.6105517],[-35.7190357,-9.6112822],[-35.7186761,-9.6117087],[-35.7186024,-9.6117938],[-35.7184828,-9.6119495],[-35.7183317,-9.6121794],[-35.7181702,-9.6124667],[-35.7181297,-9.6125563],[-35.7180864,-9.6126477],[-35.7180307,-9.6130044],[-35.7179912,-9.6131983],[-35.7178915,-9.6137049],[-35.7178008,-9.6141711],[-35.7176543,-9.6148857],[-35.717596,-9.6152125],[-35.7176353,-9.6152922],[-35.7176802,-9.6153578],[-35.7177351,-9.6154091],[-35.717782,-9.6153967],[-35.7178281,-9.6153587],[-35.7180096,-9.6151541],[-35.7183382,-9.6147662],[-35.7186411,-9.6144199],[-35.7187904,-9.6142592],[-35.7189996,-9.61426],[-35.7204884,-9.6142658],[-35.7216087,-9.6142702],[-35.7216188,-9.6142702],[-35.721774,-9.6142695],[-35.7218786,-9.6142691],[-35.7219325,-9.6142693],[-35.7220214,-9.6142697],[-35.7234092,-9.614276],[-35.7244106,-9.6142788],[-35.7245012,-9.6142791],[-35.7245052,-9.6142791],[-35.7249595,-9.6142809],[-35.7257518,-9.6142702],[-35.7262793,-9.614266],[-35.7263089,-9.6142654],[-35.7263965,-9.6142638],[-35.727908,-9.614236],[-35.7279527,-9.6143316],[-35.7280423,-9.6145213],[-35.7280771,-9.6145536],[-35.7281057,-9.6145904],[-35.7281278,-9.6146309],[-35.7281382,-9.6146751],[-35.7281386,-9.6147203],[-35.7281489,-9.6147654],[-35.7281557,-9.6148114],[-35.728181,-9.6149033],[-35.7281914,-9.6149493],[-35.7282163,-9.614988],[-35.7282385,-9.6150294],[-35.7282661,-9.6150671],[-35.7282983,-9.6151066],[-35.7283295,-9.6151407],[-35.7283716,-9.6151702],[-35.7284127,-9.6151897],[-35.7284421,-9.6152247],[-35.7284716,-9.6152652],[-35.7284756,-9.6153112],[-35.7284986,-9.615339],[-35.7285848,-9.6154152],[-35.7286234,-9.6154324],[-35.7286661,-9.615457],[-35.7287109,-9.6154747],[-35.7287658,-9.6155095],[-35.7287744,-9.6155555],[-35.728782,-9.6156033],[-35.7287787,-9.6156485],[-35.7287773,-9.6156937],[-35.7287704,-9.6157417],[-35.7287606,-9.6158809],[-35.7287637,-9.6159269],[-35.7287722,-9.6159729],[-35.7287753,-9.616019],[-35.7287912,-9.6160622],[-35.7287906,-9.6161083],[-35.7287837,-9.6161572],[-35.7287604,-9.6162016],[-35.7287362,-9.6162416],[-35.7287174,-9.6162869],[-35.7286607,-9.6163668],[-35.7286438,-9.6164113],[-35.7286222,-9.6164512],[-35.7286062,-9.6164929],[-35.7285901,-9.6165382],[-35.7285969,-9.6165869],[-35.7285882,-9.6166349],[-35.728584,-9.6166801],[-35.7285889,-9.6167261],[-35.7285975,-9.6167712],[-35.7285988,-9.6168173],[-35.7286148,-9.6168921],[-35.7286707,-9.6169287],[-35.7287154,-9.6169492],[-35.7287467,-9.6169815],[-35.7287897,-9.6170082],[-35.7288326,-9.617025],[-35.7288782,-9.6170346],[-35.7289292,-9.6170405],[-35.728973,-9.6170529],[-35.7290151,-9.6170733],[-35.7290838,-9.617127],[-35.7291267,-9.6171465],[-35.7291507,-9.6171861],[-35.7291776,-9.6172509],[-35.729217,-9.6172732],[-35.729259,-9.6172918],[-35.7292974,-9.6173186],[-35.7293006,-9.6173737],[-35.7293073,-9.6174179],[-35.7293331,-9.6174557],[-35.7293746,-9.6175222],[-35.7293621,-9.6175503],[-35.7293478,-9.6175793],[-35.7293352,-9.617602],[-35.7293264,-9.6176428],[-35.7293359,-9.6176933],[-35.7293572,-9.6177329],[-35.7293713,-9.6177775],[-35.7293751,-9.6178232],[-35.7293721,-9.6178655],[-35.729368,-9.6178895],[-35.7293641,-9.6179117],[-35.7293414,-9.617947],[-35.729338,-9.6179518],[-35.7293073,-9.6179862],[-35.7292776,-9.6180235],[-35.7292499,-9.6180634],[-35.7292199,-9.618099],[-35.7291957,-9.6181443],[-35.7291851,-9.6181862],[-35.7291819,-9.6182357],[-35.7291806,-9.6182765],[-35.7291779,-9.6183269],[-35.7291815,-9.6183743],[-35.729191,-9.6184017],[-35.7292305,-9.6185088],[-35.7292369,-9.6185351],[-35.729244,-9.6185619],[-35.7292466,-9.6186078],[-35.7292505,-9.618632],[-35.7292535,-9.6186525],[-35.7292521,-9.6186882],[-35.729228,-9.6187148],[-35.7292096,-9.6187307],[-35.7291759,-9.6187481],[-35.7291199,-9.6187646],[-35.7290989,-9.6187819],[-35.7290774,-9.6188101],[-35.7290621,-9.6188537],[-35.7290625,-9.618882],[-35.7290611,-9.6189425],[-35.729057,-9.6189934],[-35.7290482,-9.6190352],[-35.7290209,-9.6190818],[-35.7290085,-9.619093],[-35.7289915,-9.619108],[-35.7289533,-9.6191493],[-35.728949,-9.6191539],[-35.7288796,-9.6192114],[-35.7288276,-9.6192433],[-35.7287872,-9.6192597],[-35.7287592,-9.6192756],[-35.7287279,-9.6193187],[-35.7287218,-9.6193428],[-35.7287134,-9.6194044],[-35.7286962,-9.6194531],[-35.7286939,-9.6194827],[-35.7286963,-9.6195297],[-35.7286947,-9.6195832],[-35.728697,-9.6196426],[-35.7287075,-9.6196961],[-35.7287248,-9.6197451],[-35.7287289,-9.6197929],[-35.7287371,-9.6198421],[-35.7287482,-9.6198925],[-35.7287534,-9.6199364],[-35.7287598,-9.6199719],[-35.7287593,-9.6200018],[-35.7287592,-9.6200179],[-35.7287557,-9.620032],[-35.7287303,-9.6200788],[-35.7287207,-9.6200951],[-35.7287009,-9.6201359],[-35.7286767,-9.6201939],[-35.7286745,-9.6202464],[-35.7286894,-9.6202918],[-35.7287021,-9.6203004],[-35.7287259,-9.6203234],[-35.7287353,-9.6203326],[-35.7287711,-9.6203632],[-35.7288016,-9.6203971],[-35.7288099,-9.6204413],[-35.7288154,-9.620445],[-35.7288213,-9.6205008],[-35.7288165,-9.6205755],[-35.7287916,-9.6206566],[-35.7287718,-9.6207088],[-35.7287482,-9.6207656],[-35.7287341,-9.6208116],[-35.7287225,-9.6208414],[-35.7287,-9.6208922],[-35.7286894,-9.6209466],[-35.7286883,-9.6209653],[-35.7286871,-9.6210029],[-35.7286865,-9.6210555],[-35.7286835,-9.6210936],[-35.7286691,-9.621164],[-35.7286558,-9.621197],[-35.7286325,-9.6212426],[-35.7286067,-9.6212865],[-35.7285464,-9.6213609],[-35.7285283,-9.6213912],[-35.7285176,-9.6214084],[-35.7284962,-9.6214407],[-35.7284716,-9.6214733],[-35.7284304,-9.6215299],[-35.7283997,-9.6215649],[-35.7283794,-9.6216055],[-35.7283637,-9.6216236],[-35.7283594,-9.6216291],[-35.7283499,-9.621642],[-35.7283155,-9.6216786],[-35.7282966,-9.6217121],[-35.7282873,-9.6217448],[-35.7282833,-9.6217583],[-35.7282822,-9.6217936],[-35.7282789,-9.6218802],[-35.7282802,-9.6219258],[-35.7282759,-9.621962],[-35.7282763,-9.6220097],[-35.7282774,-9.62203],[-35.728273,-9.622075],[-35.7282457,-9.6221131],[-35.728238,-9.6221312],[-35.7282137,-9.6221532],[-35.7281993,-9.6221703],[-35.7281856,-9.6221875],[-35.7281618,-9.6222244],[-35.7281204,-9.622265],[-35.7280891,-9.6223043],[-35.7280598,-9.6223377],[-35.7280485,-9.6223535],[-35.728042,-9.6223625],[-35.7280136,-9.6223985],[-35.7280116,-9.6224012],[-35.7279944,-9.6224241],[-35.7279773,-9.6224577],[-35.7279635,-9.6225046],[-35.7279611,-9.6225551],[-35.7279505,-9.6225902],[-35.7279451,-9.6226135],[-35.7279407,-9.6226324],[-35.7279319,-9.6226546],[-35.7279203,-9.6226857],[-35.7279072,-9.6227054],[-35.7278919,-9.6227284],[-35.7278652,-9.622767],[-35.7278513,-9.6228187],[-35.7278332,-9.6228568],[-35.7278215,-9.6228985],[-35.7278204,-9.6229081],[-35.7278242,-9.6229483],[-35.7278321,-9.622991],[-35.7278541,-9.6230493],[-35.7278669,-9.6230785],[-35.7278755,-9.6231031],[-35.7278865,-9.6231444],[-35.7278887,-9.6231923],[-35.7278863,-9.623214],[-35.7278738,-9.6232581],[-35.7278559,-9.6232997],[-35.7278418,-9.623344],[-35.7278373,-9.6233655],[-35.7278315,-9.6233919],[-35.727816,-9.6234397],[-35.7277966,-9.6234813],[-35.7277695,-9.623519],[-35.727741,-9.6235522],[-35.7277066,-9.6235852],[-35.7276862,-9.6235965],[-35.7276655,-9.6236078],[-35.7276397,-9.6236342],[-35.7276157,-9.623666],[-35.7275485,-9.6237275],[-35.7275282,-9.6237424],[-35.7274802,-9.6237763],[-35.7274532,-9.6237817],[-35.7274082,-9.6237764],[-35.7273612,-9.6237687],[-35.7273251,-9.6237646],[-35.7272972,-9.6237575],[-35.7272861,-9.6237585],[-35.7272687,-9.6237641],[-35.7272212,-9.6237934],[-35.7271824,-9.6238525],[-35.727114,-9.6239821],[-35.7270971,-9.624024],[-35.7270774,-9.6240736],[-35.7270175,-9.6242257],[-35.7269614,-9.6243682],[-35.7269554,-9.6244134],[-35.7269633,-9.624451],[-35.7269495,-9.6244676],[-35.7269066,-9.6244526],[-35.7268619,-9.6244421],[-35.7268225,-9.6244217],[-35.7267894,-9.6243911],[-35.7267574,-9.6243634],[-35.7267119,-9.6243575],[-35.7266708,-9.6243388],[-35.7266404,-9.6243047],[-35.7266101,-9.6242715],[-35.7265699,-9.6242511],[-35.7265262,-9.6242451],[-35.7264824,-9.6242355],[-35.7264395,-9.6242205],[-35.7263948,-9.6242118],[-35.7263501,-9.624204],[-35.7263045,-9.624199],[-35.726259,-9.6241957],[-35.7262144,-9.6241915],[-35.7261688,-9.6241883],[-35.7261233,-9.6241932],[-35.7260843,-9.6242088],[-35.7260527,-9.6242407],[-35.7260156,-9.6242672],[-35.725971,-9.6242748],[-35.7259308,-9.6242579],[-35.7259242,-9.6242246],[-35.7259512,-9.6241909],[-35.7259866,-9.624168],[-35.7259853,-9.6241229],[-35.7259407,-9.6241223],[-35.7259017,-9.6241443],[-35.7258682,-9.6241744],[-35.7258302,-9.6241937],[-35.7257892,-9.6241886],[-35.7257561,-9.6241581],[-35.7257141,-9.6241404],[-35.7256874,-9.6241045],[-35.7256526,-9.6240758],[-35.7256115,-9.6240608],[-35.7255659,-9.6240566],[-35.7255233,-9.6240714],[-35.7254787,-9.6240808],[-35.7254332,-9.6240821],[-35.7253886,-9.6240752],[-35.7253431,-9.6240774],[-35.725302,-9.6240659],[-35.7252672,-9.6240409],[-35.7252236,-9.6240548],[-35.7251865,-9.6240795],[-35.7251447,-9.6240961],[-35.7251002,-9.6241037],[-35.7250547,-9.6241058],[-35.7250277,-9.6241422],[-35.7249887,-9.6241642],[-35.724946,-9.6241799],[-35.7249015,-9.6241893],[-35.7248597,-9.6242077],[-35.7248171,-9.6242216],[-35.7247725,-9.6242309],[-35.724727,-9.6242349],[-35.7246815,-9.624238],[-35.724637,-9.6242456],[-35.7245934,-9.6242595],[-35.7245517,-9.624276],[-35.724509,-9.6242926],[-35.7244635,-9.6242957],[-35.7244199,-9.6243051],[-35.7243763,-9.624319],[-35.7243327,-9.6243338],[-35.7242881,-9.6243387],[-35.7242444,-9.62433],[-35.7242006,-9.6243168],[-35.7241666,-9.624289],[-35.7241503,-9.6242739],[-35.7241336,-9.6242586],[-35.7240961,-9.6242318],[-35.7240595,-9.6242058],[-35.7240192,-9.6241845],[-35.723979,-9.624164],[-35.7239361,-9.624149],[-35.7238914,-9.6241412],[-35.7238459,-9.6241416],[-35.7238087,-9.6241617],[-35.7237967,-9.6241762],[-35.7237799,-9.6241963],[-35.7237686,-9.6242124],[-35.7237538,-9.6242336],[-35.7237249,-9.6242681],[-35.7236878,-9.624291],[-35.7236432,-9.6242932],[-35.7236012,-9.6242772],[-35.7235663,-9.6242486],[-35.7235306,-9.6242209],[-35.7234904,-9.6241995],[-35.7234502,-9.6241781],[-35.7234081,-9.6241604],[-35.7233706,-9.6241354],[-35.7233376,-9.6241049],[-35.7233118,-9.6240681],[-35.7232716,-9.6240476],[-35.7232261,-9.624048],[-35.7231805,-9.6240501],[-35.7231369,-9.6240604],[-35.7230961,-9.6240806],[-35.7230553,-9.624099],[-35.7230098,-9.6241012],[-35.7229652,-9.6240988],[-35.7229241,-9.6240811],[-35.722882,-9.6240633],[-35.7228418,-9.624042],[-35.7228007,-9.6240215],[-35.7227658,-9.6239929],[-35.7227346,-9.6239606],[-35.7227043,-9.6239265],[-35.7226876,-9.6238851],[-35.7226754,-9.6238767]]]]}},
{"type":"Feature","properties":{"ibge_code_municipio":"2704302","name":"Garça Torta","code":"2704302016"},"geometry":{"type":"MultiPolygon","coordinates":[[[[-35.6671089,-9.5864191],[-35.6670676,-9.5865096],[-35.6670566,-9.5865271],[-35.6670288,-9.5866168],[-35.6670183,-9.5866687],[-35.6670138,-9.5867725],[-35.6670156,-9.5868532],[-35.6670486,-9.5869386],[-35.6670826,-9.58707],[-35.6671158,-9.5872508],[-35.6671391,-9.5873423],[-35.6671738,-9.5874718],[-35.6671814,-9.5875185],[-35.6673104,-9.5878248],[-35.66734,-9.5879565],[-35.6673422,-9.5880086],[-35.667345,-9.5880751],[-35.6673577,-9.5881103],[-35.6673794,-9.5881495],[-35.6674436,-9.5882123],[-35.6675131,-9.5882452],[-35.6676172,-9.5882823],[-35.6676905,-9.5883019],[-35.6677439,-9.5883121],[-35.6678154,-9.5883141],[-35.6679583,-9.5882933],[-35.6680215,-9.5882991],[-35.6680681,-9.5883222],[-35.6681348,-9.5883916],[-35.6681692,-9.5884531],[-35.6681835,-9.5884973],[-35.6681909,-9.5885445],[-35.6681942,-9.5885919],[-35.6681774,-9.5886774],[-35.6681504,-9.5887128],[-35.6680789,-9.5887685],[-35.6680373,-9.5888034],[-35.667982,-9.5888685],[-35.6679561,-9.5889579],[-35.667956,-9.5890017],[-35.6679871,-9.5891351],[-35.6679927,-9.5891839],[-35.6679789,-9.5892262],[-35.6679468,-9.5892451],[-35.6678456,-9.5892411],[-35.6677914,-9.5892577],[-35.667731,-9.5893332],[-35.667692,-9.589395],[-35.6676519,-9.5894711],[-35.6676272,-9.5895027],[-35.667572,-9.5895848],[-35.6675789,-9.5896786],[-35.6676078,-9.5897624],[-35.6676336,-9.5897974],[-35.6677649,-9.589913],[-35.6678941,-9.5900514],[-35.667981,-9.590214],[-35.6679878,-9.5902696],[-35.6679321,-9.590368],[-35.6678744,-9.5904462],[-35.6678107,-9.5905141],[-35.6677227,-9.5905973],[-35.6676294,-9.5906172],[-35.6674503,-9.5905723],[-35.6673217,-9.5905281],[-35.6672057,-9.5904671],[-35.6671123,-9.5904358],[-35.6670344,-9.5904089],[-35.6669032,-9.5903368],[-35.6666861,-9.5901779],[-35.6666162,-9.5901375],[-35.6665123,-9.5900606],[-35.6664387,-9.5899792],[-35.6662147,-9.5898219],[-35.6660698,-9.5897146],[-35.6660158,-9.5896753],[-35.6659468,-9.5895845],[-35.6659088,-9.5895035],[-35.665847,-9.589437],[-35.6657948,-9.5893791],[-35.6657342,-9.5894154],[-35.6657294,-9.5894779],[-35.6657493,-9.5895656],[-35.665753,-9.589588],[-35.6657504,-9.5896324],[-35.6657283,-9.5896795],[-35.6652885,-9.5898332],[-35.6651961,-9.5895556],[-35.6649898,-9.5890886],[-35.6648866,-9.5888551],[-35.6647114,-9.5885386],[-35.6644508,-9.5883071],[-35.6641814,-9.5880961],[-35.6639822,-9.5879874],[-35.6639295,-9.5879587],[-35.6637907,-9.5878829],[-35.6633846,-9.5876826],[-35.6631027,-9.5874495],[-35.6628701,-9.5871807],[-35.6625943,-9.5868706],[-35.6623818,-9.5866639],[-35.6621005,-9.5863322],[-35.6618203,-9.5859865],[-35.6614871,-9.5855873],[-35.6608512,-9.5848658],[-35.6602908,-9.584266],[-35.6599314,-9.5838366],[-35.6595261,-9.583391],[-35.6594971,-9.5833592],[-35.6591393,-9.5830005],[-35.65894,-9.5827173],[-35.6589138,-9.5826692],[-35.6590255,-9.5826023],[-35.6591544,-9.5825317],[-35.6603481,-9.5818753],[-35.6601693,-9.5816737],[-35.6598831,-9.5813314],[-35.6596825,-9.5811301],[-35.6594767,-9.5809676],[-35.6592221,-9.5807898],[-35.6593094,-9.5807363],[-35.6604841,-9.5800327],[-35.66099,-9.5796872],[-35.6607602,-9.5793115],[-35.6607651,-9.5787866],[-35.6611654,-9.5784344],[-35.661606,-9.5782453],[-35.6622561,-9.5782096],[-35.6627699,-9.5782872],[-35.6632015,-9.5786747],[-35.6632245,-9.578607],[-35.6632486,-9.5785399],[-35.6632707,-9.5784791],[-35.6632937,-9.578413],[-35.6633273,-9.5783218],[-35.6633742,-9.5781892],[-35.6633897,-9.5781386],[-35.6635305,-9.5780927],[-35.6636767,-9.5780754],[-35.6638264,-9.5780783],[-35.6640223,-9.5780838],[-35.6640792,-9.5780888],[-35.6640799,-9.578079],[-35.664136,-9.5777241],[-35.6641958,-9.5776087],[-35.6642619,-9.5774931],[-35.6642839,-9.577457],[-35.6643594,-9.5774884],[-35.6645702,-9.5775503],[-35.6648124,-9.5776205],[-35.6655125,-9.5777979],[-35.6655838,-9.577886],[-35.6657201,-9.5780915],[-35.6659941,-9.5785587],[-35.6661965,-9.5786551],[-35.6664447,-9.5786766],[-35.6666909,-9.5786486],[-35.6668673,-9.5786148],[-35.6669743,-9.5785833],[-35.6671672,-9.578448],[-35.6673948,-9.5782656],[-35.6674662,-9.5782185],[-35.6674988,-9.5782713],[-35.6675576,-9.5784569],[-35.6675646,-9.5787731],[-35.6677125,-9.5789199],[-35.6679652,-9.5790227],[-35.6681586,-9.579097],[-35.6681704,-9.5790289],[-35.6681835,-9.5789592],[-35.6681962,-9.5788962],[-35.6682131,-9.5788135],[-35.6682649,-9.5787424],[-35.6687247,-9.5783541],[-35.6688929,-9.5782556],[-35.6690396,-9.5781697],[-35.6693479,-9.5780154],[-35.6697533,-9.5777679],[-35.6698088,-9.5777179],[-35.6699968,-9.5775483],[-35.6702074,-9.5773751],[-35.6703871,-9.5772272],[-35.6712027,-9.576637],[-35.671654,-9.5764141],[-35.6720922,-9.5761209],[-35.672344,-9.5758878],[-35.6725598,-9.5756029],[-35.672663,-9.5754363],[-35.6727376,-9.5752379],[-35.6727711,-9.5750324],[-35.6727774,-9.5749044],[-35.6727543,-9.5748017],[-35.6727187,-9.5747031],[-35.672672,-9.5745982],[-35.6726191,-9.5744986],[-35.672544,-9.5743445],[-35.6724649,-9.5741903],[-35.6721415,-9.5735571],[-35.6721474,-9.5734229],[-35.6722908,-9.5734328],[-35.6731142,-9.5734],[-35.6737892,-9.5733607],[-35.6739846,-9.5733529],[-35.6741702,-9.5733626],[-35.6743462,-9.5734062],[-35.6745951,-9.5735398],[-35.6748311,-9.5736636],[-35.6750191,-9.5737272],[-35.6752672,-9.5737771],[-35.6754608,-9.5738201],[-35.675687,-9.5739012],[-35.6759672,-9.5739521],[-35.6761877,-9.5739467],[-35.6762911,-9.573944],[-35.6765109,-9.5739221],[-35.6766849,-9.5738764],[-35.6768945,-9.5737879],[-35.6771331,-9.5736295],[-35.6772693,-9.5734805],[-35.6773402,-9.573304],[-35.6773834,-9.5731593],[-35.6774717,-9.5729364],[-35.6775856,-9.5725775],[-35.677657,-9.5722854],[-35.6777077,-9.5721543],[-35.677908,-9.5717706],[-35.6780526,-9.571565],[-35.6781435,-9.571477],[-35.6782854,-9.5713605],[-35.6784776,-9.571304],[-35.6786087,-9.5712932],[-35.6787375,-9.5712406],[-35.6788374,-9.5711661],[-35.6789373,-9.5710417],[-35.6789757,-9.5709185],[-35.6790319,-9.5706655],[-35.6790651,-9.5704277],[-35.6790892,-9.5703207],[-35.6791859,-9.5701543],[-35.6793301,-9.5700489],[-35.6795095,-9.5699474],[-35.679602,-9.5698834],[-35.6798417,-9.5696511],[-35.679915,-9.5695473],[-35.6800331,-9.5693523],[-35.6802472,-9.5687507],[-35.6803339,-9.5685402],[-35.6804125,-9.5683806],[-35.6804479,-9.5683137],[-35.6804731,-9.5681275],[-35.6805218,-9.5680453],[-35.680633,-9.5679497],[-35.6807408,-9.5679017],[-35.6808353,-9.5678515],[-35.6810427,-9.5677394],[-35.681388,-9.5673421],[-35.6814485,-9.5672931],[-35.6816144,-9.5672076],[-35.6817889,-9.567098],[-35.681874,-9.567023],[-35.6819163,-9.5669809],[-35.6819653,-9.5669235],[-35.6820256,-9.5668223],[-35.6821327,-9.5666083],[-35.6822079,-9.566528],[-35.6822277,-9.5665406],[-35.6822739,-9.5665701],[-35.6823133,-9.5665969],[-35.6823481,-9.5666255],[-35.6823793,-9.566656],[-35.6824435,-9.5667224],[-35.6824684,-9.5667583],[-35.6824932,-9.5667961],[-35.6825163,-9.5668348],[-35.6825403,-9.5668734],[-35.6825615,-9.566913],[-35.6825819,-9.5669535],[-35.6826004,-9.5669949],[-35.6826189,-9.5670364],[-35.6826366,-9.5670778],[-35.682656,-9.5671192],[-35.6826763,-9.5671588],[-35.6827021,-9.5671965],[-35.6827306,-9.5672316],[-35.68276,-9.5672666],[-35.6827885,-9.5673034],[-35.6828152,-9.5673393],[-35.6828419,-9.5673744],[-35.6828686,-9.5674112],[-35.6830603,-9.567716],[-35.6830679,-9.5677593],[-35.683061,-9.5678055],[-35.6830459,-9.5678462],[-35.6830271,-9.5678889],[-35.6830092,-9.5679287],[-35.6829913,-9.5679704],[-35.6829771,-9.568013],[-35.6829692,-9.5680574],[-35.6829568,-9.5681008],[-35.6829344,-9.5681398],[-35.6829028,-9.5681717],[-35.6828702,-9.5682036],[-35.6828304,-9.5682274],[-35.6827905,-9.5682467],[-35.682746,-9.5682615],[-35.6827042,-9.5682744],[-35.6826588,-9.5682874],[-35.6826161,-9.5682986],[-35.6825251,-9.568302],[-35.6820811,-9.5682178],[-35.6820586,-9.5682487],[-35.6820744,-9.5682929],[-35.6820911,-9.5683352],[-35.6821133,-9.5683739],[-35.6821445,-9.5684062],[-35.6821784,-9.5684366],[-35.6822159,-9.5684625],[-35.6822571,-9.5684821],[-35.6822991,-9.5684989],[-35.6823402,-9.5685176],[-35.6823795,-9.5685408],[-35.682417,-9.5685658],[-35.6824527,-9.5685944],[-35.6824858,-9.5686249],[-35.6825133,-9.5686608],[-35.6825391,-9.5686977],[-35.682564,-9.5687354],[-35.6825988,-9.5687641],[-35.6826363,-9.5687891],[-35.6826684,-9.5688187],[-35.6827077,-9.56884],[-35.6827498,-9.5688578],[-35.68279,-9.5688773],[-35.6828338,-9.5688897],[-35.6828784,-9.5688993],[-35.6829213,-9.5689071],[-35.682966,-9.5689221],[-35.683008,-9.5689389],[-35.6830383,-9.5689721],[-35.683065,-9.5690089],[-35.6830944,-9.569044],[-35.683122,-9.5690772],[-35.6831459,-9.5691158],[-35.6831645,-9.5691582],[-35.6831821,-9.5692005],[-35.683197,-9.569241],[-35.6831992,-9.5692862],[-35.6831749,-9.5693225],[-35.6831451,-9.5693562],[-35.6831126,-9.5693908],[-35.6830819,-9.5694244],[-35.6830585,-9.5694626],[-35.6830489,-9.5695042],[-35.6830429,-9.5695503],[-35.683035,-9.5695929],[-35.6830271,-9.5696372],[-35.6830211,-9.5696824],[-35.6830105,-9.569725],[-35.6829826,-9.5697604],[-35.682951,-9.5697959],[-35.6829321,-9.5698277],[-35.6829795,-9.5698282],[-35.6830206,-9.5698469],[-35.6830418,-9.569881],[-35.6830421,-9.5699244],[-35.683038,-9.5699705],[-35.6830401,-9.5700157],[-35.6830496,-9.5700599],[-35.6830627,-9.5701013],[-35.6830767,-9.5701464],[-35.6830879,-9.5701897],[-35.6831214,-9.5702744],[-35.6831108,-9.5703151],[-35.6831056,-9.5703594],[-35.6831042,-9.5704046],[-35.6831236,-9.5704469],[-35.6831385,-9.5704884],[-35.6831489,-9.5705308],[-35.6831538,-9.5705759],[-35.6831532,-9.5706202],[-35.6831609,-9.5706671],[-35.6831676,-9.5707113],[-35.6831743,-9.5707565],[-35.6831874,-9.5707988],[-35.683205,-9.5708411],[-35.683219,-9.5708835],[-35.6832312,-9.570925],[-35.6832433,-9.5709692],[-35.6832555,-9.5710124],[-35.6832677,-9.5710557],[-35.6832844,-9.5710998],[-35.6833057,-9.5711376],[-35.6833251,-9.5711781],[-35.6833436,-9.5712196],[-35.6833676,-9.57126],[-35.6833925,-9.5712978],[-35.6834201,-9.5713328],[-35.6834504,-9.5713669],[-35.6834852,-9.5713965],[-35.6835227,-9.5714215],[-35.6835566,-9.5714519],[-35.6835797,-9.571487],[-35.6835937,-9.5715303],[-35.683594,-9.5715772],[-35.6835962,-9.5716206],[-35.6836047,-9.5716648],[-35.6836251,-9.5717035],[-35.6836518,-9.5717394],[-35.6836667,-9.5717845],[-35.6836798,-9.5718278],[-35.683681,-9.5718729],[-35.6836805,-9.5719181],[-35.6836772,-9.5719615],[-35.6836711,-9.5720058],[-35.6836606,-9.5720511],[-35.6836472,-9.5720927],[-35.6836458,-9.5721379],[-35.6836598,-9.5721821],[-35.6836865,-9.5722162],[-35.683724,-9.5722421],[-35.6837624,-9.5722626],[-35.6838053,-9.5722822],[-35.6838455,-9.5723026],[-35.6838876,-9.5723324],[-35.6838993,-9.5723406],[-35.6838498,-9.5723839],[-35.6838118,-9.572407],[-35.6838051,-9.572449],[-35.683785,-9.5724829],[-35.6837591,-9.5725137],[-35.6837084,-9.5725619],[-35.6836588,-9.5726321],[-35.6836354,-9.5726702],[-35.683586,-9.5727491],[-35.6835461,-9.5728086],[-35.6835132,-9.5728409],[-35.6834758,-9.5728991],[-35.6834471,-9.5729255],[-35.6833904,-9.5729745],[-35.6833694,-9.5730572],[-35.6833599,-9.5730806],[-35.6833324,-9.5731124],[-35.6833014,-9.573128],[-35.6832674,-9.5731518],[-35.6831985,-9.5731479],[-35.6831322,-9.5731602],[-35.683075,-9.5731796],[-35.6829756,-9.5732072],[-35.6829035,-9.5732349],[-35.6828301,-9.5732533],[-35.6827969,-9.5732666],[-35.6827609,-9.5732877],[-35.6827292,-9.5733131],[-35.6827103,-9.5733445],[-35.6826878,-9.573376],[-35.6826586,-9.5734112],[-35.6826187,-9.5734493],[-35.6825828,-9.573482],[-35.6825596,-9.5735134],[-35.6825295,-9.5735559],[-35.6825057,-9.573602],[-35.6824853,-9.5736275],[-35.6824559,-9.5736271],[-35.6824266,-9.5736192],[-35.6824028,-9.5735965],[-35.6823714,-9.5735749],[-35.6823335,-9.5735775],[-35.6822763,-9.5736059],[-35.6822079,-9.5736364],[-35.6821675,-9.573661],[-35.682114,-9.573684],[-35.6820887,-9.5737113],[-35.682064,-9.5737528],[-35.6820406,-9.573794],[-35.6820086,-9.5738303],[-35.6819786,-9.5738691],[-35.6819415,-9.5738991],[-35.6818905,-9.5739511],[-35.6818587,-9.5739806],[-35.6818416,-9.5740086],[-35.6818386,-9.5740235],[-35.6818348,-9.5740805],[-35.6818266,-9.5741153],[-35.6818112,-9.5741519],[-35.6817716,-9.5742153],[-35.6817433,-9.5742434],[-35.6817195,-9.5742718],[-35.6816867,-9.5742915],[-35.6816126,-9.5743201],[-35.681571,-9.5743425],[-35.6815102,-9.5743614],[-35.6814774,-9.5743778],[-35.6814441,-9.5743984],[-35.6813864,-9.5744256],[-35.6813429,-9.5744482],[-35.6813081,-9.5744627],[-35.6812708,-9.5744684],[-35.6812491,-9.5744738],[-35.6811924,-9.5744934],[-35.6811708,-9.5745209],[-35.6811757,-9.5745469],[-35.6811953,-9.5745821],[-35.6812042,-9.574615],[-35.6812062,-9.5746335],[-35.6812079,-9.5746536],[-35.6812136,-9.5746911],[-35.6811973,-9.5747263],[-35.6811712,-9.5747486],[-35.6811448,-9.5747658],[-35.6811047,-9.5747917],[-35.6810764,-9.5748124],[-35.6810432,-9.5748412],[-35.6809925,-9.5748691],[-35.6809584,-9.5748753],[-35.6809241,-9.574877],[-35.6808639,-9.5748678],[-35.6808407,-9.5748702],[-35.6807678,-9.5749072],[-35.6807387,-9.5749264],[-35.6807079,-9.5749487],[-35.6806413,-9.5749883],[-35.6805977,-9.5750022],[-35.680565,-9.5750146],[-35.6805254,-9.5750247],[-35.6804427,-9.5750303],[-35.6803772,-9.5750277],[-35.6803321,-9.5750287],[-35.6802829,-9.5750245],[-35.6801988,-9.5750105],[-35.6801521,-9.5750106],[-35.6801151,-9.5750305],[-35.6800899,-9.5750583],[-35.6800963,-9.5750895],[-35.6801003,-9.575123],[-35.6800938,-9.5751642],[-35.6800994,-9.575204],[-35.6800989,-9.5752347],[-35.6800875,-9.5752812],[-35.6800815,-9.5753022],[-35.6800601,-9.5753463],[-35.680053,-9.5753642],[-35.6800427,-9.575386],[-35.6800253,-9.575414],[-35.6800158,-9.5754263],[-35.6799973,-9.5754486],[-35.6799806,-9.5754656],[-35.6799572,-9.5754875],[-35.6799442,-9.5754983],[-35.6799234,-9.5755137],[-35.679865,-9.5755496],[-35.6798473,-9.5755588],[-35.6797901,-9.5755845],[-35.6797425,-9.5756019],[-35.6797235,-9.5756115],[-35.6797014,-9.5756281],[-35.6796719,-9.5756531],[-35.6796172,-9.5756959],[-35.679596,-9.5757091],[-35.6795708,-9.5757215],[-35.6794939,-9.5757544],[-35.6794413,-9.5757828],[-35.6794019,-9.5758037],[-35.6793625,-9.5758286],[-35.6793124,-9.5758559],[-35.6792885,-9.5758733],[-35.679264,-9.5758923],[-35.6792385,-9.5759164],[-35.6792286,-9.575929],[-35.6791962,-9.5759747],[-35.6791718,-9.5760107],[-35.6791223,-9.5760664],[-35.6791037,-9.5760895],[-35.6790886,-9.5761139],[-35.6790744,-9.5761399],[-35.6790661,-9.5761583],[-35.6790587,-9.5761885],[-35.6790476,-9.5762507],[-35.679043,-9.5763009],[-35.6790407,-9.5763497],[-35.6790364,-9.5763849],[-35.6790339,-9.5764113],[-35.6790277,-9.5764329],[-35.6790167,-9.5764569],[-35.6790046,-9.5764733],[-35.6789717,-9.5764937],[-35.6789048,-9.5765179],[-35.6788817,-9.5765099],[-35.6788349,-9.5765161],[-35.6787844,-9.5765308],[-35.6787363,-9.5765554],[-35.6786985,-9.5765918],[-35.6786615,-9.5766374],[-35.6786251,-9.5766657],[-35.6785971,-9.5766966],[-35.6785587,-9.5767582],[-35.6785236,-9.5768045],[-35.6784946,-9.5768457],[-35.6784532,-9.5768891],[-35.6784313,-9.576916],[-35.6783907,-9.5769536],[-35.6783615,-9.5769907],[-35.6783169,-9.5770759],[-35.678291,-9.5771096],[-35.6782613,-9.5771528],[-35.6782098,-9.5772107],[-35.6781872,-9.5772402],[-35.6781539,-9.5772732],[-35.6781217,-9.57733],[-35.6780975,-9.577383],[-35.678093,-9.5773997],[-35.678081,-9.5774905],[-35.6780731,-9.5775306],[-35.6780687,-9.5775686],[-35.6780592,-9.5776384],[-35.6780513,-9.5776829],[-35.6780347,-9.5777422],[-35.6780116,-9.5778021],[-35.6779985,-9.5778337],[-35.6779481,-9.5779159],[-35.6779125,-9.5779514],[-35.6778711,-9.5779752],[-35.677832,-9.5780093],[-35.6777175,-9.5780588],[-35.6776788,-9.5780896],[-35.6775923,-9.5781637],[-35.677535,-9.5781861],[-35.6773524,-9.5782699],[-35.6772156,-9.5783598],[-35.6768774,-9.5786234],[-35.6768049,-9.5787191],[-35.6767311,-9.5788351],[-35.6766404,-9.578937],[-35.6765661,-9.5789881],[-35.6765353,-9.5790024],[-35.6764475,-9.5790368],[-35.6764283,-9.5790579],[-35.6764098,-9.5791233],[-35.6763953,-9.5791861],[-35.6763661,-9.5792517],[-35.6763339,-9.5793034],[-35.6763066,-9.5793335],[-35.6762061,-9.5793939],[-35.6761515,-9.5794127],[-35.6761073,-9.5794189],[-35.6760867,-9.5794067],[-35.6760206,-9.5793589],[-35.6759511,-9.579333],[-35.6758978,-9.579326],[-35.6758524,-9.5793373],[-35.6758161,-9.5793618],[-35.6757922,-9.5794007],[-35.6757439,-9.5794556],[-35.6757233,-9.5794746],[-35.6756954,-9.5794902],[-35.6756554,-9.579502],[-35.6755029,-9.5795169],[-35.6754203,-9.5795401],[-35.6753373,-9.5795392],[-35.6753035,-9.5795456],[-35.6751993,-9.5796059],[-35.6751604,-9.5796386],[-35.675108,-9.5796746],[-35.6750524,-9.5797519],[-35.6750143,-9.5798431],[-35.6749916,-9.5799043],[-35.6749703,-9.5799419],[-35.6749371,-9.5799774],[-35.6748843,-9.5800207],[-35.674855,-9.5800541],[-35.6748085,-9.5801153],[-35.6747552,-9.5801618],[-35.6746919,-9.5801718],[-35.6746045,-9.5801889],[-35.6745687,-9.5802159],[-35.6745499,-9.580248],[-35.6745507,-9.580284],[-35.6745403,-9.5803157],[-35.6745164,-9.580327],[-35.6744791,-9.5803243],[-35.6744374,-9.5803018],[-35.6744016,-9.5802578],[-35.6743742,-9.5802398],[-35.6743047,-9.5802415],[-35.6742821,-9.5802549],[-35.6742713,-9.5802807],[-35.6742654,-9.5803504],[-35.6742878,-9.5804439],[-35.6742566,-9.5804863],[-35.6742062,-9.5805313],[-35.6741713,-9.5805408],[-35.6741069,-9.5805511],[-35.6740159,-9.5805562],[-35.6739727,-9.5805716],[-35.6739273,-9.5806004],[-35.6738882,-9.5806328],[-35.6738461,-9.58068],[-35.6737694,-9.5806971],[-35.6737321,-9.5806986],[-35.6736936,-9.5806927],[-35.673597,-9.5806736],[-35.6734534,-9.5806395],[-35.6733528,-9.5806393],[-35.673243,-9.5806493],[-35.6731959,-9.5806584],[-35.6731136,-9.5806782],[-35.6730536,-9.5806822],[-35.6729673,-9.5806964],[-35.6728908,-9.5807344],[-35.672849,-9.5807675],[-35.6728243,-9.5808065],[-35.6728278,-9.5808515],[-35.6728448,-9.5808917],[-35.6728575,-9.5809401],[-35.6728484,-9.5809865],[-35.6728196,-9.5810289],[-35.6727909,-9.5810535],[-35.6727676,-9.5810673],[-35.6727424,-9.5810686],[-35.6727155,-9.5810556],[-35.6726625,-9.5809663],[-35.672634,-9.5809313],[-35.6725974,-9.5809063],[-35.6725406,-9.5809219],[-35.6724559,-9.5809634],[-35.6723731,-9.5809748],[-35.6722273,-9.5809743],[-35.6721205,-9.5809811],[-35.672042,-9.5810227],[-35.6720214,-9.5811117],[-35.6719932,-9.5811711],[-35.6719412,-9.5812709],[-35.6718862,-9.5813418],[-35.6718424,-9.5813756],[-35.6717164,-9.5814105],[-35.6715817,-9.5814097],[-35.6714745,-9.5814182],[-35.6713501,-9.5814556],[-35.6713093,-9.5814926],[-35.6712724,-9.5815293],[-35.6712465,-9.581561],[-35.671218,-9.5816052],[-35.6711997,-9.5816733],[-35.6711979,-9.5817475],[-35.6711861,-9.5818035],[-35.6711567,-9.5818887],[-35.6710731,-9.5820777],[-35.6710516,-9.5821156],[-35.6710133,-9.5821681],[-35.6709427,-9.5822157],[-35.6708601,-9.5822477],[-35.6707809,-9.5822537],[-35.6706806,-9.5822303],[-35.6705856,-9.5821831],[-35.6705012,-9.582116],[-35.6704328,-9.5820684],[-35.670392,-9.5820428],[-35.6703279,-9.5820153],[-35.6702989,-9.5820321],[-35.6702717,-9.5820961],[-35.6702759,-9.5821746],[-35.6702917,-9.5823317],[-35.6702919,-9.5823543],[-35.6702929,-9.5824899],[-35.6702862,-9.5825885],[-35.6702716,-9.5827967],[-35.6702653,-9.5828614],[-35.6702016,-9.5832345],[-35.6701805,-9.5833142],[-35.6701327,-9.5834199],[-35.6700084,-9.5836465],[-35.669961,-9.5836977],[-35.6698939,-9.5837272],[-35.669823,-9.5837509],[-35.6697887,-9.5837759],[-35.6697304,-9.5838947],[-35.6696182,-9.5839471],[-35.6695722,-9.5839742],[-35.6695244,-9.5840381],[-35.6695148,-9.5841034],[-35.6695388,-9.5841621],[-35.6695927,-9.5842322],[-35.66962,-9.5842533],[-35.6696656,-9.584284],[-35.66969,-9.5843273],[-35.669693,-9.584405],[-35.6696954,-9.5844415],[-35.669694,-9.5845056],[-35.6696869,-9.5845361],[-35.669652,-9.5845702],[-35.6696121,-9.5845931],[-35.6695653,-9.5846127],[-35.6695279,-9.5846231],[-35.6694911,-9.5846395],[-35.6694593,-9.5846769],[-35.6694375,-9.5847282],[-35.669452,-9.584758],[-35.6694693,-9.5847819],[-35.6694908,-9.5848037],[-35.6695185,-9.5848263],[-35.6695472,-9.5848572],[-35.6695809,-9.5849096],[-35.6695948,-9.5849475],[-35.6696006,-9.5849904],[-35.6695985,-9.585017],[-35.6695854,-9.5850298],[-35.6695497,-9.5850481],[-35.6695154,-9.5850743],[-35.6694896,-9.5851142],[-35.6694788,-9.5852191],[-35.6694159,-9.5852707],[-35.6693757,-9.5853148],[-35.6693177,-9.5853707],[-35.6692926,-9.5854121],[-35.6692573,-9.585507],[-35.6692181,-9.5855594],[-35.6691595,-9.5856249],[-35.6691256,-9.5857146],[-35.6690989,-9.5858138],[-35.6690893,-9.5858649],[-35.6690768,-9.5858983],[-35.6690414,-9.5859417],[-35.668994,-9.5859873],[-35.6689136,-9.5860532],[-35.6687985,-9.5861264],[-35.6686522,-9.5861859],[-35.6685996,-9.5862029],[-35.6685239,-9.5861902],[-35.6683996,-9.5861711],[-35.6683244,-9.5861771],[-35.6682666,-9.5862017],[-35.6682437,-9.5862147],[-35.6682167,-9.5862583],[-35.6681983,-9.5863004],[-35.6681818,-9.5863248],[-35.6681148,-9.5863801],[-35.6679688,-9.5864508],[-35.6679158,-9.5864627],[-35.6678583,-9.58645],[-35.6678011,-9.5864223],[-35.6677631,-9.5863754],[-35.6677146,-9.5863465],[-35.6676411,-9.5863395],[-35.6675485,-9.5863132],[-35.6673946,-9.5862304],[-35.667344,-9.5862175],[-35.6672924,-9.5862147],[-35.6672492,-9.5862354],[-35.6671776,-9.5863027],[-35.6671413,-9.5863776],[-35.6671177,-9.586425],[-35.6671089,-9.5864191]]]]}},
{"type":"Feature","properties":{"ibge_code_municipio":"2704302","name":"Rio Novo","code":"2704302041"},"geometry":{"type":"MultiPolygon","coordinates":[[[[-35.8069306,-9.58605],[-35.8063812,-9.5866903],[-35.8061778,-9.5869677],[-35.8055083,-9.5872972],[-35.8050127,-9.5874115],[-35.8044394,-9.58743],[-35.8040141,-9.587504],[-35.8036627,-9.587504],[-35.8033853,-9.5875779],[-35.8029972,-9.5878056],[-35.8027093,-9.5881321],[-35.8024606,-9.588669],[-35.802325,-9.5893278],[-35.8023953,-9.5897638],[-35.8026086,-9.5901115],[-35.8029414,-9.5905738],[-35.8032373,-9.5910547],[-35.8032139,-9.5916297],[-35.8030339,-9.5921088],[-35.8028675,-9.5923677],[-35.8026028,-9.5926028],[-35.8021277,-9.5927745],[-35.8017674,-9.592914],[-35.8014962,-9.5930748],[-35.8012694,-9.5932611],[-35.8011517,-9.5932831],[-35.8010342,-9.5932857],[-35.8008402,-9.5932656],[-35.8006494,-9.5932612],[-35.8005139,-9.5932917],[-35.8003971,-9.5934147],[-35.8001712,-9.5935924],[-35.7998905,-9.5937876],[-35.7996965,-9.5939147],[-35.7993794,-9.5940991],[-35.7990684,-9.5942646],[-35.7986727,-9.5944373],[-35.7985327,-9.5944917],[-35.7982806,-9.5946278],[-35.7980117,-9.5947539],[-35.7974446,-9.5950244],[-35.7971889,-9.5951686],[-35.7967109,-9.5953966],[-35.7965597,-9.5954108],[-35.7964494,-9.5954334],[-35.7962893,-9.5954539],[-35.7961376,-9.5953805],[-35.7960222,-9.595302],[-35.7959297,-9.5952279],[-35.7958993,-9.5950972],[-35.7959048,-9.5949067],[-35.7959334,-9.594688],[-35.7960115,-9.5943541],[-35.7961283,-9.5941045],[-35.7962621,-9.5937717],[-35.7963812,-9.5935838],[-35.7966435,-9.5933888],[-35.7968286,-9.5932108],[-35.7969547,-9.5930943],[-35.7970432,-9.5929622],[-35.7971517,-9.5928339],[-35.7972075,-9.5926747],[-35.7973028,-9.5925139],[-35.797398,-9.5924189],[-35.7975099,-9.5923397],[-35.7976101,-9.5922779],[-35.7977076,-9.5923044],[-35.7977941,-9.5923749],[-35.7978996,-9.5923925],[-35.7980023,-9.5924408],[-35.7980936,-9.5924539],[-35.7981841,-9.5923661],[-35.7981923,-9.5923485],[-35.7983296,-9.5921802],[-35.7986141,-9.5920908],[-35.798833,-9.5920594],[-35.7989208,-9.5920819],[-35.7990557,-9.5921624],[-35.7992613,-9.5923419],[-35.7992739,-9.5923529],[-35.7993372,-9.5923309],[-35.7993819,-9.5922734],[-35.799386,-9.5922424],[-35.7993021,-9.5921311],[-35.7992491,-9.5920737],[-35.7991945,-9.5920145],[-35.7990631,-9.591897],[-35.7990147,-9.5917945],[-35.7990347,-9.5916655],[-35.7991034,-9.5915185],[-35.7991744,-9.5914836],[-35.799236,-9.5914533],[-35.7994407,-9.5914489],[-35.7997166,-9.5914794],[-35.7999035,-9.5914664],[-35.7999747,-9.5914489],[-35.799993,-9.591353],[-35.7998147,-9.5912698],[-35.7996001,-9.5912303],[-35.7994941,-9.5912095],[-35.7994658,-9.5912039],[-35.7994098,-9.5912139],[-35.7993675,-9.5912215],[-35.7992647,-9.5912109],[-35.7991973,-9.5912039],[-35.7991905,-9.5912007],[-35.7990284,-9.5911233],[-35.7990034,-9.5911114],[-35.7989569,-9.5910579],[-35.7989072,-9.5910007],[-35.7988074,-9.5909252],[-35.7987839,-9.5909073],[-35.7985505,-9.5907688],[-35.7984516,-9.5906249],[-35.798416,-9.5904491],[-35.7984753,-9.5901268],[-35.7985606,-9.5897769],[-35.798601,-9.5896672],[-35.7986608,-9.5895944],[-35.7986677,-9.589586],[-35.7986825,-9.5895869],[-35.7987393,-9.5895903],[-35.7988677,-9.5895535],[-35.7989027,-9.5895376],[-35.7989654,-9.5895093],[-35.7989788,-9.5894595],[-35.7989795,-9.5894493],[-35.7989534,-9.589386],[-35.7988825,-9.5893375],[-35.7987857,-9.589279],[-35.798726,-9.5891655],[-35.7987293,-9.589078],[-35.7986783,-9.5890433],[-35.7986574,-9.5890291],[-35.7985567,-9.589062],[-35.7984096,-9.5891815],[-35.7981902,-9.5892879],[-35.7980739,-9.5893768],[-35.7980072,-9.5894029],[-35.7979784,-9.5894072],[-35.7979338,-9.5894085],[-35.7978891,-9.5893971],[-35.7978626,-9.5893937],[-35.7978172,-9.5893977],[-35.7977718,-9.5894014],[-35.7977267,-9.589405],[-35.7976793,-9.5894031],[-35.79764,-9.5893892],[-35.7976005,-9.5893658],[-35.7975753,-9.589327],[-35.7975579,-9.5892836],[-35.7975455,-9.5892436],[-35.7975457,-9.5892258],[-35.7975448,-9.5891532],[-35.7975217,-9.5891091],[-35.7975017,-9.5890726],[-35.7974503,-9.5889999],[-35.7974479,-9.5889572],[-35.797487,-9.5888791],[-35.797529,-9.588832],[-35.7976033,-9.5887536],[-35.7976324,-9.588713],[-35.7976609,-9.5886733],[-35.7977004,-9.58859],[-35.7977151,-9.5885297],[-35.7977262,-9.588485],[-35.7977431,-9.5884168],[-35.797757,-9.588334],[-35.7977784,-9.5882664],[-35.797799,-9.5882033],[-35.7978209,-9.5881597],[-35.7978799,-9.5880861],[-35.7979049,-9.588002],[-35.7979144,-9.5879564],[-35.7979313,-9.5879205],[-35.7979512,-9.5878761],[-35.7979895,-9.5878343],[-35.7980305,-9.5877993],[-35.7980885,-9.5877614],[-35.7981289,-9.5877128],[-35.7981739,-9.5876584],[-35.7982049,-9.587622],[-35.7982872,-9.5875508],[-35.7982906,-9.5875264],[-35.7982794,-9.5874886],[-35.7982347,-9.5874816],[-35.7981948,-9.5874617],[-35.7979991,-9.5872749],[-35.7979398,-9.5871973],[-35.7979139,-9.5871494],[-35.7978802,-9.5870667],[-35.797885,-9.5870453],[-35.797915,-9.5870118],[-35.7979295,-9.5869999],[-35.7980636,-9.586884],[-35.7981211,-9.5868339],[-35.79822,-9.5867518],[-35.798261,-9.586721],[-35.7983128,-9.5866833],[-35.7983481,-9.586655],[-35.7984214,-9.5866011],[-35.7984938,-9.5865463],[-35.7985508,-9.5865016],[-35.7986023,-9.5864651],[-35.7986983,-9.5863956],[-35.7987773,-9.5863521],[-35.7988465,-9.5862688],[-35.7988636,-9.586247],[-35.7989452,-9.5862084],[-35.7989898,-9.5861999],[-35.799023,-9.5861718],[-35.7990739,-9.5861306],[-35.7991101,-9.5861041],[-35.7991327,-9.5860885],[-35.7992014,-9.5860284],[-35.7992747,-9.5859763],[-35.7993624,-9.5859114],[-35.7994203,-9.5858667],[-35.7994692,-9.5858274],[-35.7995255,-9.5857825],[-35.7995759,-9.5857426],[-35.7996365,-9.5857012],[-35.7996808,-9.5856568],[-35.7997438,-9.5855915],[-35.799762,-9.585573],[-35.7998091,-9.5854944],[-35.799848,-9.58544],[-35.7998852,-9.5853832],[-35.7999051,-9.5853422],[-35.7999342,-9.5852572],[-35.7999431,-9.5851952],[-35.7999471,-9.5851677],[-35.7999636,-9.5851242],[-35.8000153,-9.5850524],[-35.8000542,-9.5849707],[-35.8000725,-9.5849336],[-35.8000876,-9.5848925],[-35.8001135,-9.5848006],[-35.8000982,-9.5846656],[-35.8000758,-9.5846232],[-35.8000303,-9.5845508],[-35.7999596,-9.5843829],[-35.799964,-9.5843454],[-35.7999936,-9.5843104],[-35.8000449,-9.5842155],[-35.8001435,-9.5840313],[-35.8001667,-9.5839733],[-35.8001845,-9.5839315],[-35.8002033,-9.5838908],[-35.8002338,-9.5838276],[-35.8002582,-9.5837666],[-35.8002751,-9.5837242],[-35.8002945,-9.5836841],[-35.8003275,-9.5836167],[-35.8003597,-9.5835345],[-35.8003991,-9.5834529],[-35.8004321,-9.5833722],[-35.8004072,-9.5833312],[-35.8003813,-9.583298],[-35.8003062,-9.5832196],[-35.8002475,-9.5831767],[-35.8001897,-9.5831501],[-35.8001672,-9.5831403],[-35.8000894,-9.5830895],[-35.8000518,-9.5830636],[-35.80001,-9.5830085],[-35.7999905,-9.5829829],[-35.800071,-9.5828511],[-35.8001995,-9.5824345],[-35.8001808,-9.5823114],[-35.8001474,-9.5819416],[-35.8001464,-9.581756],[-35.8001253,-9.5816822],[-35.8000956,-9.581609],[-35.7999195,-9.5814403],[-35.7998842,-9.5812568],[-35.7998906,-9.5810713],[-35.7999067,-9.5809103],[-35.799941,-9.5807925],[-35.8000504,-9.5805545],[-35.8001453,-9.5803481],[-35.8002528,-9.5801325],[-35.8004227,-9.5798769],[-35.8005319,-9.5797201],[-35.8006308,-9.5795293],[-35.8006975,-9.5793871],[-35.8007252,-9.5792916],[-35.8007652,-9.579131],[-35.8007633,-9.5790622],[-35.8007292,-9.5789817],[-35.8006571,-9.578743],[-35.8005389,-9.5783446],[-35.8005275,-9.57828],[-35.8005587,-9.5779941],[-35.8005877,-9.5778973],[-35.8006823,-9.5776414],[-35.8007925,-9.577417],[-35.800847,-9.5773239],[-35.8012085,-9.5768132],[-35.8013494,-9.5766167],[-35.8019644,-9.5756933],[-35.8020732,-9.5754844],[-35.8020998,-9.5753957],[-35.8021072,-9.5753357],[-35.8021068,-9.5752688],[-35.802101,-9.5752386],[-35.8020841,-9.575151],[-35.8020796,-9.5751271],[-35.8020564,-9.5749976],[-35.8019746,-9.5745784],[-35.8018707,-9.5740856],[-35.8018469,-9.5739472],[-35.8018583,-9.5738606],[-35.8018818,-9.573792],[-35.8019357,-9.5737058],[-35.8021999,-9.5734239],[-35.8023236,-9.5732812],[-35.8023802,-9.5732046],[-35.8024827,-9.5730445],[-35.8026285,-9.5728021],[-35.8027347,-9.5726748],[-35.8027767,-9.5726289],[-35.8031686,-9.5722712],[-35.8033657,-9.5720409],[-35.8033944,-9.5719901],[-35.803509,-9.5715257],[-35.8036753,-9.5710563],[-35.8038505,-9.5705877],[-35.8039148,-9.5703933],[-35.8039372,-9.5702413],[-35.8039274,-9.5700801],[-35.8038973,-9.5699198],[-35.8037983,-9.5696748],[-35.8036879,-9.569534],[-35.8036876,-9.5691584],[-35.8035923,-9.568426],[-35.8036035,-9.568271],[-35.8036559,-9.567959],[-35.803824,-9.5676993],[-35.8039959,-9.5675592],[-35.8042855,-9.5674022],[-35.8047626,-9.5671695],[-35.8056222,-9.5668226],[-35.8063769,-9.5665486],[-35.8064559,-9.5665481],[-35.8066319,-9.5665669],[-35.8067979,-9.5665948],[-35.8069494,-9.5666276],[-35.8071002,-9.5666812],[-35.8072651,-9.5667416],[-35.8074303,-9.5668381],[-35.8076433,-9.5669901],[-35.8079889,-9.5672224],[-35.8083753,-9.5674831],[-35.808708,-9.567714],[-35.8087144,-9.5677184],[-35.8087585,-9.5677491],[-35.8091622,-9.5680291],[-35.8092622,-9.5680984],[-35.8095518,-9.5683319],[-35.8098872,-9.568621],[-35.8101549,-9.5693742],[-35.8105412,-9.5704611],[-35.8109218,-9.571532],[-35.8119003,-9.5742855],[-35.8119008,-9.574287],[-35.8122109,-9.5751594],[-35.8122322,-9.5752194],[-35.8123052,-9.5754249],[-35.812742,-9.5766539],[-35.8137437,-9.5794726],[-35.8143532,-9.5800053],[-35.8131611,-9.5812194],[-35.8127294,-9.5814051],[-35.8120817,-9.5816284],[-35.8114944,-9.5816556],[-35.8094879,-9.5817479],[-35.8091409,-9.5818099],[-35.8088611,-9.5819528],[-35.8086367,-9.582414],[-35.808494,-9.5828279],[-35.8084417,-9.5831889],[-35.808765,-9.5838172],[-35.8095361,-9.5846361],[-35.8095596,-9.5848497],[-35.8095389,-9.5850472],[-35.8094808,-9.5851834],[-35.8093688,-9.5853056],[-35.809258,-9.5853181],[-35.8091472,-9.5853306],[-35.8087746,-9.585216],[-35.808375,-9.5851806],[-35.8081752,-9.5852778],[-35.8080279,-9.5854253],[-35.8073235,-9.5859173],[-35.8069306,-9.58605]]]]}},
{"type":"Feature","properties":{"ibge_code_municipio":"2704302","name":"Santa Lúcia","code":"2704302043"},"geometry":{"type":"MultiPolygon","coordinates":[[[[-35.7559241,-9.5926983],[-35.7554602,-9.5929644],[-35.7553594,-9.5927975],[-35.7550933,-9.5923758],[-35.7550319,-9.5922885],[-35.7549286,-9.5921265],[-35.7548419,-9.5919972],[-35.7546746,-9.5917283],[-35.7546125,-9.5916106],[-35.754388,-9.5912396],[-35.7543509,-9.591133],[-35.7540616,-9.5906897],[-35.7539912,-9.5906045],[-35.7539361,-9.5905892],[-35.7531543,-9.591114],[-35.7515845,-9.5923956],[-35.7509473,-9.5930007],[-35.7503609,-9.5931984],[-35.7500397,-9.593337],[-35.7497015,-9.593473],[-35.7495726,-9.5935804],[-35.7494671,-9.5934728],[-35.7478187,-9.5920845],[-35.7476428,-9.5919363],[-35.7467512,-9.5911913],[-35.7462827,-9.5907909],[-35.7462234,-9.5907409],[-35.7455281,-9.5901619],[-35.7445253,-9.5893267],[-35.7444704,-9.5892648],[-35.7448098,-9.5887451],[-35.7449442,-9.5884934],[-35.7449783,-9.5884031],[-35.7449853,-9.5882717],[-35.7449743,-9.5881193],[-35.7449803,-9.5878816],[-35.7450144,-9.5874974],[-35.7450094,-9.5870711],[-35.7449999,-9.5862393],[-35.7450248,-9.5861366],[-35.745062,-9.5860605],[-35.7451473,-9.5859561],[-35.7452516,-9.5858386],[-35.745408,-9.5856408],[-35.7455764,-9.5853896],[-35.7456551,-9.5853027],[-35.7457513,-9.5852195],[-35.7457619,-9.5851894],[-35.745753,-9.585163],[-35.7456644,-9.5850851],[-35.7455656,-9.5850263],[-35.7453773,-9.5849293],[-35.7453079,-9.5849082],[-35.7452059,-9.5848954],[-35.7451285,-9.5848906],[-35.7450293,-9.584895],[-35.7449983,-9.5848952],[-35.7449611,-9.5848937],[-35.7449153,-9.584876],[-35.7448814,-9.584852],[-35.7448565,-9.5848078],[-35.7447886,-9.5846836],[-35.7447575,-9.584636],[-35.7447185,-9.5845929],[-35.7446761,-9.5845608],[-35.7446204,-9.5845341],[-35.7445864,-9.5845252],[-35.7445402,-9.5845221],[-35.7444773,-9.5845295],[-35.7444267,-9.5845676],[-35.7443139,-9.5846802],[-35.7442713,-9.5847122],[-35.7442324,-9.584736],[-35.7441689,-9.5847672],[-35.7440972,-9.5847894],[-35.743949,-9.5848195],[-35.7434218,-9.5849186],[-35.7432301,-9.5849607],[-35.7430929,-9.5849962],[-35.7430049,-9.5850258],[-35.7429559,-9.5850487],[-35.7426606,-9.5852273],[-35.742578,-9.5852659],[-35.7425172,-9.5852889],[-35.7424637,-9.5853074],[-35.7424276,-9.5853164],[-35.7423573,-9.5853263],[-35.7422771,-9.5853492],[-35.7422004,-9.5853953],[-35.7421038,-9.5854705],[-35.7420223,-9.5855512],[-35.7419509,-9.5856133],[-35.7418192,-9.5857589],[-35.7416774,-9.5859],[-35.7415907,-9.5859938],[-35.7415357,-9.5860592],[-35.7414499,-9.5861467],[-35.7414301,-9.5861631],[-35.7413075,-9.5862065],[-35.7412776,-9.5862176],[-35.7412048,-9.586229],[-35.7411793,-9.5862292],[-35.741129,-9.5861998],[-35.741081,-9.5861116],[-35.7410626,-9.5860829],[-35.7409614,-9.5858442],[-35.7409051,-9.5857462],[-35.7408443,-9.5856545],[-35.7407938,-9.5855998],[-35.7407495,-9.5855297],[-35.7407201,-9.5854902],[-35.7407045,-9.5854758],[-35.7406436,-9.5853724],[-35.7405982,-9.5852842],[-35.7405782,-9.5852308],[-35.7405609,-9.585168],[-35.740535,-9.5851158],[-35.7404936,-9.5850583],[-35.740455,-9.585017],[-35.7403883,-9.5849814],[-35.7403435,-9.5849653],[-35.7403104,-9.5849531],[-35.7400756,-9.5849351],[-35.7400888,-9.5848719],[-35.7400911,-9.5848167],[-35.7400958,-9.5847525],[-35.7401064,-9.5846864],[-35.7401274,-9.584628],[-35.7401331,-9.5846121],[-35.7401564,-9.5845685],[-35.7401825,-9.5845295],[-35.7402221,-9.5844641],[-35.7402633,-9.5843834],[-35.7402865,-9.5843231],[-35.7403097,-9.5842629],[-35.7403346,-9.5841976],[-35.740335,-9.5841344],[-35.7403344,-9.5840558],[-35.7403304,-9.5840088],[-35.7403173,-9.5839637],[-35.7402933,-9.5839224],[-35.7402838,-9.5838755],[-35.7402759,-9.5837987],[-35.7402744,-9.5837274],[-35.740272,-9.5836551],[-35.7402733,-9.5835927],[-35.7402855,-9.5835204],[-35.7403197,-9.5834749],[-35.7403693,-9.5834203],[-35.740429,-9.5833729],[-35.7404825,-9.5833372],[-35.7405185,-9.5832872],[-35.7405535,-9.5832228],[-35.7405821,-9.5831557],[-35.7406079,-9.5830914],[-35.7406374,-9.5830216],[-35.7406534,-9.5829763],[-35.7406747,-9.5829065],[-35.7406879,-9.5828423],[-35.7407039,-9.5827979],[-35.7407243,-9.5827327],[-35.7407466,-9.5826792],[-35.7407877,-9.5825786],[-35.7408037,-9.5825306],[-35.740816,-9.5824799],[-35.7408354,-9.5823957],[-35.7408557,-9.5823214],[-35.7408697,-9.5822518],[-35.7408775,-9.5821957],[-35.740888,-9.5821459],[-35.7409056,-9.5820717],[-35.740927,-9.5820137],[-35.7409522,-9.5819755],[-35.7409938,-9.5819463],[-35.7410272,-9.5819126],[-35.7410723,-9.5818617],[-35.7411193,-9.5818143],[-35.7411761,-9.5817497],[-35.741204,-9.5817124],[-35.7412374,-9.5816706],[-35.7412753,-9.5816288],[-35.7413104,-9.5815851],[-35.7413411,-9.5815469],[-35.7413809,-9.5815168],[-35.7414244,-9.5814893],[-35.7414858,-9.5814374],[-35.7415246,-9.5813855],[-35.7415533,-9.581332],[-35.74158,-9.5812613],[-35.7416041,-9.5812033],[-35.7416292,-9.5811552],[-35.7416515,-9.5810963],[-35.7416511,-9.5810466],[-35.7416662,-9.580995],[-35.7416849,-9.5809407],[-35.7416862,-9.5808765],[-35.7416821,-9.580825],[-35.7417017,-9.5807698],[-35.7417152,-9.5807543],[-35.7417541,-9.5807197],[-35.7418028,-9.580666],[-35.74183,-9.5806558],[-35.7418482,-9.5806493],[-35.7418743,-9.5806166],[-35.7419005,-9.5805839],[-35.7419356,-9.5805366],[-35.741968,-9.5804957],[-35.7419996,-9.5804566],[-35.7420165,-9.5804131],[-35.7420426,-9.580375],[-35.7420723,-9.5803323],[-35.7421075,-9.5802913],[-35.7421464,-9.5802594],[-35.7421963,-9.5802391],[-35.7422398,-9.5802126],[-35.7422869,-9.5801833],[-35.7423303,-9.5801486],[-35.7423756,-9.5801202],[-35.7423846,-9.5801139],[-35.7424353,-9.5800773],[-35.7424742,-9.5800472],[-35.7425076,-9.5800162],[-35.7425474,-9.5799843],[-35.7425973,-9.5799559],[-35.7426408,-9.5799374],[-35.7426843,-9.5799145],[-35.7427251,-9.579888],[-35.7427748,-9.5798506],[-35.7428009,-9.5798061],[-35.7428151,-9.5797894],[-35.7428775,-9.579716],[-35.7429045,-9.5796743],[-35.7429451,-9.5796297],[-35.7429876,-9.5795878],[-35.7430392,-9.5795512],[-35.7430863,-9.5795219],[-35.7431288,-9.5794972],[-35.7431705,-9.5794689],[-35.7432148,-9.5794378],[-35.7432205,-9.5794345],[-35.7432683,-9.579403],[-35.7433136,-9.5793801],[-35.7432396,-9.5791187],[-35.743231,-9.5790736],[-35.7432325,-9.5790275],[-35.7432439,-9.5789804],[-35.7432472,-9.5789352],[-35.7432423,-9.5788901],[-35.7432392,-9.5788377],[-35.7432381,-9.5788241],[-35.7432333,-9.5787889],[-35.7432284,-9.578742],[-35.7432271,-9.5786941],[-35.7432404,-9.578647],[-35.7432527,-9.5785963],[-35.7438232,-9.5779828],[-35.7439719,-9.577823],[-35.7440344,-9.5777558],[-35.7442181,-9.5775402],[-35.7446465,-9.5770655],[-35.7452629,-9.5763568],[-35.7454364,-9.5760922],[-35.7456062,-9.5758437],[-35.7457973,-9.575546],[-35.7458408,-9.5754978],[-35.7460101,-9.5752555],[-35.7461225,-9.5750102],[-35.7461841,-9.5748987],[-35.7461975,-9.5748469],[-35.7463552,-9.5745325],[-35.7463637,-9.5745156],[-35.7465044,-9.5745678],[-35.7466346,-9.5745841],[-35.7467021,-9.5745603],[-35.746767,-9.5744829],[-35.7469354,-9.5742184],[-35.7473252,-9.5736388],[-35.7473638,-9.5735863],[-35.7474361,-9.5735003],[-35.7474596,-9.5734723],[-35.7475791,-9.5732926],[-35.7476493,-9.5731826],[-35.7477095,-9.5730883],[-35.7477407,-9.5730664],[-35.7478804,-9.5727945],[-35.7481779,-9.5722252],[-35.7483104,-9.5719368],[-35.7483495,-9.5718683],[-35.7484374,-9.5716647],[-35.7487201,-9.5710569],[-35.7488115,-9.5710789],[-35.7493989,-9.5712267],[-35.7498172,-9.5713441],[-35.7498334,-9.5713476],[-35.7503477,-9.571459],[-35.7504474,-9.5715047],[-35.7513689,-9.5717177],[-35.7514386,-9.5717488],[-35.7515503,-9.5717571],[-35.751597,-9.5717679],[-35.7517989,-9.5718204],[-35.7519579,-9.5718546],[-35.7522414,-9.5719291],[-35.7523547,-9.5717051],[-35.7524002,-9.5716194],[-35.7531119,-9.5721307],[-35.7532972,-9.5722314],[-35.7535381,-9.5723933],[-35.7539111,-9.5726889],[-35.7539662,-9.5727541],[-35.7548122,-9.5733666],[-35.7554232,-9.5738125],[-35.7556539,-9.5739993],[-35.7558657,-9.5741615],[-35.7560702,-9.5743163],[-35.7564544,-9.57458],[-35.756499,-9.5746243],[-35.7569296,-9.574922],[-35.7573455,-9.575233],[-35.7573591,-9.5752432],[-35.7577754,-9.5755557],[-35.7577982,-9.5755722],[-35.7581764,-9.5758466],[-35.7585732,-9.5761361],[-35.7589934,-9.5764269],[-35.759058,-9.5764729],[-35.7592821,-9.576636],[-35.7595672,-9.5768434],[-35.7598762,-9.5770726],[-35.7602012,-9.5773241],[-35.7602866,-9.5774037],[-35.7604421,-9.5775248],[-35.7606097,-9.5776431],[-35.7607071,-9.5777059],[-35.7606648,-9.5777475],[-35.7605798,-9.5778782],[-35.7604362,-9.5780754],[-35.7604066,-9.5781322],[-35.760003,-9.5786537],[-35.7599739,-9.5786974],[-35.7601836,-9.5788105],[-35.7606197,-9.5790278],[-35.7606839,-9.5790628],[-35.7612107,-9.5793337],[-35.7612404,-9.5793618],[-35.7613512,-9.5794255],[-35.7614541,-9.5794754],[-35.7615084,-9.5795187],[-35.7615449,-9.5795178],[-35.7615759,-9.5795286],[-35.7617647,-9.5796196],[-35.7619117,-9.579686],[-35.7621124,-9.5797874],[-35.7623285,-9.5799041],[-35.7624274,-9.5799747],[-35.7625385,-9.5800409],[-35.7626553,-9.5801271],[-35.7626905,-9.5801584],[-35.7627652,-9.5801848],[-35.7627888,-9.5802031],[-35.7628165,-9.5802246],[-35.7629336,-9.5803194],[-35.7630677,-9.5804563],[-35.7631203,-9.5805124],[-35.7631158,-9.58056],[-35.76306,-9.5805944],[-35.7629692,-9.5806774],[-35.7628765,-9.5808059],[-35.7628382,-9.5808598],[-35.7627577,-9.5809731],[-35.7626893,-9.5810755],[-35.7625771,-9.5812436],[-35.7625168,-9.5813427],[-35.7624701,-9.5814154],[-35.7626591,-9.5815652],[-35.762878,-9.5817163],[-35.7632058,-9.5819657],[-35.7633524,-9.5820571],[-35.7635475,-9.5821623],[-35.7636828,-9.5822495],[-35.7638101,-9.5823308],[-35.7639496,-9.5824492],[-35.7638569,-9.5825915],[-35.7636278,-9.582892],[-35.7634435,-9.5831744],[-35.7632742,-9.5833776],[-35.7632423,-9.5834198],[-35.7634029,-9.5835338],[-35.7639762,-9.5839539],[-35.7643825,-9.5842548],[-35.7644291,-9.5843332],[-35.7644377,-9.5844065],[-35.7644398,-9.5844785],[-35.7644418,-9.5845435],[-35.7644437,-9.5846108],[-35.7639038,-9.5853227],[-35.7629778,-9.5865621],[-35.7629654,-9.5865821],[-35.7628843,-9.5867137],[-35.762561,-9.5871465],[-35.7616896,-9.5883129],[-35.7613426,-9.5887773],[-35.7607805,-9.5895297],[-35.7603562,-9.5899192],[-35.7597684,-9.5903842],[-35.759695,-9.5904905],[-35.7596741,-9.5905206],[-35.7594009,-9.5906933],[-35.7583917,-9.5912777],[-35.7577927,-9.5916135],[-35.7577202,-9.5916574],[-35.757586,-9.5917386],[-35.7570641,-9.5920436],[-35.7570396,-9.5920574],[-35.7566645,-9.5922736],[-35.7559241,-9.5926983]]]]}},
{"type":"Feature","properties":{"ibge_code_municipio":"2704302","name":"Petrópolis","code":"2704302031"},"geometry":{"type":"MultiPolygon","coordinates":[[[[-35.7537592,-9.5939451],[-35.7554602,-9.5929644],[-35.7559241,-9.5926983],[-35.7566645,-9.5922736],[-35.7570396,-9.5920574],[-35.7570641,-9.5920436],[-35.757586,-9.5917386],[-35.7577202,-9.5916574],[-35.7577927,-9.5916135],[-35.7578721,-9.5916721],[-35.7580002,-9.5917882],[-35.7584136,-9.5921851],[-35.7586912,-9.5924535],[-35.7588284,-9.5925933],[-35.7588518,-9.5926264],[-35.7590537,-9.5928278],[-35.7597209,-9.5934845],[-35.760207,-9.5939659],[-35.7602577,-9.5940377],[-35.7603789,-9.5941502],[-35.7607052,-9.5944765],[-35.7612317,-9.5949812],[-35.7616309,-9.5953763],[-35.7616752,-9.5954474],[-35.7616852,-9.5955233],[-35.7617032,-9.595539],[-35.7617651,-9.595593],[-35.7619602,-9.5957842],[-35.7622632,-9.5960667],[-35.7622932,-9.5960853],[-35.7624273,-9.5962177],[-35.7624293,-9.5962197],[-35.7628333,-9.5966],[-35.7630842,-9.5968379],[-35.7632795,-9.5970303],[-35.7634101,-9.597159],[-35.7634171,-9.5971659],[-35.7639173,-9.5976434],[-35.7638863,-9.5976785],[-35.763852,-9.5977239],[-35.7638434,-9.5977809],[-35.7638384,-9.597837],[-35.7638443,-9.5978947],[-35.7638156,-9.5979456],[-35.7637896,-9.5979955],[-35.7637928,-9.5980551],[-35.7638033,-9.5981119],[-35.7637727,-9.5981618],[-35.7636205,-9.5982471],[-35.7635717,-9.5982881],[-35.7635274,-9.5983309],[-35.7634667,-9.5983612],[-35.7634243,-9.5984131],[-35.7634193,-9.5984737],[-35.7634647,-9.598529],[-35.7635163,-9.5986454],[-35.7636361,-9.5987141],[-35.7636538,-9.5987654],[-35.7636588,-9.5988223],[-35.7636588,-9.5989352],[-35.763672,-9.5989884],[-35.7636891,-9.599038],[-35.7636963,-9.5990587],[-35.7637294,-9.5991018],[-35.7637725,-9.5991448],[-35.7638192,-9.5991806],[-35.7638543,-9.5992345],[-35.7638556,-9.5992896],[-35.7639114,-9.5993199],[-35.7639769,-9.5993203],[-35.7640343,-9.5993216],[-35.7640954,-9.5993392],[-35.7641557,-9.5993622],[-35.7642214,-9.5993798],[-35.7642762,-9.5993965],[-35.7643227,-9.5994088],[-35.7643747,-9.5994282],[-35.7644276,-9.5994423],[-35.7644725,-9.5994781],[-35.7645148,-9.5995274],[-35.7645597,-9.599565],[-35.7646074,-9.5996107],[-35.7646225,-9.5996657],[-35.7646447,-9.5997161],[-35.7646588,-9.599772],[-35.7646591,-9.5998013],[-35.7646591,-9.599827],[-35.7646652,-9.5998831],[-35.7646975,-9.599937],[-35.7647369,-9.5999756],[-35.7647774,-9.6000204],[-35.7648105,-9.6000644],[-35.7648491,-9.6001084],[-35.7648813,-9.600152],[-35.7649983,-9.600212],[-35.7650486,-9.6002378],[-35.7651115,-9.600249],[-35.7651725,-9.6002485],[-35.765228,-9.6002436],[-35.7652916,-9.6002313],[-35.7653471,-9.6002282],[-35.7655146,-9.600225],[-35.7655736,-9.600211],[-35.7656637,-9.600204],[-35.7657365,-9.6001953],[-35.7658146,-9.6001775],[-35.7658901,-9.6001633],[-35.7659353,-9.6001313],[-35.7659861,-9.6001038],[-35.7660497,-9.6000889],[-35.7662545,-9.6000881],[-35.7663164,-9.600084],[-35.7663727,-9.60007],[-35.7664391,-9.6000686],[-35.7665201,-9.6000625],[-35.7665827,-9.6000367],[-35.7666307,-9.6000056],[-35.766664,-9.5999611],[-35.7667009,-9.599902],[-35.7667228,-9.5998922],[-35.766758,-9.5998763],[-35.7668225,-9.5998613],[-35.766889,-9.5998689],[-35.7669637,-9.5998746],[-35.7670203,-9.5998985],[-35.7671456,-9.5998935],[-35.76721,-9.5998854],[-35.7672746,-9.5998601],[-35.7673304,-9.5998168],[-35.7673907,-9.5997936],[-35.7674292,-9.5998393],[-35.7674584,-9.6000462],[-35.7676702,-9.6001778],[-35.76784,-9.6002013],[-35.7686737,-9.6007542],[-35.7686361,-9.600893],[-35.7680877,-9.6009147],[-35.7680355,-9.6009132],[-35.768009,-9.6009721],[-35.7680082,-9.6010336],[-35.7679787,-9.6010998],[-35.7679418,-9.6011471],[-35.7679021,-9.6011934],[-35.7678963,-9.601264],[-35.767905,-9.6013253],[-35.7679229,-9.6013993],[-35.7679431,-9.601541],[-35.7679763,-9.6015859],[-35.7680201,-9.60169],[-35.7680556,-9.6017404],[-35.7680679,-9.6018206],[-35.7680651,-9.6018725],[-35.7680611,-9.6019385],[-35.7680533,-9.6019945],[-35.7680419,-9.6037176],[-35.7681179,-9.6041063],[-35.7678259,-9.6043635],[-35.7674109,-9.6044933],[-35.7673804,-9.6045477],[-35.7673399,-9.6045977],[-35.7672829,-9.6046589],[-35.7672216,-9.6047234],[-35.7671769,-9.6047726],[-35.7670721,-9.6049143],[-35.7670435,-9.6050266],[-35.7670344,-9.6050867],[-35.7670535,-9.6051305],[-35.7670804,-9.6051636],[-35.767119,-9.6052037],[-35.7671593,-9.6052332],[-35.7672379,-9.6052644],[-35.7672837,-9.6053047],[-35.7673937,-9.6053491],[-35.7674673,-9.6053836],[-35.7674993,-9.6054099],[-35.7675578,-9.6054317],[-35.7676035,-9.605444],[-35.7677128,-9.6054621],[-35.7677742,-9.6055013],[-35.7677899,-9.6055226],[-35.7678716,-9.6056225],[-35.7679166,-9.6056655],[-35.7680719,-9.6057981],[-35.7681971,-9.6058991],[-35.7682385,-9.6059566],[-35.7682308,-9.6060163],[-35.7682455,-9.6061463],[-35.7681535,-9.6061416],[-35.768098,-9.6061411],[-35.768027,-9.606148],[-35.7679717,-9.6061692],[-35.7679349,-9.6062328],[-35.7679089,-9.6062845],[-35.767861,-9.6063282],[-35.7678055,-9.6063287],[-35.767749,-9.6063291],[-35.7677064,-9.6063466],[-35.7676676,-9.606393],[-35.7676242,-9.6064313],[-35.7675755,-9.6064814],[-35.7675404,-9.6065296],[-35.7675253,-9.606583],[-35.7675358,-9.606638],[-35.7675454,-9.6067039],[-35.7675732,-9.6068681],[-35.7676024,-9.6068832],[-35.7675819,-9.6069394],[-35.7675827,-9.6070226],[-35.7675839,-9.6070695],[-35.7675963,-9.6071345],[-35.767572,-9.6071633],[-35.7675527,-9.6072604],[-35.7675177,-9.6073275],[-35.7674844,-9.6073712],[-35.7674485,-9.6074329],[-35.7674226,-9.6075008],[-35.7673903,-9.607558],[-35.7673322,-9.6076211],[-35.7673092,-9.6076978],[-35.7672941,-9.6077739],[-35.7672845,-9.6078661],[-35.7672724,-9.6079429],[-35.7672749,-9.6081412],[-35.7672627,-9.6082068],[-35.7672331,-9.6082604],[-35.7671953,-9.6083131],[-35.7671692,-9.6083594],[-35.7671669,-9.6084114],[-35.7671662,-9.608429],[-35.7671659,-9.6085085],[-35.7671743,-9.6085382],[-35.7671828,-9.6085671],[-35.7671825,-9.6087551],[-35.7671757,-9.6088228],[-35.7671267,-9.6089452],[-35.7671024,-9.6090203],[-35.7670885,-9.6090656],[-35.7670709,-9.6091462],[-35.7670592,-9.6092163],[-35.7670508,-9.6092867],[-35.7670403,-9.6093537],[-35.7670293,-9.6094013],[-35.7670362,-9.60946],[-35.7670604,-9.6095221],[-35.7671182,-9.6095849],[-35.7672418,-9.6096688],[-35.7672966,-9.6096972],[-35.7673569,-9.6097122],[-35.7674156,-9.6097377],[-35.767471,-9.609751],[-35.7675177,-9.6097904],[-35.7675836,-9.6098378],[-35.7676898,-9.6099011],[-35.767741,-9.6099368],[-35.7677888,-9.6099843],[-35.7678465,-9.6100326],[-35.7678779,-9.6100821],[-35.767883,-9.6101498],[-35.7678433,-9.6103064],[-35.7678228,-9.6103671],[-35.7677946,-9.610425],[-35.7677601,-9.6104878],[-35.7677324,-9.6105521],[-35.767689,-9.6106213],[-35.7676519,-9.6106602],[-35.7676116,-9.6107082],[-35.767548,-9.6106985],[-35.7674897,-9.6106911],[-35.7674411,-9.6106731],[-35.7673839,-9.610637],[-35.7673148,-9.6106123],[-35.767233,-9.610617],[-35.7670878,-9.6107175],[-35.7669943,-9.6108123],[-35.7669703,-9.6108852],[-35.7669166,-9.6109963],[-35.7669722,-9.6110819],[-35.7670935,-9.6111651],[-35.7669968,-9.6113296],[-35.7668971,-9.6114508],[-35.7668659,-9.6114862],[-35.7668281,-9.6115243],[-35.7667855,-9.6115708],[-35.7667504,-9.6116147],[-35.7667235,-9.6116516],[-35.7666894,-9.6117106],[-35.7666726,-9.6117963],[-35.7666661,-9.6118617],[-35.7666686,-9.6119832],[-35.766663,-9.6120478],[-35.766678,-9.6121019],[-35.7667066,-9.6121477],[-35.7666707,-9.6122095],[-35.7666328,-9.612245],[-35.7665969,-9.6122046],[-35.7665377,-9.6121961],[-35.7664882,-9.6122333],[-35.7664389,-9.6122502],[-35.7664267,-9.6123189],[-35.7663979,-9.6123598],[-35.7663353,-9.6123838],[-35.7662783,-9.6124276],[-35.7661962,-9.6125132],[-35.7661631,-9.6125939],[-35.7661344,-9.6126451],[-35.7661195,-9.6127144],[-35.7660973,-9.6127787],[-35.7660593,-9.612831],[-35.766016,-9.6128616],[-35.7659736,-9.6129089],[-35.7659284,-9.6129689],[-35.7658779,-9.6130109],[-35.7658318,-9.6130456],[-35.765774,-9.6130625],[-35.7656909,-9.6130693],[-35.7655598,-9.6130694],[-35.7654805,-9.6130556],[-35.7654086,-9.6130589],[-35.7653681,-9.6131207],[-35.7653275,-9.6132755],[-35.7652954,-9.6133598],[-35.7652404,-9.613428],[-35.7651655,-9.6134849],[-35.7651017,-9.6135141],[-35.7650465,-9.6135424],[-35.7650342,-9.6135968],[-35.7650447,-9.6136527],[-35.7650697,-9.6137121],[-35.765083,-9.6137716],[-35.7650708,-9.613861],[-35.7650349,-9.6140178],[-35.7650236,-9.6140775],[-35.7649914,-9.6141482],[-35.7649718,-9.6142107],[-35.7649359,-9.6142634],[-35.7648692,-9.614348],[-35.7648096,-9.6144162],[-35.764715,-9.6145308],[-35.7646944,-9.6145716],[-35.7646839,-9.6146313],[-35.7647037,-9.6146827],[-35.7647213,-9.6147449],[-35.7647226,-9.6147927],[-35.7647181,-9.6148072],[-35.7647012,-9.6148498],[-35.7646233,-9.6148992],[-35.7645775,-9.6149096],[-35.7645321,-9.6149134],[-35.7644877,-9.6149085],[-35.764446,-9.6148985],[-35.7643986,-9.6148835],[-35.7643545,-9.6148743],[-35.7643062,-9.6148693],[-35.7642599,-9.6148769],[-35.7642182,-9.6149025],[-35.7641958,-9.6149442],[-35.7641774,-9.6150374],[-35.7641508,-9.6151271],[-35.7630929,-9.6163543],[-35.7629868,-9.6164049],[-35.7629605,-9.6164087],[-35.7628339,-9.616444],[-35.7627806,-9.6164589],[-35.7627342,-9.6164593],[-35.7626877,-9.6164597],[-35.762452,-9.6164679],[-35.7623965,-9.6164665],[-35.7623418,-9.616457],[-35.762288,-9.6164448],[-35.7622307,-9.6164552],[-35.7621762,-9.6164683],[-35.7621225,-9.6164777],[-35.7620652,-9.6164791],[-35.7620086,-9.6164785],[-35.7619559,-9.6164691],[-35.7619047,-9.6164497],[-35.7618589,-9.6164175],[-35.7618358,-9.6163671],[-35.7617828,-9.6163467],[-35.7617263,-9.6163345],[-35.7616707,-9.6163296],[-35.7616217,-9.6163553],[-35.7614817,-9.6162678],[-35.7614291,-9.6162485],[-35.7613813,-9.6162253],[-35.7613474,-9.6161818],[-35.7613132,-9.6161391],[-35.7612657,-9.6161169],[-35.7612109,-9.6161038],[-35.7611715,-9.616067],[-35.7611393,-9.6160302],[-35.7611189,-9.6159762],[-35.7610857,-9.6159313],[-35.7610807,-9.6158762],[-35.761085,-9.6158382],[-35.7609815,-9.6157704],[-35.7609392,-9.6157359],[-35.7608935,-9.615697],[-35.7608698,-9.6156837],[-35.7608482,-9.6156707],[-35.7607993,-9.6156399],[-35.760759,-9.6156041],[-35.7607258,-9.6155592],[-35.760709,-9.6155105],[-35.7606895,-9.6154565],[-35.7606663,-9.6154052],[-35.7606313,-9.6153594],[-35.7606002,-9.6153111],[-35.7605606,-9.615275],[-35.7605084,-9.6151962],[-35.7604675,-9.6151321],[-35.7604284,-9.6150966],[-35.7603758,-9.6150588],[-35.7603297,-9.6150372],[-35.7602781,-9.615027],[-35.7602289,-9.6150211],[-35.7601878,-9.6150025],[-35.760168,-9.6149894],[-35.7600925,-9.6149399],[-35.7600652,-9.6149294],[-35.7600189,-9.6149052],[-35.7599811,-9.6148794],[-35.7599363,-9.6148626],[-35.7598469,-9.6148308],[-35.7598008,-9.614828],[-35.7597547,-9.6148251],[-35.7597048,-9.6148319],[-35.7596548,-9.6148378],[-35.7595654,-9.6148105],[-35.7595206,-9.6147955],[-35.7594786,-9.6147777],[-35.7594411,-9.6147491],[-35.7594351,-9.6147094],[-35.759433,-9.614657],[-35.759439,-9.61461],[-35.7594866,-9.6145238],[-35.7595061,-9.6144867],[-35.7595331,-9.6144456],[-35.759563,-9.6144084],[-35.7596318,-9.6143424],[-35.7596413,-9.6142967],[-35.7596273,-9.6142534],[-35.7595894,-9.614219],[-35.7595597,-9.6142251],[-35.759523,-9.6142313],[-35.7594956,-9.6142291],[-35.7594477,-9.6142188],[-35.7594004,-9.6142281],[-35.7593644,-9.6142624],[-35.7593486,-9.6143496],[-35.7593402,-9.6143708],[-35.7592937,-9.6144214],[-35.7592447,-9.6144453],[-35.7592111,-9.614487],[-35.7591835,-9.6145298],[-35.7591546,-9.6145631],[-35.7590924,-9.6146381],[-35.7590617,-9.6146717],[-35.759015,-9.6147426],[-35.7589903,-9.6147649],[-35.7589214,-9.6148276],[-35.758864,-9.6148811],[-35.7588188,-9.6149203],[-35.7587379,-9.6149726],[-35.7587128,-9.6149932],[-35.7586604,-9.6150291],[-35.7586164,-9.6150556],[-35.7585634,-9.615076],[-35.7584971,-9.6151027],[-35.7584062,-9.6151266],[-35.7583539,-9.6151368],[-35.7582717,-9.6151515],[-35.7582166,-9.6151547],[-35.7579851,-9.6151664],[-35.7579084,-9.6151764],[-35.7577944,-9.615184],[-35.757637,-9.6151806],[-35.757546,-9.6151855],[-35.7574963,-9.6151946],[-35.7574246,-9.6151998],[-35.7573099,-9.6152007],[-35.7572675,-9.6152021],[-35.7572154,-9.6152083],[-35.7571715,-9.615218],[-35.7570678,-9.6152268],[-35.7569952,-9.6152276],[-35.7569669,-9.6152278],[-35.7569241,-9.6152345],[-35.7568934,-9.615244],[-35.7568504,-9.615269],[-35.7568071,-9.6152851],[-35.7567643,-9.6152841],[-35.7567151,-9.6152759],[-35.7566711,-9.6152982],[-35.7566255,-9.6153105],[-35.7564792,-9.6153172],[-35.7564062,-9.6153243],[-35.7562903,-9.6153438],[-35.7562492,-9.6153404],[-35.7562256,-9.6153325],[-35.7561712,-9.6153136],[-35.7561375,-9.6153008],[-35.7561163,-9.6152902],[-35.7560384,-9.6152497],[-35.7560106,-9.6152454],[-35.7559603,-9.6152375],[-35.7558913,-9.6152248],[-35.7558224,-9.6152198],[-35.7557737,-9.6152228],[-35.7557051,-9.6152334],[-35.7556289,-9.6152377],[-35.7555779,-9.6152476],[-35.7554996,-9.6152844],[-35.7554736,-9.6153118],[-35.7554458,-9.6153601],[-35.7554176,-9.6153995],[-35.7553803,-9.6154293],[-35.755323,-9.6154944],[-35.7552963,-9.615532],[-35.7552626,-9.6155699],[-35.7552372,-9.6156041],[-35.7551908,-9.6156504],[-35.7551449,-9.6157065],[-35.7550992,-9.6157891],[-35.7550698,-9.6158239],[-35.7550429,-9.6158612],[-35.7550155,-9.6159103],[-35.7549979,-9.615957],[-35.7549751,-9.6160062],[-35.7549505,-9.6160495],[-35.7549228,-9.6160858],[-35.7548939,-9.6161307],[-35.753368,-9.6148744],[-35.7529381,-9.6145165],[-35.7529445,-9.6144746],[-35.7529738,-9.6142464],[-35.7529976,-9.6140899],[-35.7530089,-9.6140078],[-35.7529424,-9.6139944],[-35.752783,-9.61396],[-35.7526214,-9.6139235],[-35.7524738,-9.6138897],[-35.752392,-9.6140818],[-35.7521711,-9.6139165],[-35.7519411,-9.6138312],[-35.7518313,-9.6140392],[-35.7517448,-9.6143609],[-35.7517797,-9.6150778],[-35.7517358,-9.6153697],[-35.7516526,-9.6155824],[-35.7516228,-9.6155838],[-35.7514705,-9.6155963],[-35.7512002,-9.6158441],[-35.7511628,-9.6158466],[-35.7510326,-9.6157724],[-35.7509435,-9.6156647],[-35.7509512,-9.6156592],[-35.7509939,-9.6156302],[-35.7511625,-9.6155306],[-35.7513125,-9.6154236],[-35.7514278,-9.6153434],[-35.7515219,-9.6151964],[-35.751538,-9.6151],[-35.7515518,-9.614992],[-35.7515587,-9.6148818],[-35.7515747,-9.6146981],[-35.7515724,-9.6144914],[-35.7515265,-9.6142916],[-35.7514886,-9.6141033],[-35.7513841,-9.6140735],[-35.7512004,-9.6136578],[-35.7515265,-9.613419],[-35.7515674,-9.6133858],[-35.7514048,-9.613194],[-35.7512139,-9.6129574],[-35.751209,-9.6129395],[-35.751258,-9.6128677],[-35.751426,-9.6126638],[-35.7514635,-9.6125969],[-35.7514994,-9.6124289],[-35.7515238,-9.6122278],[-35.7515222,-9.6122062],[-35.7515159,-9.6122072],[-35.7513226,-9.6122325],[-35.7511636,-9.6122343],[-35.7509986,-9.6122189],[-35.7509076,-9.6121761],[-35.7508402,-9.6121368],[-35.7508005,-9.612088],[-35.7507915,-9.6120176],[-35.7507734,-9.6118152],[-35.7507355,-9.6116328],[-35.7506722,-9.6114774],[-35.7504771,-9.6110131],[-35.7504171,-9.6108854],[-35.7498253,-9.6110839],[-35.7497161,-9.6111205],[-35.7495166,-9.6112179],[-35.7493346,-9.6112311],[-35.7492025,-9.6112213],[-35.7489907,-9.6110377],[-35.7489542,-9.6110105],[-35.7488907,-9.6109534],[-35.7489766,-9.6108466],[-35.74901,-9.6107983],[-35.7488565,-9.6108143],[-35.7487418,-9.6108035],[-35.7486702,-9.6107986],[-35.7486142,-9.6108369],[-35.7484387,-9.6109602],[-35.7483483,-9.6110183],[-35.7483111,-9.6110264],[-35.748254,-9.6110463],[-35.748161,-9.6110539],[-35.7478315,-9.6110326],[-35.747809,-9.611032],[-35.7477968,-9.6110311],[-35.7477791,-9.6110308],[-35.7477661,-9.6110305],[-35.7474883,-9.6110291],[-35.7474688,-9.6109687],[-35.7474475,-9.6108894],[-35.7474404,-9.6108634],[-35.7474336,-9.6108409],[-35.7474244,-9.6108087],[-35.7474117,-9.6107457],[-35.747336,-9.6107676],[-35.7472579,-9.6108102],[-35.7471869,-9.6108865],[-35.747136,-9.6109439],[-35.7470857,-9.6109794],[-35.7470556,-9.611003],[-35.747026,-9.6110273],[-35.7470011,-9.6110427],[-35.7469633,-9.6110646],[-35.7469163,-9.6110817],[-35.7468686,-9.6110996],[-35.7467887,-9.61114],[-35.7467162,-9.6111611],[-35.7466735,-9.6111693],[-35.746623,-9.6111767],[-35.7465758,-9.611187],[-35.7464885,-9.6112293],[-35.7464289,-9.6112605],[-35.7463709,-9.6112908],[-35.7462894,-9.6113258],[-35.7462428,-9.6113396],[-35.7461983,-9.6113382],[-35.7461225,-9.6113144],[-35.7459775,-9.6112885],[-35.7459711,-9.611288],[-35.7459387,-9.6114575],[-35.7458244,-9.6114323],[-35.7456679,-9.6113914],[-35.7456691,-9.611323],[-35.7456697,-9.61129],[-35.7456501,-9.6112902],[-35.7456034,-9.6112843],[-35.7455478,-9.6112896],[-35.7455043,-9.6113141],[-35.7454581,-9.611339],[-35.7454037,-9.6113443],[-35.7453173,-9.6113307],[-35.7452227,-9.6113591],[-35.7451399,-9.6113473],[-35.7450558,-9.6112982],[-35.7450156,-9.6112609],[-35.7449393,-9.6112781],[-35.7448653,-9.6113005],[-35.7447867,-9.6113218],[-35.744708,-9.611352],[-35.7446595,-9.6113656],[-35.744634,-9.6113757],[-35.7446115,-9.6113804],[-35.744582,-9.6113893],[-35.7444996,-9.6113902],[-35.7444571,-9.6113837],[-35.7444257,-9.6113827],[-35.7444045,-9.6115324],[-35.7443837,-9.6115976],[-35.7443565,-9.6116665],[-35.7443197,-9.6117408],[-35.7442859,-9.6117831],[-35.7441608,-9.6118284],[-35.7441186,-9.6118278],[-35.744054,-9.6118],[-35.7440195,-9.6117372],[-35.7440087,-9.6116749],[-35.7440076,-9.6116448],[-35.7440046,-9.6116218],[-35.744036,-9.6115838],[-35.7440571,-9.6115494],[-35.7440777,-9.6115216],[-35.7441122,-9.6112552],[-35.7441208,-9.6111071],[-35.7441332,-9.6110263],[-35.7441229,-9.6109461],[-35.7441153,-9.6108481],[-35.7440918,-9.6107576],[-35.7440679,-9.6107203],[-35.7440241,-9.6106657],[-35.7440103,-9.6106187],[-35.744022,-9.6105766],[-35.7440358,-9.6105372],[-35.7440324,-9.6104903],[-35.7440155,-9.6103545],[-35.7440082,-9.6102551],[-35.7439999,-9.6101872],[-35.743872,-9.6101245],[-35.7439118,-9.6100126],[-35.7440787,-9.6100235],[-35.7440828,-9.6099525],[-35.7440838,-9.6098671],[-35.7440999,-9.6098246],[-35.7441263,-9.6098013],[-35.7441419,-9.6097759],[-35.7441299,-9.6097282],[-35.744117,-9.6096106],[-35.7440973,-9.6095262],[-35.7440818,-9.6094961],[-35.7440755,-9.6093967],[-35.7440662,-9.6093055],[-35.744032,-9.6092361],[-35.7440403,-9.6091553],[-35.744061,-9.6090703],[-35.7441004,-9.6090299],[-35.7441377,-9.6089843],[-35.7441325,-9.6088938],[-35.7441316,-9.6088782],[-35.7441282,-9.6088583],[-35.7441233,-9.6088331],[-35.7441222,-9.6088285],[-35.7441036,-9.6087803],[-35.7441102,-9.6087182],[-35.7441589,-9.6086669],[-35.7441646,-9.6086475],[-35.7441588,-9.6086024],[-35.7441502,-9.6085582],[-35.7441389,-9.608514],[-35.7441213,-9.6084726],[-35.7441001,-9.608433],[-35.7440761,-9.6083943],[-35.7440539,-9.6083547],[-35.744036,-9.6083213],[-35.7440326,-9.6083151],[-35.7440069,-9.6082774],[-35.7439874,-9.6082369],[-35.7439809,-9.6082207],[-35.7439642,-9.6081784],[-35.7439345,-9.6081126],[-35.7439169,-9.6080703],[-35.7439065,-9.608027],[-35.7438989,-9.6079819],[-35.7438947,-9.6079553],[-35.7438799,-9.6078935],[-35.7438759,-9.6078493],[-35.7438774,-9.6078041],[-35.7438896,-9.6077408],[-35.743894,-9.6077154],[-35.7438647,-9.6075837],[-35.74387,-9.6074495],[-35.743882,-9.6073595],[-35.7438853,-9.6073143],[-35.7438877,-9.6072692],[-35.7438885,-9.6072646],[-35.7439071,-9.6070865],[-35.7439525,-9.6069587],[-35.7439622,-9.6069144],[-35.7439627,-9.6068692],[-35.7439424,-9.6068296],[-35.7439353,-9.606795],[-35.7439411,-9.6067663],[-35.743956,-9.6067359],[-35.7439724,-9.6066924],[-35.7440124,-9.6065923],[-35.744033,-9.6065524],[-35.74405,-9.6065107],[-35.7440697,-9.6064699],[-35.744116,-9.6063422],[-35.7441293,-9.6062996],[-35.7441389,-9.6062552],[-35.7441468,-9.6062109],[-35.7441494,-9.6061834],[-35.7441584,-9.6060753],[-35.7441681,-9.6060318],[-35.744175,-9.6059866],[-35.744181,-9.6059423],[-35.7441842,-9.6059331],[-35.7441905,-9.6059157],[-35.7441805,-9.6059089],[-35.7440799,-9.6058543],[-35.7440642,-9.6058486],[-35.7440386,-9.6058321],[-35.7439128,-9.605656],[-35.7437582,-9.6054397],[-35.7430643,-9.6049574],[-35.7430412,-9.6049233],[-35.7429842,-9.6048394],[-35.7429611,-9.6048053],[-35.7429383,-9.6047717],[-35.7430609,-9.6046985],[-35.7433269,-9.6045568],[-35.7436624,-9.6043979],[-35.7440653,-9.6042356],[-35.7447885,-9.6039524],[-35.7454764,-9.6036925],[-35.745803,-9.6035599],[-35.7467886,-9.6031596],[-35.7471318,-9.6029415],[-35.7473634,-9.6027445],[-35.7475003,-9.6025993],[-35.7476608,-9.6023721],[-35.7478944,-9.6020136],[-35.7483357,-9.601288],[-35.7489068,-9.6004215],[-35.7489534,-9.6003322],[-35.7489714,-9.6002928],[-35.7489824,-9.6002688],[-35.7490369,-9.6001659],[-35.7492208,-9.5998501],[-35.7492562,-9.5997895],[-35.7492986,-9.5997202],[-35.7499248,-9.5987573],[-35.7503473,-9.5980781],[-35.7506758,-9.597397],[-35.7509183,-9.596835],[-35.7512183,-9.596215],[-35.7514298,-9.5958798],[-35.751696,-9.595523],[-35.7519709,-9.5952156],[-35.7521488,-9.5950362],[-35.7524308,-9.5947909],[-35.7527358,-9.5945608],[-35.7529829,-9.5943926],[-35.7537592,-9.5939451]],[[-35.7458076,-9.6084377],[-35.7457847,-9.6084219],[-35.745745,-9.6083969],[-35.7456273,-9.6083226],[-35.7458076,-9.6084377]]]]}},
{"type":"Feature","properties":{"ibge_code_municipio":"2704302","name":"Pescaria","code":"2704302030"},"geometry":{"type":"MultiPolygon","coordinates":[[[[-35.6321166,-9.5503159],[-35.6320918,-9.5503518],[-35.6320846,-9.5503636],[-35.6320686,-9.5503897],[-35.6320585,-9.5504062],[-35.6320306,-9.5504444],[-35.6319926,-9.5504781],[-35.6319611,-9.550519],[-35.6319286,-9.5505563],[-35.6318743,-9.5506019],[-35.6317848,-9.5506721],[-35.6317404,-9.5507032],[-35.6316879,-9.5507461],[-35.6316554,-9.5507779],[-35.631542,-9.5508759],[-35.6315026,-9.5509101],[-35.6314563,-9.5509367],[-35.6314174,-9.5509614],[-35.6313794,-9.5509878],[-35.6313404,-9.5510116],[-35.6312914,-9.5510292],[-35.6312442,-9.5510512],[-35.6312208,-9.5510893],[-35.6312158,-9.5511382],[-35.6312089,-9.5511897],[-35.6311892,-9.5512414],[-35.6311343,-9.5513249],[-35.6310899,-9.5513451],[-35.6310445,-9.5513545],[-35.6309962,-9.5513558],[-35.630948,-9.5513643],[-35.6309025,-9.5513574],[-35.630804,-9.5513337],[-35.6307048,-9.5513363],[-35.6306485,-9.551353],[-35.6306004,-9.5513714],[-35.6305559,-9.5513925],[-35.6305024,-9.5514228],[-35.6304679,-9.5514339],[-35.6304334,-9.551445],[-35.6303096,-9.5514486],[-35.6301974,-9.5514088],[-35.6301195,-9.5513443],[-35.63003,-9.5511923],[-35.6299515,-9.5510411],[-35.6298624,-9.5509415],[-35.6297198,-9.5508603],[-35.6296174,-9.5506858],[-35.6293824,-9.5505503],[-35.6287557,-9.5506137],[-35.6281993,-9.5505881],[-35.6279333,-9.5504428],[-35.6277603,-9.5502038],[-35.6275354,-9.5501874],[-35.6273108,-9.5502244],[-35.6271459,-9.5503259],[-35.6269979,-9.550374],[-35.6268349,-9.5503591],[-35.6265823,-9.5501892],[-35.6264314,-9.5500025],[-35.6262875,-9.5496963],[-35.626015,-9.5492257],[-35.6257169,-9.5489289],[-35.6254859,-9.5488367],[-35.6252239,-9.5486218],[-35.6245236,-9.548469],[-35.6240219,-9.548452],[-35.6236018,-9.548391],[-35.6231151,-9.5481949],[-35.6228234,-9.5480273],[-35.6226146,-9.5477469],[-35.6225201,-9.5474115],[-35.6223471,-9.5471661],[-35.6221862,-9.5470797],[-35.62192,-9.5470175],[-35.6213282,-9.5470039],[-35.6211879,-9.5469942],[-35.6210495,-9.5469572],[-35.6209036,-9.5469547],[-35.6208027,-9.546979],[-35.6206848,-9.5470332],[-35.6205975,-9.5471685],[-35.6205095,-9.5473218],[-35.6202444,-9.5473021],[-35.6195397,-9.5473969],[-35.6188929,-9.5473421],[-35.6184112,-9.5470783],[-35.6178231,-9.5467105],[-35.6175491,-9.5462363],[-35.6175287,-9.5456004],[-35.6176757,-9.5451827],[-35.6179587,-9.5449276],[-35.6182122,-9.5446284],[-35.6184684,-9.5428861],[-35.6186046,-9.5423656],[-35.618781,-9.5418727],[-35.6196239,-9.5410401],[-35.6197465,-9.5405119],[-35.6196763,-9.5400075],[-35.6194228,-9.5393685],[-35.6192242,-9.5389978],[-35.6190929,-9.538846],[-35.6185958,-9.538716],[-35.6181322,-9.5389129],[-35.6178645,-9.5392718],[-35.6173449,-9.5395024],[-35.6168913,-9.5394879],[-35.6165435,-9.5392375],[-35.6163157,-9.5390151],[-35.6160592,-9.5386457],[-35.6158294,-9.5381116],[-35.6155096,-9.5377146],[-35.6149967,-9.5371772],[-35.6147372,-9.5368123],[-35.6146777,-9.5363192],[-35.6147111,-9.5358798],[-35.6149263,-9.5354169],[-35.6151921,-9.5349981],[-35.6155899,-9.5344073],[-35.6156897,-9.5340004],[-35.61574,-9.5334166],[-35.6158164,-9.5329431],[-35.6159238,-9.5327399],[-35.6159348,-9.5327191],[-35.6159528,-9.5327011],[-35.6159696,-9.5326844],[-35.6159955,-9.5326585],[-35.6160288,-9.5326172],[-35.6160547,-9.5325994],[-35.6162104,-9.5324441],[-35.6168092,-9.5323059],[-35.6177402,-9.5322835],[-35.6190027,-9.5325126],[-35.6193341,-9.5326438],[-35.6196953,-9.5328643],[-35.6201924,-9.5329943],[-35.6232776,-9.5340951],[-35.6242704,-9.5344148],[-35.6247659,-9.5344553],[-35.6251858,-9.534378],[-35.6264427,-9.5338779],[-35.6275224,-9.5332924],[-35.629212,-9.5325059],[-35.6292841,-9.5325587],[-35.6299481,-9.5330455],[-35.6301619,-9.5331388],[-35.6305271,-9.5332923],[-35.6310333,-9.5335325],[-35.6312982,-9.5336597],[-35.631703,-9.5338635],[-35.6322194,-9.5341388],[-35.6326218,-9.5343743],[-35.6328083,-9.5344859],[-35.6335557,-9.5349636],[-35.6341065,-9.535339],[-35.6343572,-9.5355052],[-35.634614,-9.5356406],[-35.636029,-9.5363997],[-35.6365225,-9.5366652],[-35.6371233,-9.5370203],[-35.6377755,-9.5374301],[-35.6382569,-9.5377671],[-35.6389526,-9.5382696],[-35.6396022,-9.5388195],[-35.6400319,-9.5391786],[-35.6424359,-9.5410271],[-35.6423891,-9.5410248],[-35.6422459,-9.5409888],[-35.6421582,-9.5409479],[-35.6421099,-9.540941],[-35.6420188,-9.5409327],[-35.6419732,-9.5409213],[-35.6419349,-9.5409117],[-35.6418411,-9.5408961],[-35.6417475,-9.5409266],[-35.6417086,-9.5409504],[-35.6416238,-9.5409858],[-35.6415938,-9.5409984],[-35.6414839,-9.5410859],[-35.6414189,-9.5411586],[-35.6413648,-9.5412365],[-35.6413388,-9.541274],[-35.6413184,-9.5413144],[-35.6412948,-9.5413611],[-35.6412454,-9.5414455],[-35.6412331,-9.5414905],[-35.6412179,-9.5415397],[-35.6412074,-9.5415885],[-35.6411954,-9.5416349],[-35.6411835,-9.5416809],[-35.6411661,-9.5417312],[-35.6411497,-9.5417787],[-35.6411184,-9.5418558],[-35.641087,-9.5419156],[-35.6410728,-9.5419582],[-35.6410495,-9.5420063],[-35.6410334,-9.5420525],[-35.6410119,-9.5420951],[-35.6409914,-9.5421431],[-35.6409763,-9.5421902],[-35.6409566,-9.5422401],[-35.6409362,-9.5423062],[-35.6409293,-9.5423641],[-35.6409188,-9.5424121],[-35.6409019,-9.5424646],[-35.640896,-9.5425234],[-35.6408891,-9.5425713],[-35.640874,-9.5426274],[-35.6408447,-9.5427216],[-35.6408188,-9.5427878],[-35.6407893,-9.5428549],[-35.6407506,-9.5429544],[-35.640734,-9.5429972],[-35.640716,-9.5430504],[-35.6407001,-9.5430968],[-35.6406824,-9.5431584],[-35.6406701,-9.5432154],[-35.640656,-9.5432688],[-35.6406308,-9.5433124],[-35.6406075,-9.5433587],[-35.6405952,-9.5434121],[-35.6405939,-9.543478],[-35.6405933,-9.5435114],[-35.6405925,-9.5435575],[-35.6405916,-9.5436064],[-35.6405906,-9.5436596],[-35.6405897,-9.5437057],[-35.6405887,-9.54376],[-35.64059,-9.5438088],[-35.6405888,-9.5438548],[-35.6405874,-9.5439045],[-35.6405862,-9.5439515],[-35.6405844,-9.5440184],[-35.6405775,-9.5440745],[-35.6405616,-9.5441306],[-35.6405464,-9.5441741],[-35.6405258,-9.5442231],[-35.6405037,-9.5442757],[-35.6404821,-9.5443273],[-35.6404695,-9.5443535],[-35.6404525,-9.544389],[-35.640422,-9.544448],[-35.6403703,-9.5444763],[-35.640325,-9.5445029],[-35.640277,-9.5445286],[-35.6402262,-9.5445543],[-35.6401626,-9.5445737],[-35.6401127,-9.5445931],[-35.6400691,-9.5446026],[-35.6400009,-9.5446174],[-35.63994,-9.5446287],[-35.6398782,-9.5446337],[-35.6398144,-9.544627],[-35.6397626,-9.5446364],[-35.6397108,-9.5446503],[-35.6396582,-9.5446751],[-35.6396165,-9.5447016],[-35.6395739,-9.5447237],[-35.6395204,-9.5447475],[-35.6394742,-9.5447804],[-35.639419,-9.5448152],[-35.639371,-9.5448481],[-35.6393348,-9.5448809],[-35.6392964,-9.5449032],[-35.6392415,-9.5449349],[-35.6391889,-9.5449642],[-35.639139,-9.5449899],[-35.6390891,-9.5450047],[-35.6390265,-9.5450332],[-35.6389802,-9.5450534],[-35.6389248,-9.5450715],[-35.6388706,-9.5450893],[-35.6388238,-9.5451045],[-35.6387769,-9.5451199],[-35.6387161,-9.5451398],[-35.6386606,-9.545158],[-35.6386116,-9.5451714],[-35.6385589,-9.5451858],[-35.6385026,-9.5452034],[-35.6384563,-9.5452228],[-35.6384082,-9.5452394],[-35.6383547,-9.5452517],[-35.6383355,-9.5452562],[-35.6382912,-9.5452981],[-35.638244,-9.5453165],[-35.6381877,-9.5453323],[-35.6381418,-9.5453486],[-35.6380815,-9.5453702],[-35.6379906,-9.5453862],[-35.637934,-9.545374],[-35.6378748,-9.5453672],[-35.6377884,-9.5453706],[-35.6377441,-9.5454134],[-35.6376696,-9.5454284],[-35.6376158,-9.5454288],[-35.637566,-9.5454572],[-35.6375014,-9.5454559],[-35.6374531,-9.5454563],[-35.637293,-9.5454692],[-35.6372417,-9.5454705],[-35.6371965,-9.5454681],[-35.6371343,-9.5454289],[-35.6370878,-9.5454238],[-35.6370413,-9.5454088],[-35.6369938,-9.5453875],[-35.6369527,-9.545367],[-35.6368996,-9.5453462],[-35.6368577,-9.5453279],[-35.6367968,-9.5453356],[-35.6367485,-9.5453333],[-35.6366928,-9.545312],[-35.6366389,-9.5452889],[-35.6365925,-9.5452839],[-35.6365416,-9.5452915],[-35.6364924,-9.5452937],[-35.6364361,-9.5453086],[-35.6363852,-9.5453171],[-35.6363417,-9.5453427],[-35.6363,-9.5453611],[-35.6362372,-9.5453688],[-35.6362093,-9.545407],[-35.6361768,-9.5454388],[-35.6361282,-9.5454867],[-35.6360954,-9.545519],[-35.6360464,-9.5455347],[-35.6360079,-9.5456208],[-35.6360056,-9.5456696],[-35.635996,-9.5457275],[-35.6359846,-9.5457764],[-35.6359831,-9.545827],[-35.6359872,-9.545883],[-35.6360021,-9.5459317],[-35.6360492,-9.5460217],[-35.6360615,-9.5460722],[-35.6360828,-9.5461181],[-35.6360977,-9.5461668],[-35.6361309,-9.5462162],[-35.6361757,-9.5462511],[-35.6362213,-9.5462607],[-35.6362696,-9.546264],[-35.6363098,-9.5462863],[-35.6363419,-9.5463195],[-35.6363713,-9.5463545],[-35.636445,-9.5464687],[-35.6364718,-9.54652],[-35.6364868,-9.5465687],[-35.6364981,-9.5466174],[-35.6365139,-9.5466606],[-35.6365414,-9.5466952],[-35.636569,-9.5467298],[-35.6366142,-9.5468098],[-35.6366392,-9.5468539],[-35.6366487,-9.5469072],[-35.6366691,-9.546963],[-35.6366744,-9.5470579],[-35.6366584,-9.5471131],[-35.6366534,-9.5471628],[-35.6366373,-9.5472054],[-35.6366112,-9.5472454],[-35.6366097,-9.5472906],[-35.6365846,-9.5473332],[-35.6365614,-9.547393],[-35.636501,-9.5474952],[-35.6364706,-9.5475464],[-35.6364555,-9.5475899],[-35.6364404,-9.547647],[-35.6364052,-9.5476761],[-35.6363645,-9.5477117],[-35.6363293,-9.5477526],[-35.6362959,-9.5477962],[-35.6362228,-9.5478745],[-35.6361803,-9.547911],[-35.6361406,-9.5479619],[-35.6361383,-9.5480161],[-35.6361269,-9.5480686],[-35.6361136,-9.5481175],[-35.6360967,-9.5481619],[-35.6360661,-9.5481998],[-35.6360029,-9.5482783],[-35.6359712,-9.5483119],[-35.6359289,-9.5483638],[-35.6358873,-9.5483884],[-35.6358428,-9.5484069],[-35.6358075,-9.5484379],[-35.6357778,-9.5484797],[-35.635748,-9.548516],[-35.6357035,-9.5485317],[-35.6356592,-9.5485646],[-35.6356481,-9.5485999],[-35.635637,-9.5486352],[-35.6356001,-9.5486888],[-35.6355504,-9.5487243],[-35.6355195,-9.5487464],[-35.635475,-9.5487584],[-35.6354169,-9.5487878],[-35.6353251,-9.5488066],[-35.63525,-9.5488278],[-35.6351934,-9.5488437],[-35.6351463,-9.5488639],[-35.6350921,-9.5488899],[-35.6350447,-9.5489126],[-35.6349979,-9.5489371],[-35.6349449,-9.5489649],[-35.6348969,-9.5489914],[-35.6348052,-9.5490406],[-35.6347636,-9.5490629],[-35.6347192,-9.5490831],[-35.6346303,-9.5491272],[-35.6345879,-9.5491446],[-35.6345715,-9.5491516],[-35.6345387,-9.5491658],[-35.6344887,-9.5491825],[-35.6344443,-9.5492],[-35.6343926,-9.5492266],[-35.6343473,-9.5492467],[-35.6343015,-9.5492717],[-35.6342113,-9.549321],[-35.6341769,-9.549352],[-35.6341278,-9.5493641],[-35.6340815,-9.5493771],[-35.6340472,-9.5494099],[-35.6340166,-9.5494562],[-35.6339814,-9.5494962],[-35.6339316,-9.5495282],[-35.6338871,-9.5495475],[-35.6337928,-9.5495961],[-35.6336812,-9.5496404],[-35.6336331,-9.5496633],[-35.6335869,-9.5496881],[-35.633547,-9.5497137],[-35.6334999,-9.5497357],[-35.6334554,-9.5497595],[-35.6334128,-9.5497793],[-35.6333624,-9.5498027],[-35.6333148,-9.5498248],[-35.6332649,-9.5498432],[-35.6332205,-9.5498688],[-35.6331325,-9.5499038],[-35.6330418,-9.5499515],[-35.6330038,-9.5499762],[-35.6329585,-9.5500091],[-35.6329196,-9.5500356],[-35.632865,-9.5500486],[-35.632816,-9.5500626],[-35.6327687,-9.5500742],[-35.6327215,-9.5500859],[-35.6326588,-9.5500981],[-35.6326116,-9.5501138],[-35.6325643,-9.5501223],[-35.6325189,-9.5501317],[-35.6324699,-9.55016],[-35.63241,-9.5501804],[-35.6323491,-9.5501953],[-35.6322918,-9.5501975],[-35.6322473,-9.5502114],[-35.6322056,-9.5502325],[-35.6321703,-9.5502586],[-35.6321585,-9.5502673],[-35.6321413,-9.55028],[-35.6321166,-9.5503159]]]]}},
{"type":"Feature","properties":{"ibge_code_municipio":"2704302","name":"Riacho Doce","code":"2704302040"},"geometry":{"type":"MultiPolygon","coordinates":[[[[-35.6609565,-9.5579879],[-35.660979,-9.558008],[-35.6612499,-9.5582484],[-35.6618858,-9.5588949],[-35.6626131,-9.5597107],[-35.6634097,-9.5607798],[-35.6660211,-9.5645918],[-35.6662461,-9.5649569],[-35.6665868,-9.5654557],[-35.6665206,-9.5654915],[-35.666538,-9.5659374],[-35.6665388,-9.5659567],[-35.6665832,-9.5659301],[-35.6666314,-9.565927],[-35.6667241,-9.5659074],[-35.666814,-9.5658723],[-35.6668964,-9.5658229],[-35.6669299,-9.5657919],[-35.6670264,-9.5656792],[-35.6672286,-9.5654571],[-35.6673297,-9.5653561],[-35.6674428,-9.5652639],[-35.6675898,-9.5650884],[-35.6676599,-9.5649659],[-35.6676796,-9.5649242],[-35.6677633,-9.5648079],[-35.6678865,-9.5647247],[-35.6679391,-9.5646972],[-35.6679743,-9.5646689],[-35.6679876,-9.5646218],[-35.6679805,-9.5645225],[-35.6680034,-9.5644311],[-35.6680952,-9.5644114],[-35.6681944,-9.5644034],[-35.6684047,-9.5642943],[-35.6684191,-9.564155],[-35.668454,-9.5640698],[-35.6685364,-9.5640231],[-35.6688892,-9.5638568],[-35.6689534,-9.5637967],[-35.6691008,-9.5637902],[-35.669313,-9.5636873],[-35.6693585,-9.5636861],[-35.6694199,-9.5636151],[-35.6694769,-9.5635767],[-35.6695304,-9.5635393],[-35.66957,-9.5634893],[-35.6696079,-9.5634474],[-35.6696356,-9.5633795],[-35.6696342,-9.5633099],[-35.6695935,-9.5632343],[-35.669573,-9.5631658],[-35.6695821,-9.5630546],[-35.6695917,-9.563003],[-35.6696231,-9.562944],[-35.6696591,-9.5628841],[-35.6697737,-9.5627567],[-35.6698123,-9.5626959],[-35.6698667,-9.5626603],[-35.6699322,-9.5626525],[-35.6700277,-9.562641],[-35.6701148,-9.562615],[-35.6701748,-9.5625983],[-35.670242,-9.5625742],[-35.6703,-9.5625386],[-35.6703506,-9.5624939],[-35.6703655,-9.5624251],[-35.6703859,-9.5623572],[-35.6704611,-9.5623033],[-35.6705237,-9.5622757],[-35.6705824,-9.5622174],[-35.6706266,-9.5621674],[-35.6707232,-9.5620709],[-35.6708127,-9.5619889],[-35.6709683,-9.5618594],[-35.6709967,-9.5618328],[-35.6710361,-9.5617958],[-35.6710577,-9.5617756],[-35.6710876,-9.5617555],[-35.6711175,-9.5617354],[-35.6712098,-9.5616642],[-35.671274,-9.5616058],[-35.6713437,-9.5615529],[-35.6714478,-9.5614807],[-35.6715203,-9.5614359],[-35.6715664,-9.5614012],[-35.671627,-9.5613519],[-35.6716858,-9.5613072],[-35.6717718,-9.5612406],[-35.6719065,-9.5611167],[-35.6719562,-9.5610756],[-35.6719878,-9.5610429],[-35.6720258,-9.5610137],[-35.6720819,-9.5609671],[-35.6721226,-9.5609307],[-35.672228,-9.5607962],[-35.6722633,-9.5607634],[-35.6723318,-9.5606761],[-35.6723515,-9.5606308],[-35.6723757,-9.5605926],[-35.6724402,-9.5605695],[-35.6725154,-9.5605283],[-35.6725926,-9.560506],[-35.6726343,-9.5604858],[-35.6726806,-9.5604692],[-35.6727531,-9.5604289],[-35.6728772,-9.5603484],[-35.6728969,-9.5603004],[-35.672922,-9.5602595],[-35.6729663,-9.5602104],[-35.6730322,-9.5601421],[-35.6730702,-9.5601165],[-35.6731377,-9.5601323],[-35.6732254,-9.5601687],[-35.6732981,-9.5601618],[-35.6734159,-9.5602051],[-35.6734834,-9.5602164],[-35.6735372,-9.5602295],[-35.6735919,-9.5602472],[-35.6737105,-9.5602733],[-35.673787,-9.5602872],[-35.6738608,-9.5602903],[-35.6739501,-9.5602977],[-35.6739975,-9.5603145],[-35.6740451,-9.5603376],[-35.6741025,-9.5603498],[-35.6741598,-9.5603476],[-35.6742674,-9.5603621],[-35.6743738,-9.5603595],[-35.6744502,-9.5603463],[-35.6744966,-9.5603423],[-35.6745857,-9.5603308],[-35.6746467,-9.560333],[-35.6747022,-9.5603208],[-35.6747833,-9.5603392],[-35.67488,-9.5603655],[-35.6750269,-9.5604033],[-35.6750888,-9.5604028],[-35.6751323,-9.5603799],[-35.6752085,-9.5603486],[-35.6752885,-9.5603353],[-35.6753495,-9.5603357],[-35.6754462,-9.5603567],[-35.6755092,-9.5603842],[-35.675624,-9.5603942],[-35.6757225,-9.5604277],[-35.6757819,-9.5604553],[-35.6758652,-9.5605079],[-35.6759498,-9.5606202],[-35.6759909,-9.5606416],[-35.6760365,-9.560653],[-35.676084,-9.5606698],[-35.676178,-9.5606935],[-35.6762353,-9.5606957],[-35.6763099,-9.5606825],[-35.6763924,-9.5606385],[-35.6764368,-9.5606228],[-35.6765077,-9.5605988],[-35.6765585,-9.5605812],[-35.6766439,-9.560567],[-35.6768105,-9.560563],[-35.6768959,-9.5605434],[-35.6769861,-9.5605517],[-35.6770299,-9.5605704],[-35.6770648,-9.5606035],[-35.6771326,-9.5606644],[-35.67718,-9.5606713],[-35.6772302,-9.5606827],[-35.6773185,-9.5606865],[-35.6773804,-9.5606842],[-35.6774734,-9.5607088],[-35.677549,-9.5607136],[-35.6775944,-9.5606988],[-35.6776323,-9.5606488],[-35.6776271,-9.5605685],[-35.6776596,-9.5605357],[-35.6777262,-9.5605487],[-35.6777386,-9.5606318],[-35.6777944,-9.5606593],[-35.6778462,-9.5606544],[-35.6779271,-9.5606348],[-35.678007,-9.560608],[-35.6780668,-9.5605678],[-35.6781142,-9.5605864],[-35.6781545,-9.5606168],[-35.6782357,-9.560637],[-35.6783121,-9.5606228],[-35.6783711,-9.5606079],[-35.6784357,-9.5606047],[-35.6785066,-9.5605852],[-35.6785784,-9.5605801],[-35.6786777,-9.5605866],[-35.6787321,-9.56056],[-35.67877,-9.560519],[-35.6788051,-9.5604672],[-35.678867,-9.5604577],[-35.6789262,-9.5604663],[-35.6789983,-9.5604865],[-35.6791031,-9.5605047],[-35.6793366,-9.5605625],[-35.6793759,-9.5605848],[-35.6794266,-9.5606621],[-35.6795026,-9.5607185],[-35.6795601,-9.5607415],[-35.6796321,-9.5607527],[-35.6796872,-9.5608236],[-35.6796586,-9.5608754],[-35.6796502,-9.5609766],[-35.6796274,-9.561087],[-35.6798475,-9.5616329],[-35.6798868,-9.5616534],[-35.6799287,-9.5616558],[-35.6800873,-9.5615696],[-35.6801281,-9.5615503],[-35.6801726,-9.5615409],[-35.6802181,-9.561537],[-35.6802636,-9.5615357],[-35.6803091,-9.5615372],[-35.680352,-9.5615495],[-35.6803922,-9.56157],[-35.6804261,-9.5615995],[-35.6804601,-9.5616318],[-35.6805225,-9.5616964],[-35.6805537,-9.5617286],[-35.6806419,-9.5618292],[-35.6806642,-9.5618949],[-35.6806055,-9.5619469],[-35.6805501,-9.561969],[-35.680504,-9.5620073],[-35.680477,-9.5620437],[-35.6804563,-9.5620736],[-35.680415,-9.5621535],[-35.6803847,-9.5622359],[-35.6803708,-9.5623164],[-35.6803732,-9.5623941],[-35.680392,-9.5624699],[-35.6804106,-9.5625149],[-35.6804437,-9.5625589],[-35.6804939,-9.5625757],[-35.6806795,-9.5625598],[-35.6811558,-9.5625914],[-35.6812469,-9.5626024],[-35.6813254,-9.5626235],[-35.6813656,-9.5626467],[-35.6814151,-9.5626951],[-35.6815042,-9.5627938],[-35.6815715,-9.562899],[-35.6816343,-9.5630214],[-35.6816954,-9.5631483],[-35.6817272,-9.5632547],[-35.6817397,-9.5633341],[-35.6817548,-9.5634045],[-35.68175,-9.5634922],[-35.681737,-9.5635772],[-35.6817186,-9.563665],[-35.6816972,-9.5637284],[-35.681696,-9.5638025],[-35.6819534,-9.5644641],[-35.6824687,-9.5658774],[-35.6824794,-9.5659749],[-35.6824962,-9.5659856],[-35.6823553,-9.5661967],[-35.6823303,-9.5662461],[-35.6822079,-9.566528],[-35.6821327,-9.5666083],[-35.6820256,-9.5668223],[-35.6819653,-9.5669235],[-35.6819163,-9.5669809],[-35.681874,-9.567023],[-35.6817889,-9.567098],[-35.6816144,-9.5672076],[-35.6814485,-9.5672931],[-35.681388,-9.5673421],[-35.6810427,-9.5677394],[-35.6808353,-9.5678515],[-35.6807408,-9.5679017],[-35.680633,-9.5679497],[-35.6805218,-9.5680453],[-35.6804731,-9.5681275],[-35.6804479,-9.5683137],[-35.6804125,-9.5683806],[-35.6803339,-9.5685402],[-35.6802472,-9.5687507],[-35.6800331,-9.5693523],[-35.679915,-9.5695473],[-35.6798417,-9.5696511],[-35.679602,-9.5698834],[-35.6795095,-9.5699474],[-35.6793301,-9.5700489],[-35.6791859,-9.5701543],[-35.6790892,-9.5703207],[-35.6790651,-9.5704277],[-35.6790319,-9.5706655],[-35.6789757,-9.5709185],[-35.6789373,-9.5710417],[-35.6788374,-9.5711661],[-35.6787375,-9.5712406],[-35.6786087,-9.5712932],[-35.6784776,-9.571304],[-35.6782854,-9.5713605],[-35.6781435,-9.571477],[-35.6780526,-9.571565],[-35.677908,-9.5717706],[-35.6777077,-9.5721543],[-35.677657,-9.5722854],[-35.6775856,-9.5725775],[-35.6774717,-9.5729364],[-35.6773834,-9.5731593],[-35.6773402,-9.573304],[-35.6772693,-9.5734805],[-35.6771331,-9.5736295],[-35.6768945,-9.5737879],[-35.6766849,-9.5738764],[-35.6765109,-9.5739221],[-35.6762911,-9.573944],[-35.6761877,-9.5739467],[-35.6759672,-9.5739521],[-35.675687,-9.5739012],[-35.6754608,-9.5738201],[-35.6752672,-9.5737771],[-35.6750191,-9.5737272],[-35.6748311,-9.5736636],[-35.6745951,-9.5735398],[-35.6743462,-9.5734062],[-35.6741702,-9.5733626],[-35.6739846,-9.5733529],[-35.6737892,-9.5733607],[-35.6731142,-9.5734],[-35.6722908,-9.5734328],[-35.6721474,-9.5734229],[-35.6721415,-9.5735571],[-35.6724649,-9.5741903],[-35.672544,-9.5743445],[-35.6726191,-9.5744986],[-35.672672,-9.5745982],[-35.6727187,-9.5747031],[-35.6727543,-9.5748017],[-35.6727774,-9.5749044],[-35.6727711,-9.5750324],[-35.6727376,-9.5752379],[-35.672663,-9.5754363],[-35.6725598,-9.5756029],[-35.672344,-9.5758878],[-35.6720922,-9.5761209],[-35.671654,-9.5764141],[-35.6712027,-9.576637],[-35.6703871,-9.5772272],[-35.6702074,-9.5773751],[-35.6699968,-9.5775483],[-35.6698088,-9.5777179],[-35.6697533,-9.5777679],[-35.6693479,-9.5780154],[-35.6690396,-9.5781697],[-35.6688929,-9.5782556],[-35.6687247,-9.5783541],[-35.6682649,-9.5787424],[-35.6682131,-9.5788135],[-35.6681962,-9.5788962],[-35.6681835,-9.5789592],[-35.6681704,-9.5790289],[-35.6681586,-9.579097],[-35.6679652,-9.5790227],[-35.6677125,-9.5789199],[-35.6675646,-9.5787731],[-35.6675576,-9.5784569],[-35.6674988,-9.5782713],[-35.6674662,-9.5782185],[-35.6673948,-9.5782656],[-35.6671672,-9.578448],[-35.6669743,-9.5785833],[-35.6668673,-9.5786148],[-35.6666909,-9.5786486],[-35.6664447,-9.5786766],[-35.6661965,-9.5786551],[-35.6659941,-9.5785587],[-35.6657201,-9.5780915],[-35.6655838,-9.577886],[-35.6655125,-9.5777979],[-35.6648124,-9.5776205],[-35.6645702,-9.5775503],[-35.6643594,-9.5774884],[-35.6642839,-9.577457],[-35.6642619,-9.5774931],[-35.6641958,-9.5776087],[-35.664136,-9.5777241],[-35.6640799,-9.578079],[-35.6640792,-9.5780888],[-35.6640223,-9.5780838],[-35.6638264,-9.5780783],[-35.6636767,-9.5780754],[-35.6635305,-9.5780927],[-35.6633897,-9.5781386],[-35.6633742,-9.5781892],[-35.6633273,-9.5783218],[-35.6632937,-9.578413],[-35.6632707,-9.5784791],[-35.6632486,-9.5785399],[-35.6632245,-9.578607],[-35.6632015,-9.5786747],[-35.6627699,-9.5782872],[-35.6622561,-9.5782096],[-35.661606,-9.5782453],[-35.6611654,-9.5784344],[-35.6607651,-9.5787866],[-35.6607602,-9.5793115],[-35.66099,-9.5796872],[-35.6604841,-9.5800327],[-35.6593094,-9.5807363],[-35.6592221,-9.5807898],[-35.6594767,-9.5809676],[-35.6596825,-9.5811301],[-35.6598831,-9.5813314],[-35.6601693,-9.5816737],[-35.6603481,-9.5818753],[-35.6591544,-9.5825317],[-35.6590255,-9.5826023],[-35.6589138,-9.5826692],[-35.6588401,-9.5825334],[-35.6586669,-9.5823721],[-35.6582454,-9.58204],[-35.657868,-9.5816586],[-35.6576063,-9.5813495],[-35.6572367,-9.5807783],[-35.6571161,-9.5804942],[-35.6569911,-9.5801744],[-35.6568246,-9.5798374],[-35.6567476,-9.5797083],[-35.6565467,-9.5793719],[-35.6563409,-9.5789896],[-35.6561482,-9.5786223],[-35.6559938,-9.5783144],[-35.6558202,-9.5779768],[-35.6556318,-9.5776452],[-35.6554434,-9.577315],[-35.6553162,-9.5770232],[-35.655176,-9.5766248],[-35.6550998,-9.5762312],[-35.65504,-9.5758107],[-35.6549615,-9.5754451],[-35.6548325,-9.5748149],[-35.654813,-9.5746984],[-35.6547595,-9.5743792],[-35.6546338,-9.5738879],[-35.6543762,-9.5733465],[-35.6541895,-9.5729938],[-35.6538728,-9.5724761],[-35.6535194,-9.5720613],[-35.6531065,-9.5715855],[-35.652722,-9.5712005],[-35.6524002,-9.5709291],[-35.6521571,-9.5707483],[-35.651921,-9.5705681],[-35.6516593,-9.5704423],[-35.6514111,-9.5704162],[-35.6513013,-9.5703584],[-35.651262,-9.5702215],[-35.6512922,-9.570111],[-35.651263,-9.5699684],[-35.6512286,-9.5698076],[-35.6511376,-9.5696633],[-35.6510485,-9.5695252],[-35.6510324,-9.5694027],[-35.6510308,-9.5692419],[-35.6510204,-9.5690465],[-35.6509978,-9.5688981],[-35.6509384,-9.5687441],[-35.6508767,-9.5686209],[-35.6507971,-9.5685415],[-35.6503683,-9.5682859],[-35.6503045,-9.5682548],[-35.6501479,-9.5681787],[-35.6499818,-9.5681096],[-35.649834,-9.5680249],[-35.6495778,-9.567901],[-35.649402,-9.5679185],[-35.6492506,-9.5680254],[-35.649075,-9.5680401],[-35.6489041,-9.5680097],[-35.6488522,-9.5680005],[-35.6486836,-9.5679255],[-35.6484825,-9.5677917],[-35.6482878,-9.5676865],[-35.6479121,-9.5674724],[-35.647642,-9.5674163],[-35.6472404,-9.567362],[-35.6469721,-9.5672826],[-35.6466956,-9.5671555],[-35.6464566,-9.5670077],[-35.6461656,-9.5667617],[-35.6459632,-9.566452],[-35.6458512,-9.566208],[-35.6456249,-9.5660494],[-35.6453732,-9.5657593],[-35.6452081,-9.5655903],[-35.6451744,-9.5655558],[-35.6449856,-9.5652813],[-35.6448654,-9.5651239],[-35.6447673,-9.564913],[-35.6447098,-9.5646014],[-35.6447069,-9.5645856],[-35.644601,-9.5642622],[-35.6444573,-9.5639189],[-35.6443043,-9.5636488],[-35.6440422,-9.5632072],[-35.6438719,-9.5628468],[-35.6436618,-9.5625737],[-35.6428426,-9.5616612],[-35.64238,-9.5611312],[-35.6419076,-9.560673],[-35.6413522,-9.5601828],[-35.6406936,-9.5596343],[-35.6406578,-9.5596045],[-35.6401217,-9.5591782],[-35.6395972,-9.5587404],[-35.6387528,-9.5581209],[-35.6379067,-9.5574745],[-35.636911,-9.5567615],[-35.6361654,-9.5561222],[-35.6354019,-9.5555472],[-35.6343414,-9.554814],[-35.6331067,-9.5541131],[-35.632645,-9.5539034],[-35.6308643,-9.5531659],[-35.6294994,-9.5525956],[-35.6286846,-9.5522505],[-35.6281656,-9.5520307],[-35.627241,-9.5516605],[-35.6266242,-9.55137],[-35.6263394,-9.5512359],[-35.6258607,-9.5509456],[-35.6255121,-9.5506472],[-35.6250243,-9.5504207],[-35.6244908,-9.550193],[-35.6241584,-9.5499396],[-35.6235616,-9.549691],[-35.6234928,-9.5496614],[-35.6228341,-9.5493781],[-35.6224479,-9.5492578],[-35.6220951,-9.5491744],[-35.6216756,-9.54911],[-35.621216,-9.5490345],[-35.6208271,-9.5489966],[-35.6204419,-9.5489106],[-35.6201815,-9.5489133],[-35.6203955,-9.548847],[-35.6206659,-9.5486047],[-35.6208191,-9.5482809],[-35.6209115,-9.5479875],[-35.6209336,-9.5477813],[-35.6208548,-9.5475948],[-35.6207178,-9.5474251],[-35.6205095,-9.5473218],[-35.6205975,-9.5471685],[-35.6206848,-9.5470332],[-35.6208027,-9.546979],[-35.6209036,-9.5469547],[-35.6210495,-9.5469572],[-35.6211879,-9.5469942],[-35.6213282,-9.5470039],[-35.62192,-9.5470175],[-35.6221862,-9.5470797],[-35.6223471,-9.5471661],[-35.6225201,-9.5474115],[-35.6226146,-9.5477469],[-35.6228234,-9.5480273],[-35.6231151,-9.5481949],[-35.6236018,-9.548391],[-35.6240219,-9.548452],[-35.6245236,-9.548469],[-35.6252239,-9.5486218],[-35.6254859,-9.5488367],[-35.6257169,-9.5489289],[-35.626015,-9.5492257],[-35.6262875,-9.5496963],[-35.6264314,-9.5500025],[-35.6265823,-9.5501892],[-35.6268349,-9.5503591],[-35.6269979,-9.550374],[-35.6271459,-9.5503259],[-35.6273108,-9.5502244],[-35.6275354,-9.5501874],[-35.6277603,-9.5502038],[-35.6279333,-9.5504428],[-35.6281993,-9.5505881],[-35.6287557,-9.5506137],[-35.6293824,-9.5505503],[-35.6296174,-9.5506858],[-35.6297198,-9.5508603],[-35.6298624,-9.5509415],[-35.6299515,-9.5510411],[-35.63003,-9.5511923],[-35.6301195,-9.5513443],[-35.6301974,-9.5514088],[-35.6303096,-9.5514486],[-35.6304334,-9.551445],[-35.6304679,-9.5514339],[-35.6305024,-9.5514228],[-35.6305559,-9.5513925],[-35.6306004,-9.5513714],[-35.6306485,-9.551353],[-35.6307048,-9.5513363],[-35.630804,-9.5513337],[-35.6309025,-9.5513574],[-35.630948,-9.5513643],[-35.6309962,-9.5513558],[-35.6310445,-9.5513545],[-35.6310899,-9.5513451],[-35.6311343,-9.5513249],[-35.6311892,-9.5512414],[-35.6312089,-9.5511897],[-35.6312158,-9.5511382],[-35.6312208,-9.5510893],[-35.6312442,-9.5510512],[-35.6312914,-9.5510292],[-35.6313404,-9.5510116],[-35.6313794,-9.5509878],[-35.6314174,-9.5509614],[-35.6314563,-9.5509367],[-35.6315026,-9.5509101],[-35.631542,-9.5508759],[-35.6316554,-9.5507779],[-35.6316879,-9.5507461],[-35.6317404,-9.5507032],[-35.6317848,-9.5506721],[-35.6318743,-9.5506019],[-35.6319286,-9.5505563],[-35.6319611,-9.550519],[-35.6319926,-9.5504781],[-35.6320306,-9.5504444],[-35.6320585,-9.5504062],[-35.6320686,-9.5503897],[-35.6320846,-9.5503636],[-35.6320918,-9.5503518],[-35.6321166,-9.5503159],[-35.6321413,-9.55028],[-35.6321585,-9.5502673],[-35.6321703,-9.5502586],[-35.6322056,-9.5502325],[-35.6322473,-9.5502114],[-35.6322918,-9.5501975],[-35.6323491,-9.5501953],[-35.63241,-9.5501804],[-35.6324699,-9.55016],[-35.6325189,-9.5501317],[-35.6325643,-9.5501223],[-35.6326116,-9.5501138],[-35.6326588,-9.5500981],[-35.6327215,-9.5500859],[-35.6327687,-9.5500742],[-35.632816,-9.5500626],[-35.632865,-9.5500486],[-35.6329196,-9.5500356],[-35.6329585,-9.5500091],[-35.6330038,-9.5499762],[-35.6330418,-9.5499515],[-35.6331325,-9.5499038],[-35.6332205,-9.5498688],[-35.6332649,-9.5498432],[-35.6333148,-9.5498248],[-35.6333624,-9.5498027],[-35.6334128,-9.5497793],[-35.6334554,-9.5497595],[-35.6334999,-9.5497357],[-35.633547,-9.5497137],[-35.6335869,-9.5496881],[-35.6336331,-9.5496633],[-35.6336812,-9.5496404],[-35.6337928,-9.5495961],[-35.6338871,-9.5495475],[-35.6339316,-9.5495282],[-35.6339814,-9.5494962],[-35.6340166,-9.5494562],[-35.6340472,-9.5494099],[-35.6340815,-9.5493771],[-35.6341278,-9.5493641],[-35.6341769,-9.549352],[-35.6342113,-9.549321],[-35.6343015,-9.5492717],[-35.6343473,-9.5492467],[-35.6343926,-9.5492266],[-35.6344443,-9.5492],[-35.6344887,-9.5491825],[-35.6345387,-9.5491658],[-35.6345715,-9.5491516],[-35.6345879,-9.5491446],[-35.6346303,-9.5491272],[-35.6347192,-9.5490831],[-35.6347636,-9.5490629],[-35.6348052,-9.5490406],[-35.6348969,-9.5489914],[-35.6349449,-9.5489649],[-35.6349979,-9.5489371],[-35.6350447,-9.5489126],[-35.6350921,-9.5488899],[-35.6351463,-9.5488639],[-35.6351934,-9.5488437],[-35.63525,-9.5488278],[-35.6353251,-9.5488066],[-35.6354169,-9.5487878],[-35.635475,-9.5487584],[-35.6355195,-9.5487464],[-35.6355504,-9.5487243],[-35.6356001,-9.5486888],[-35.635637,-9.5486352],[-35.6356481,-9.5485999],[-35.6356592,-9.5485646],[-35.6357035,-9.5485317],[-35.635748,-9.548516],[-35.6357778,-9.5484797],[-35.6358075,-9.5484379],[-35.6358428,-9.5484069],[-35.6358873,-9.5483884],[-35.6359289,-9.5483638],[-35.6359712,-9.5483119],[-35.6360029,-9.5482783],[-35.6360661,-9.5481998],[-35.6360967,-9.5481619],[-35.6361136,-9.5481175],[-35.6361269,-9.5480686],[-35.6361383,-9.5480161],[-35.6361406,-9.5479619],[-35.6361803,-9.547911],[-35.6362228,-9.5478745],[-35.6362959,-9.5477962],[-35.6363293,-9.5477526],[-35.6363645,-9.5477117],[-35.6364052,-9.5476761],[-35.6364404,-9.547647],[-35.6364555,-9.5475899],[-35.6364706,-9.5475464],[-35.636501,-9.5474952],[-35.6365614,-9.547393],[-35.6365846,-9.5473332],[-35.6366097,-9.5472906],[-35.6366112,-9.5472454],[-35.6366373,-9.5472054],[-35.6366534,-9.5471628],[-35.6366584,-9.5471131],[-35.6366744,-9.5470579],[-35.6366691,-9.546963],[-35.6366487,-9.5469072],[-35.6366392,-9.5468539],[-35.6366142,-9.5468098],[-35.636569,-9.5467298],[-35.6365414,-9.5466952],[-35.6365139,-9.5466606],[-35.6364981,-9.5466174],[-35.6364868,-9.5465687],[-35.6364718,-9.54652],[-35.636445,-9.5464687],[-35.6363713,-9.5463545],[-35.6363419,-9.5463195],[-35.6363098,-9.5462863],[-35.6362696,-9.546264],[-35.6362213,-9.5462607],[-35.6361757,-9.5462511],[-35.6361309,-9.5462162],[-35.6360977,-9.5461668],[-35.6360828,-9.5461181],[-35.6360615,-9.5460722],[-35.6360492,-9.5460217],[-35.6360021,-9.5459317],[-35.6359872,-9.545883],[-35.6359831,-9.545827],[-35.6359846,-9.5457764],[-35.635996,-9.5457275],[-35.6360056,-9.5456696],[-35.6360079,-9.5456208],[-35.6360464,-9.5455347],[-35.6360954,-9.545519],[-35.6361282,-9.5454867],[-35.6361768,-9.5454388],[-35.6362093,-9.545407],[-35.6362372,-9.5453688],[-35.6363,-9.5453611],[-35.6363417,-9.5453427],[-35.6363852,-9.5453171],[-35.6364361,-9.5453086],[-35.6364924,-9.5452937],[-35.6365416,-9.5452915],[-35.6365925,-9.5452839],[-35.6366389,-9.5452889],[-35.6366928,-9.545312],[-35.6367485,-9.5453333],[-35.6367968,-9.5453356],[-35.6368577,-9.5453279],[-35.6368996,-9.5453462],[-35.6369527,-9.545367],[-35.6369938,-9.5453875],[-35.6370413,-9.5454088],[-35.6370878,-9.5454238],[-35.6371343,-9.5454289],[-35.6371965,-9.5454681],[-35.6372417,-9.5454705],[-35.637293,-9.5454692],[-35.6374531,-9.5454563],[-35.6375014,-9.5454559],[-35.637566,-9.5454572],[-35.6376158,-9.5454288],[-35.6376696,-9.5454284],[-35.6377441,-9.5454134],[-35.6377884,-9.5453706],[-35.6378748,-9.5453672],[-35.637934,-9.545374],[-35.6379906,-9.5453862],[-35.6380815,-9.5453702],[-35.6381418,-9.5453486],[-35.6381877,-9.5453323],[-35.638244,-9.5453165],[-35.6382912,-9.5452981],[-35.6383355,-9.5452562],[-35.6383547,-9.5452517],[-35.6384082,-9.5452394],[-35.6384563,-9.5452228],[-35.6385026,-9.5452034],[-35.6385589,-9.5451858],[-35.6386116,-9.5451714],[-35.6386606,-9.545158],[-35.6387161,-9.5451398],[-35.6387769,-9.5451199],[-35.6388238,-9.5451045],[-35.6388706,-9.5450893],[-35.6389248,-9.5450715],[-35.6389802,-9.5450534],[-35.6390265,-9.5450332],[-35.6390891,-9.5450047],[-35.639139,-9.5449899],[-35.6391889,-9.5449642],[-35.6392415,-9.5449349],[-35.6392964,-9.5449032],[-35.6393348,-9.5448809],[-35.639371,-9.5448481],[-35.639419,-9.5448152],[-35.6394742,-9.5447804],[-35.6395204,-9.5447475],[-35.6395739,-9.5447237],[-35.6396165,-9.5447016],[-35.6396582,-9.5446751],[-35.6397108,-9.5446503],[-35.6397626,-9.5446364],[-35.6398144,-9.544627],[-35.6398782,-9.5446337],[-35.63994,-9.5446287],[-35.6400009,-9.5446174],[-35.6400691,-9.5446026],[-35.6401127,-9.5445931],[-35.6401626,-9.5445737],[-35.6402262,-9.5445543],[-35.640277,-9.5445286],[-35.640325,-9.5445029],[-35.6403703,-9.5444763],[-35.640422,-9.544448],[-35.6404525,-9.544389],[-35.6404695,-9.5443535],[-35.6404821,-9.5443273],[-35.6405037,-9.5442757],[-35.6405258,-9.5442231],[-35.6405464,-9.5441741],[-35.6405616,-9.5441306],[-35.6405775,-9.5440745],[-35.6405844,-9.5440184],[-35.6405862,-9.5439515],[-35.6405874,-9.5439045],[-35.6405888,-9.5438548],[-35.64059,-9.5438088],[-35.6405887,-9.54376],[-35.6405897,-9.5437057],[-35.6405906,-9.5436596],[-35.6405916,-9.5436064],[-35.6405925,-9.5435575],[-35.6405933,-9.5435114],[-35.6405939,-9.543478],[-35.6405952,-9.5434121],[-35.6406075,-9.5433587],[-35.6406308,-9.5433124],[-35.640656,-9.5432688],[-35.6406701,-9.5432154],[-35.6406824,-9.5431584],[-35.6407001,-9.5430968],[-35.640716,-9.5430504],[-35.640734,-9.5429972],[-35.6407506,-9.5429544],[-35.6407893,-9.5428549],[-35.6408188,-9.5427878],[-35.6408447,-9.5427216],[-35.640874,-9.5426274],[-35.6408891,-9.5425713],[-35.640896,-9.5425234],[-35.6409019,-9.5424646],[-35.6409188,-9.5424121],[-35.6409293,-9.5423641],[-35.6409362,-9.5423062],[-35.6409566,-9.5422401],[-35.6409763,-9.5421902],[-35.6409914,-9.5421431],[-35.6410119,-9.5420951],[-35.6410334,-9.5420525],[-35.6410495,-9.5420063],[-35.6410728,-9.5419582],[-35.641087,-9.5419156],[-35.6411184,-9.5418558],[-35.6411497,-9.5417787],[-35.6411661,-9.5417312],[-35.6411835,-9.5416809],[-35.6411954,-9.5416349],[-35.6412074,-9.5415885],[-35.6412179,-9.5415397],[-35.6412331,-9.5414905],[-35.6412454,-9.5414455],[-35.6412948,-9.5413611],[-35.6413184,-9.5413144],[-35.6413388,-9.541274],[-35.6413648,-9.5412365],[-35.6414189,-9.5411586],[-35.6414839,-9.5410859],[-35.6415938,-9.5409984],[-35.6416238,-9.5409858],[-35.6417086,-9.5409504],[-35.6417475,-9.5409266],[-35.6418411,-9.5408961],[-35.6419349,-9.5409117],[-35.6419732,-9.5409213],[-35.6420188,-9.5409327],[-35.6421099,-9.540941],[-35.6421582,-9.5409479],[-35.6422459,-9.5409888],[-35.6423891,-9.5410248],[-35.6424359,-9.5410271],[-35.6449913,-9.5429938],[-35.6459709,-9.543842],[-35.6465818,-9.5444373],[-35.650175,-9.5481236],[-35.6505351,-9.5484362],[-35.6511066,-9.5490002],[-35.6519896,-9.5499431],[-35.6528079,-9.5508757],[-35.6537752,-9.552127],[-35.6542151,-9.5529729],[-35.65439,-9.5531099],[-35.6570955,-9.5550768],[-35.6571219,-9.555096],[-35.6571574,-9.5551219],[-35.6600302,-9.5572105],[-35.6605514,-9.5576284],[-35.6609565,-9.5579879]]]]}},
{"type":"Feature","properties":{"ibge_code_municipio":"2704302","name":"Fernão Velho","code":"2704302015"},"geometry":{"type":"MultiPolygon","coordinates":[[[[-35.7848459,-9.592987],[-35.7848312,-9.593005],[-35.7847941,-9.5930279],[-35.7847514,-9.5930436],[-35.7847085,-9.5930268],[-35.7846656,-9.5930154],[-35.7846201,-9.5930131],[-35.7845745,-9.5930116],[-35.784529,-9.5930102],[-35.7844882,-9.5930295],[-35.7844502,-9.5930542],[-35.7844186,-9.5930861],[-35.7843785,-9.5930882],[-35.7843338,-9.5930768],[-35.7842936,-9.5930563],[-35.7842543,-9.5930332],[-35.784224,-9.5930009],[-35.7841829,-9.5929795],[-35.7841418,-9.5929636],[-35.7840962,-9.5929622],[-35.7840507,-9.5929616],[-35.7840052,-9.5929602],[-35.7839677,-9.5929397],[-35.783936,-9.5929562],[-35.7839007,-9.5929845],[-35.7838599,-9.5930047],[-35.78382,-9.5930249],[-35.7837792,-9.593046],[-35.7836995,-9.5930891],[-35.7836596,-9.593112],[-35.7836298,-9.5931448],[-35.7836037,-9.5931812],[-35.7835304,-9.5932341],[-35.7834924,-9.5932606],[-35.7834553,-9.5932862],[-35.7834182,-9.5933127],[-35.7833811,-9.5933383],[-35.783344,-9.5933639],[-35.7833059,-9.5933895],[-35.7832688,-9.5934151],[-35.7832317,-9.5934416],[-35.7831937,-9.5934672],[-35.7831139,-9.5935094],[-35.7830722,-9.593526],[-35.7830305,-9.5935444],[-35.7829887,-9.5935619],[-35.7829479,-9.593583],[-35.7829071,-9.5936042],[-35.7827921,-9.5936764],[-35.7827188,-9.5937294],[-35.7826817,-9.593755],[-35.7826446,-9.5937815],[-35.7826084,-9.5938089],[-35.7825685,-9.5938291],[-35.782524,-9.5938367],[-35.7824785,-9.5938407],[-35.7824414,-9.5938645],[-35.7824061,-9.5938937],[-35.7823837,-9.5939327],[-35.7823342,-9.594009],[-35.7823072,-9.5940444],[-35.7822504,-9.5941154],[-35.782217,-9.5941455],[-35.7821836,-9.5941764],[-35.7821501,-9.5942074],[-35.7820833,-9.5942685],[-35.7820443,-9.5942914],[-35.7820044,-9.5943125],[-35.7819627,-9.5943318],[-35.7819172,-9.5943313],[-35.7818726,-9.5943271],[-35.7818425,-9.594321],[-35.7818737,-9.5943533],[-35.7818831,-9.5943921],[-35.7818707,-9.5944346],[-35.7818382,-9.5944656],[-35.7818029,-9.5944948],[-35.7817686,-9.594524],[-35.7817315,-9.5945505],[-35.7816967,-9.59453],[-35.7816655,-9.5945013],[-35.7816022,-9.5944367],[-35.7815664,-9.5944082],[-35.781538,-9.5943704],[-35.7814941,-9.5943276],[-35.7814417,-9.5942844],[-35.7814327,-9.5942936],[-35.7814957,-9.5943415],[-35.7815427,-9.5944002],[-35.7815708,-9.5944331],[-35.7816051,-9.5944657],[-35.7816364,-9.5944989],[-35.7816667,-9.594532],[-35.7816961,-9.594567],[-35.7817019,-9.5946113],[-35.7816812,-9.5946449],[-35.7816441,-9.5946705],[-35.7816085,-9.5946518],[-35.7815945,-9.5946112],[-35.7815878,-9.5945661],[-35.7815765,-9.5945228],[-35.7815607,-9.5944814],[-35.7815354,-9.5944434],[-35.7815082,-9.5944077],[-35.7814808,-9.5943729],[-35.7814085,-9.5943259],[-35.7814042,-9.5943349],[-35.7814454,-9.5943627],[-35.7814927,-9.594407],[-35.7815101,-9.5944288],[-35.7815461,-9.5944806],[-35.7815655,-9.5945211],[-35.7815786,-9.5945635],[-35.7815872,-9.5946077],[-35.7815948,-9.5946528],[-35.781577,-9.5946945],[-35.7815646,-9.5947217],[-35.7815757,-9.5947588],[-35.7815844,-9.5948236],[-35.7815802,-9.5948688],[-35.7815678,-9.5949123],[-35.7815536,-9.5949549],[-35.7815357,-9.5949966],[-35.781517,-9.5950374],[-35.7814702,-9.5951145],[-35.7814405,-9.5951491],[-35.7814043,-9.5951756],[-35.7813718,-9.5952057],[-35.7813287,-9.5952855],[-35.7812622,-9.5954056],[-35.7812417,-9.5954434],[-35.7811808,-9.595565],[-35.7811611,-9.5956058],[-35.7811387,-9.5956457],[-35.7811162,-9.5956848],[-35.7810947,-9.5957238],[-35.7810544,-9.5958061],[-35.7810347,-9.5958462],[-35.7809307,-9.595932],[-35.7808547,-9.5959823],[-35.780786,-9.5960398],[-35.7807108,-9.5960856],[-35.7806672,-9.5961004],[-35.7806245,-9.5961152],[-35.7805819,-9.59613],[-35.7805401,-9.5961484],[-35.7804984,-9.5961677],[-35.7804576,-9.596187],[-35.7803916,-9.5962444],[-35.7803216,-9.5963597],[-35.7802102,-9.5964365],[-35.7801286,-9.5964751],[-35.7800942,-9.5965016],[-35.7800828,-9.5965459],[-35.7800076,-9.5965944],[-35.7799175,-9.5966006],[-35.779872,-9.5965955],[-35.7798354,-9.5965714],[-35.7798041,-9.5965391],[-35.7797811,-9.5965005],[-35.7797746,-9.5964933],[-35.7797896,-9.5965366],[-35.7797935,-9.596579],[-35.7797766,-9.5966162],[-35.7797453,-9.5965839],[-35.7797132,-9.5965516],[-35.7796802,-9.5965212],[-35.7796839,-9.5965329],[-35.7797133,-9.596567],[-35.7797464,-9.5965974],[-35.7797722,-9.5966343],[-35.7797468,-9.5966525],[-35.7797057,-9.5966393],[-35.7796675,-9.5966351],[-35.7796285,-9.5966598],[-35.7795914,-9.5966854],[-35.7795653,-9.5967227],[-35.7795319,-9.5967527],[-35.7794604,-9.5968084],[-35.7794128,-9.5968838],[-35.7793738,-9.5969058],[-35.7793302,-9.5969116],[-35.7792855,-9.5969065],[-35.7792621,-9.5969383],[-35.7792461,-9.5969809],[-35.7792096,-9.5969731],[-35.7791997,-9.5969876],[-35.7792155,-9.5970299],[-35.779225,-9.5970741],[-35.7791979,-9.597106],[-35.7791928,-9.5971403],[-35.7792013,-9.5971773],[-35.7791715,-9.5972119],[-35.7791316,-9.5972321],[-35.7790927,-9.5972559],[-35.7790157,-9.5973044],[-35.7789749,-9.5973246],[-35.7789341,-9.5973439],[-35.7788914,-9.5973605],[-35.7788497,-9.5973771],[-35.7788061,-9.5973919],[-35.7787625,-9.5974022],[-35.778717,-9.5974053],[-35.7786741,-9.5973903],[-35.7785874,-9.5973638],[-35.7785463,-9.5973452],[-35.778507,-9.5973229],[-35.7784658,-9.5973052],[-35.7784203,-9.5973056],[-35.7784506,-9.5973378],[-35.7784818,-9.5973701],[-35.778514,-9.5974033],[-35.7785452,-9.5974356],[-35.7785764,-9.5974678],[-35.778613,-9.5974955],[-35.7786434,-9.5975287],[-35.778629,-9.5975532],[-35.7785854,-9.5975644],[-35.7785399,-9.5975693],[-35.7784944,-9.5975733],[-35.7784555,-9.5975944],[-35.7784184,-9.5976209],[-35.7783822,-9.5976474],[-35.7783414,-9.5976685],[-35.7782616,-9.5977107],[-35.7782189,-9.5977273],[-35.7781345,-9.5977587],[-35.778096,-9.5977816],[-35.7780566,-9.5978054],[-35.7780026,-9.5978772],[-35.7779851,-9.5979641],[-35.777953,-9.5980465],[-35.7779173,-9.5981299],[-35.7779012,-9.5981725],[-35.7778852,-9.5982142],[-35.7778673,-9.5982559],[-35.7778504,-9.5982976],[-35.7778137,-9.5983801],[-35.7777661,-9.5984555],[-35.7777299,-9.5984829],[-35.7776928,-9.5985094],[-35.7776713,-9.5985484],[-35.7776534,-9.5985892],[-35.77763,-9.5986283],[-35.7775549,-9.5986767],[-35.7774834,-9.5987315],[-35.7774349,-9.5988078],[-35.7773964,-9.5988894],[-35.7773423,-9.5989612],[-35.7772929,-9.5990375],[-35.7772759,-9.5990792],[-35.7772553,-9.5991191],[-35.7771995,-9.5991882],[-35.7771642,-9.5992165],[-35.7770909,-9.5992686],[-35.7770453,-9.5992681],[-35.776961,-9.5993013],[-35.7768803,-9.5993435],[-35.7768469,-9.5993745],[-35.7768143,-9.5994055],[-35.7767557,-9.5994746],[-35.7767127,-9.5995535],[-35.7766939,-9.5995943],[-35.7766751,-9.5996361],[-35.7766649,-9.5997247],[-35.7766653,-9.5997698],[-35.7766775,-9.5998122],[-35.7766996,-9.5998518],[-35.7767191,-9.5998923],[-35.7767304,-9.5999356],[-35.7767271,-9.5999808],[-35.7767101,-9.6000216],[-35.7766794,-9.6000543],[-35.7766442,-9.6000826],[-35.7766116,-9.6001145],[-35.776585,-9.6001978],[-35.7765845,-9.600243],[-35.7765812,-9.6002873],[-35.7765788,-9.6003325],[-35.7765765,-9.6003777],[-35.7765617,-9.6004673],[-35.776526,-9.6005489],[-35.7765017,-9.600587],[-35.7764793,-9.6006269],[-35.7764541,-9.6006642],[-35.7764123,-9.6006763],[-35.7763668,-9.6006748],[-35.7763221,-9.6006679],[-35.7762783,-9.6006547],[-35.7762363,-9.6006388],[-35.7761925,-9.6006256],[-35.7761595,-9.6005979],[-35.776155,-9.6005997],[-35.7761798,-9.6006329],[-35.7762227,-9.6006471],[-35.7762638,-9.6006666],[-35.7763068,-9.6006834],[-35.7763506,-9.6006957],[-35.7763952,-9.6006963],[-35.7764345,-9.6007158],[-35.776443,-9.6007519],[-35.7764324,-9.6007954],[-35.7764328,-9.6008405],[-35.7764304,-9.6008857],[-35.7764517,-9.6009244],[-35.7764629,-9.600965],[-35.7764542,-9.6010093],[-35.7764281,-9.6010465],[-35.7764184,-9.60109],[-35.776416,-9.6011343],[-35.7764246,-9.6011785],[-35.7764286,-9.6012236],[-35.7764299,-9.6012688],[-35.7764293,-9.601314],[-35.7764252,-9.6013592],[-35.7764237,-9.6014044],[-35.7764232,-9.6014486],[-35.7764108,-9.6014921],[-35.7763801,-9.6015258],[-35.7763374,-9.6015388],[-35.7762937,-9.6015409],[-35.7762526,-9.6015223],[-35.7762097,-9.6015064],[-35.7761677,-9.6014895],[-35.7760784,-9.6014767],[-35.7760337,-9.6014662],[-35.7759899,-9.6014548],[-35.7759461,-9.6014443],[-35.7759014,-9.6014329],[-35.7758201,-9.6013938],[-35.7757852,-9.6013652],[-35.7757504,-9.6013357],[-35.7757147,-9.601308],[-35.7756771,-9.601283],[-35.7756012,-9.601233],[-35.7755154,-9.6012048],[-35.7754725,-9.6011897],[-35.7754305,-9.6011729],[-35.7753893,-9.6011534],[-35.7753799,-9.6011137],[-35.7753969,-9.601072],[-35.7754184,-9.601033],[-35.7754656,-9.6009061],[-35.7754404,-9.6008295],[-35.7753968,-9.6008416],[-35.7753565,-9.6009196],[-35.775355,-9.6009648],[-35.7753536,-9.60101],[-35.7753393,-9.6010517],[-35.7753133,-9.6010889],[-35.7752871,-9.6011253],[-35.7753368,-9.6011917],[-35.7754548,-9.6012585],[-35.7754977,-9.6012745],[-35.7755398,-9.6012913],[-35.7755818,-9.6013081],[-35.7756247,-9.6013231],[-35.7756658,-9.6013427],[-35.7757069,-9.6013613],[-35.7757489,-9.6013791],[-35.775721,-9.6014127],[-35.7756799,-9.6013932],[-35.7756387,-9.6013736],[-35.7756427,-9.6014124],[-35.7756811,-9.6014338],[-35.7757114,-9.6014652],[-35.7757435,-9.6014911],[-35.775789,-9.6014935],[-35.7758345,-9.601494],[-35.7758801,-9.6014936],[-35.7759256,-9.6014933],[-35.7760149,-9.6015043],[-35.7760587,-9.6015184],[-35.7761016,-9.6015334],[-35.7761436,-9.6015485],[-35.7761874,-9.6015635],[-35.7762303,-9.6015767],[-35.7762723,-9.6015935],[-35.7763152,-9.6016103],[-35.7763572,-9.6016271],[-35.7764011,-9.6016413],[-35.7764169,-9.6016809],[-35.7764449,-9.6017656],[-35.7764774,-9.6018475],[-35.7765041,-9.6018844],[-35.7765308,-9.6019212],[-35.7765442,-9.6020069],[-35.7765355,-9.6020513],[-35.7765258,-9.6020956],[-35.7765216,-9.6021399],[-35.776546,-9.6022255],[-35.7765358,-9.6023124],[-35.7765097,-9.6023478],[-35.7764744,-9.602377],[-35.7764391,-9.6024053],[-35.776413,-9.6024416],[-35.7763924,-9.6024815],[-35.7763279,-9.6026004],[-35.7762981,-9.6026341],[-35.7762692,-9.6026687],[-35.7762422,-9.602705],[-35.7762152,-9.6027414],[-35.7761882,-9.6027777],[-35.7761612,-9.6028141],[-35.7761342,-9.6028504],[-35.7761072,-9.6028868],[-35.7760801,-9.6029231],[-35.7760522,-9.6029586],[-35.7760252,-9.6029959],[-35.776,-9.6030331],[-35.7759239,-9.6030762],[-35.7758802,-9.603081],[-35.7758244,-9.603152],[-35.7757722,-9.6032256],[-35.7757456,-9.6033107],[-35.7757377,-9.603355],[-35.7757263,-9.6033985],[-35.775685,-9.6034774],[-35.7756626,-9.6035174],[-35.7756456,-9.6035591],[-35.775625,-9.603599],[-35.7756017,-9.603638],[-35.7755865,-9.6036806],[-35.7755851,-9.6037249],[-35.7755794,-9.6038135],[-35.7755606,-9.6038543],[-35.7755382,-9.6038933],[-35.7755103,-9.6039288],[-35.7754805,-9.6039606],[-35.7754799,-9.6040058],[-35.7754803,-9.604051],[-35.7754789,-9.6040962],[-35.7754756,-9.6041414],[-35.7754696,-9.6041857],[-35.7754627,-9.6042309],[-35.7754576,-9.6042752],[-35.7754552,-9.6043204],[-35.775451,-9.6043647],[-35.7753951,-9.6044356],[-35.7753626,-9.6044666],[-35.7753246,-9.6044913],[-35.7752875,-9.6045178],[-35.7752559,-9.6045497],[-35.7751867,-9.6046659],[-35.7751798,-9.6047102],[-35.7751785,-9.60476],[-35.774164,-9.6042802],[-35.7740406,-9.6042206],[-35.7735292,-9.604016],[-35.772925,-9.6038337],[-35.7728949,-9.6038246],[-35.7727708,-9.6037872],[-35.7727115,-9.6037719],[-35.7726671,-9.603752],[-35.7726331,-9.6037209],[-35.7726002,-9.6036914],[-35.7725245,-9.6036395],[-35.7724496,-9.6035892],[-35.7723746,-9.6035383],[-35.772337,-9.6035106],[-35.7723102,-9.6034929],[-35.7722287,-9.6034501],[-35.7721441,-9.6034055],[-35.7720975,-9.6033824],[-35.772061,-9.6033648],[-35.7720158,-9.6033036],[-35.7720039,-9.6032901],[-35.7719654,-9.6032651],[-35.7719279,-9.603241],[-35.7718895,-9.6032169],[-35.7718229,-9.6032048],[-35.7717734,-9.6031628],[-35.7717504,-9.6031227],[-35.7717226,-9.603071],[-35.7717047,-9.6029935],[-35.7716905,-9.6029285],[-35.7716836,-9.6028599],[-35.7716796,-9.6028148],[-35.7716746,-9.6027696],[-35.7716706,-9.6027245],[-35.7716626,-9.6026351],[-35.7716588,-9.602505],[-35.7716614,-9.6024533],[-35.7716768,-9.6021381],[-35.7716862,-9.6019582],[-35.771687,-9.6019392],[-35.7716868,-9.601913],[-35.7716875,-9.6017775],[-35.7716871,-9.6017323],[-35.7716877,-9.6016872],[-35.7716864,-9.601642],[-35.7716788,-9.6015969],[-35.7716635,-9.6015085],[-35.7716558,-9.6014634],[-35.7716348,-9.6013416],[-35.7715823,-9.6011513],[-35.7715634,-9.6010684],[-35.7715267,-9.6008899],[-35.7715178,-9.6008466],[-35.7714769,-9.6006128],[-35.7714532,-9.6003006],[-35.7714602,-9.6002979],[-35.7714645,-9.6002962],[-35.7715002,-9.600347],[-35.7715369,-9.600391],[-35.7715581,-9.6004161],[-35.7716103,-9.6004509],[-35.7716757,-9.6004414],[-35.7717209,-9.6004049],[-35.7718226,-9.6002604],[-35.7718359,-9.6002151],[-35.7718672,-9.6001435],[-35.7719319,-9.6000382],[-35.7719578,-9.5999738],[-35.7720297,-9.5998585],[-35.7720474,-9.599806],[-35.7720842,-9.5997352],[-35.7721111,-9.5996925],[-35.7721716,-9.5996315],[-35.7722014,-9.5995978],[-35.7722499,-9.5995216],[-35.7722779,-9.5994852],[-35.7723365,-9.5994161],[-35.7723698,-9.5993688],[-35.7723859,-9.5993407],[-35.7724003,-9.5993162],[-35.772444,-9.5992029],[-35.7725316,-9.5991191],[-35.7725694,-9.5990709],[-35.7726129,-9.599038],[-35.7726425,-9.5989872],[-35.7726839,-9.5989308],[-35.772709,-9.5988791],[-35.7727477,-9.5988318],[-35.7727756,-9.5987819],[-35.7727928,-9.5987533],[-35.7728052,-9.5987329],[-35.7728467,-9.5986811],[-35.7729133,-9.5985893],[-35.7729505,-9.5984661],[-35.7729719,-9.5984153],[-35.7730006,-9.5983573],[-35.7730478,-9.5982304],[-35.773062,-9.5981878],[-35.7730771,-9.5981353],[-35.7730985,-9.5980827],[-35.7731134,-9.5980149],[-35.7731294,-9.5979614],[-35.7731435,-9.5979026],[-35.7731621,-9.59785],[-35.7731972,-9.5977937],[-35.7732403,-9.5977479],[-35.7732908,-9.5977059],[-35.7733461,-9.5976453],[-35.773391,-9.5975708],[-35.7733533,-9.5975079],[-35.7733701,-9.5974463],[-35.7733768,-9.5973776],[-35.7734633,-9.5973422],[-35.7735171,-9.5972784],[-35.7735838,-9.5971984],[-35.773581,-9.5971469],[-35.7736071,-9.5970657],[-35.7735923,-9.5969967],[-35.7735434,-9.596938],[-35.7734552,-9.5968794],[-35.7733607,-9.596816],[-35.773315,-9.5967866],[-35.7732902,-9.5967623],[-35.7732654,-9.5967451],[-35.7732405,-9.5967227],[-35.7732283,-9.5966994],[-35.7731942,-9.5966437],[-35.7731003,-9.5965206],[-35.7730746,-9.5964829],[-35.7729465,-9.5962969],[-35.7729198,-9.5962601],[-35.7728976,-9.5962205],[-35.7728818,-9.5961809],[-35.7728593,-9.5960907],[-35.7728515,-9.596032],[-35.7728308,-9.5959536],[-35.7728047,-9.5958716],[-35.7727831,-9.5957959],[-35.7727553,-9.5957283],[-35.7727364,-9.5956499],[-35.7727243,-9.5956138],[-35.7726129,-9.5954639],[-35.772584,-9.5953837],[-35.7725544,-9.595318],[-35.7725273,-9.5952396],[-35.7724985,-9.5951639],[-35.7725216,-9.5950896],[-35.7725948,-9.5950321],[-35.7726564,-9.5949901],[-35.7727136,-9.5949679],[-35.7727961,-9.5949293],[-35.7728259,-9.5948966],[-35.7728689,-9.5948131],[-35.7729022,-9.5946538],[-35.7729262,-9.5945832],[-35.7729319,-9.5944982],[-35.7729118,-9.59438],[-35.7729141,-9.5943285],[-35.7729243,-9.594239],[-35.7729299,-9.5941495],[-35.7729511,-9.5940617],[-35.7729669,-9.5939902],[-35.7730061,-9.5938905],[-35.7730537,-9.5938133],[-35.7731109,-9.5936728],[-35.7731339,-9.5935976],[-35.7732225,-9.5935246],[-35.7732636,-9.5934195],[-35.7733196,-9.5933694],[-35.7734257,-9.5932068],[-35.7735308,-9.5930352],[-35.7736281,-9.5929061],[-35.7736731,-9.5928461],[-35.773727,-9.5927554],[-35.7737656,-9.5926945],[-35.773828,-9.5926416],[-35.7738968,-9.5925968],[-35.7739573,-9.5925385],[-35.7740687,-9.5924653],[-35.7742387,-9.5923221],[-35.7744577,-9.5921622],[-35.7745273,-9.5921039],[-35.7745644,-9.5920774],[-35.7746405,-9.5920289],[-35.7748463,-9.5919333],[-35.7749325,-9.5919015],[-35.7750874,-9.5918492],[-35.7750901,-9.5918331],[-35.7750972,-9.5917909],[-35.776315,-9.5914576],[-35.776466,-9.5914451],[-35.7765104,-9.5914421],[-35.7765734,-9.5913872],[-35.7766393,-9.5913671],[-35.7767023,-9.5913427],[-35.7768166,-9.5913296],[-35.7769014,-9.5913196],[-35.7770334,-9.5913194],[-35.7771536,-9.5913275],[-35.7772302,-9.5913441],[-35.7773087,-9.5913705],[-35.7774728,-9.591399],[-35.7776203,-9.5914069],[-35.7777565,-9.5914184],[-35.7778016,-9.5914181],[-35.7778425,-9.5914178],[-35.7779201,-9.5914451],[-35.7780228,-9.5914253],[-35.7780674,-9.591416],[-35.7781575,-9.5914179],[-35.7782031,-9.591423],[-35.7782468,-9.5914326],[-35.7783337,-9.5914852],[-35.7784005,-9.5915217],[-35.7784961,-9.5915236],[-35.7785407,-9.5915269],[-35.7787087,-9.5915897],[-35.7787782,-9.5916262],[-35.7788566,-9.5916427],[-35.778934,-9.5916412],[-35.7790459,-9.5916322],[-35.7791257,-9.5916017],[-35.7792208,-9.5915395],[-35.779296,-9.5914883],[-35.7793486,-9.5914626],[-35.7793795,-9.5914587],[-35.7794188,-9.591481],[-35.7794639,-9.5914282],[-35.7794979,-9.5913629],[-35.7795274,-9.5912895],[-35.7795549,-9.5912053],[-35.7795558,-9.5912025],[-35.7795999,-9.5911417],[-35.7796618,-9.5911421],[-35.7797086,-9.5911805],[-35.7796855,-9.5912557],[-35.7796958,-9.5912918],[-35.7797672,-9.5912225],[-35.7798676,-9.591144],[-35.7800704,-9.591015],[-35.7802248,-9.5909641],[-35.7804424,-9.5908602],[-35.7805093,-9.5908019],[-35.7805597,-9.590731],[-35.78058,-9.5906522],[-35.7805899,-9.5905302],[-35.7805658,-9.5903651],[-35.7804929,-9.5900223],[-35.7804619,-9.5899024],[-35.7804322,-9.5898304],[-35.7803925,-9.5897647],[-35.7803392,-9.589701],[-35.7802824,-9.5896545],[-35.7802291,-9.5895971],[-35.7801686,-9.5895524],[-35.7800846,-9.5895215],[-35.7799936,-9.5895249],[-35.7798441,-9.5894999],[-35.7797712,-9.5894806],[-35.7797274,-9.5894683],[-35.7796889,-9.5894442],[-35.7796076,-9.5894033],[-35.7795609,-9.589373],[-35.7796113,-9.5892985],[-35.7796464,-9.5892512],[-35.7797518,-9.5891203],[-35.7798086,-9.5890494],[-35.7798472,-9.5889849],[-35.7798539,-9.5889062],[-35.7798825,-9.5888446],[-35.7799668,-9.5888023],[-35.780031,-9.5887422],[-35.7801781,-9.5887013],[-35.7802853,-9.5886778],[-35.7803987,-9.5886344],[-35.7804724,-9.5886293],[-35.7805468,-9.5885935],[-35.7806046,-9.5885397],[-35.7806333,-9.5884853],[-35.7806621,-9.5884507],[-35.7806766,-9.5884334],[-35.7807109,-9.5883997],[-35.7807522,-9.5883362],[-35.7808126,-9.5882616],[-35.7809231,-9.5880818],[-35.7809473,-9.5880446],[-35.7809645,-9.5880183],[-35.7809923,-9.5879647],[-35.7810326,-9.587884],[-35.781072,-9.5878069],[-35.7810953,-9.5877669],[-35.7811559,-9.5877095],[-35.7811984,-9.5876749],[-35.7812481,-9.5876374],[-35.7812878,-9.587591],[-35.7813406,-9.5874768],[-35.7813856,-9.5874168],[-35.7814053,-9.5873832],[-35.7814393,-9.5872989],[-35.7814773,-9.5872769],[-35.7815153,-9.5872504],[-35.7815654,-9.5871443],[-35.7815967,-9.5870672],[-35.7815688,-9.5870006],[-35.7815065,-9.5869514],[-35.7814659,-9.5868849],[-35.781418,-9.5868193],[-35.7814023,-9.5867914],[-35.7813793,-9.5867528],[-35.7813625,-9.5867105],[-35.7813476,-9.5866663],[-35.7813418,-9.586623],[-35.7813342,-9.5865788],[-35.7813077,-9.5864615],[-35.7812854,-9.5864048],[-35.7812189,-9.5862861],[-35.7811991,-9.5862475],[-35.7811701,-9.5862116],[-35.7811424,-9.5861737],[-35.7811284,-9.5861314],[-35.7811171,-9.5860845],[-35.7811158,-9.5860321],[-35.7811447,-9.5860213],[-35.7811684,-9.58601],[-35.7811785,-9.5859818],[-35.7811834,-9.5859457],[-35.7811738,-9.5858943],[-35.7811468,-9.585815],[-35.7810987,-9.5857233],[-35.7810032,-9.5856192],[-35.7809693,-9.5855888],[-35.7809572,-9.5855654],[-35.7809396,-9.585524],[-35.7809261,-9.5854346],[-35.7809275,-9.5852684],[-35.780938,-9.5852222],[-35.7809236,-9.5851311],[-35.780891,-9.5850365],[-35.7808861,-9.5849877],[-35.7808536,-9.5849076],[-35.7808367,-9.5848535],[-35.7808334,-9.5846656],[-35.7808534,-9.5845507],[-35.780859,-9.5844603],[-35.7808774,-9.5843716],[-35.7808959,-9.584292],[-35.7809361,-9.5842022],[-35.7809861,-9.5840781],[-35.7809875,-9.5840302],[-35.781068,-9.5838615],[-35.7811239,-9.5837878],[-35.7811953,-9.5837231],[-35.7812568,-9.5836811],[-35.7813581,-9.5835917],[-35.7814418,-9.5834853],[-35.7814734,-9.5834517],[-35.7815829,-9.5833704],[-35.7816933,-9.5832864],[-35.7817477,-9.5832615],[-35.7817949,-9.5832485],[-35.7819105,-9.5832394],[-35.7819976,-9.5832153],[-35.7820877,-9.5832037],[-35.7822187,-9.5831954],[-35.7823113,-9.583163],[-35.7824068,-9.5831614],[-35.7824606,-9.5831673],[-35.7825446,-9.5832027],[-35.7826656,-9.5831963],[-35.7827529,-9.5831749],[-35.782934,-9.5831806],[-35.7830658,-9.5831462],[-35.783151,-9.5831039],[-35.783267,-9.5830406],[-35.7833286,-9.5830121],[-35.783395,-9.5829981],[-35.783485,-9.5829865],[-35.7835737,-9.582966],[-35.7836622,-9.5829435],[-35.7837275,-9.5829195],[-35.7837873,-9.5828901],[-35.78383,-9.5828744],[-35.7839201,-9.5828683],[-35.7839801,-9.5828642],[-35.784082,-9.5828498],[-35.7841756,-9.5828328],[-35.7842346,-9.5828196],[-35.7842764,-9.5828031],[-35.7843654,-9.5827834],[-35.7844564,-9.5827808],[-35.7845369,-9.5828217],[-35.784588,-9.5828385],[-35.7846353,-9.5828426],[-35.784681,-9.5828594],[-35.7848063,-9.582937],[-35.7848246,-9.5829459],[-35.7848484,-9.5829575],[-35.7848949,-9.5829688],[-35.784998,-9.5830014],[-35.7851277,-9.5830501],[-35.7851725,-9.5830723],[-35.7852127,-9.5830982],[-35.7852894,-9.5831247],[-35.7853871,-9.5831627],[-35.7854721,-9.5832045],[-35.7855472,-9.5832563],[-35.7857247,-9.5833669],[-35.7857997,-9.5834178],[-35.7858355,-9.5834446],[-35.7859481,-9.5835223],[-35.7860232,-9.5835868],[-35.7860525,-9.5836082],[-35.7860892,-9.583635],[-35.7861002,-9.5836431],[-35.786144,-9.5836626],[-35.7861888,-9.5836803],[-35.7862811,-9.5837501],[-35.7863179,-9.5837796],[-35.7863518,-9.58381],[-35.7864196,-9.5838628],[-35.7865182,-9.583975],[-35.7865722,-9.5840359],[-35.7866273,-9.5841032],[-35.7866586,-9.58414],[-35.7867246,-9.5841928],[-35.7867622,-9.5842286],[-35.78683,-9.5842895],[-35.7868905,-9.5843369],[-35.7869363,-9.5843781],[-35.7870052,-9.5844462],[-35.7870567,-9.584509],[-35.7871117,-9.5846775],[-35.7871395,-9.5847351],[-35.7871395,-9.5848454],[-35.7871217,-9.5848988],[-35.7871007,-9.5850002],[-35.787095,-9.585077],[-35.7870965,-9.5852577],[-35.7870717,-9.5853446],[-35.7870097,-9.5854445],[-35.7869695,-9.5855451],[-35.786917,-9.5856901],[-35.7869076,-9.5857615],[-35.786908,-9.5858069],[-35.7869083,-9.5858446],[-35.7869114,-9.585897],[-35.7869158,-9.5859855],[-35.7869392,-9.5860712],[-35.7869533,-9.5861171],[-35.7870446,-9.5862591],[-35.7870687,-9.5863114],[-35.7871729,-9.5864749],[-35.787205,-9.5865108],[-35.7872207,-9.586536],[-35.7872457,-9.5865936],[-35.7872604,-9.5866524],[-35.787258,-9.5867543],[-35.7872658,-9.5868256],[-35.7872939,-9.586914],[-35.7873142,-9.5869563],[-35.7873437,-9.5869922],[-35.7873931,-9.5870243],[-35.7875182,-9.5870775],[-35.7876425,-9.5871406],[-35.7877923,-9.5872],[-35.7878526,-9.5872212],[-35.7879393,-9.5872476],[-35.7880095,-9.5872624],[-35.7880741,-9.5872673],[-35.7882099,-9.5872824],[-35.7882673,-9.5872865],[-35.7883457,-9.5872976],[-35.7884367,-9.5873005],[-35.7885231,-9.5872871],[-35.7886633,-9.587286],[-35.7886815,-9.5872856],[-35.7887088,-9.5872865],[-35.7887634,-9.5872879],[-35.7888116,-9.5872812],[-35.7888453,-9.5872782],[-35.7888898,-9.5872724],[-35.7889353,-9.5872685],[-35.7889808,-9.5872627],[-35.7890171,-9.5872497],[-35.789096,-9.587213],[-35.7891687,-9.5871979],[-35.7892381,-9.5872245],[-35.7893185,-9.5872663],[-35.7893587,-9.5872867],[-35.7894819,-9.5873237],[-35.7895123,-9.5873641],[-35.7895498,-9.5873909],[-35.7895928,-9.5874122],[-35.7896213,-9.5874472],[-35.789681,-9.5875154],[-35.7897077,-9.5875514],[-35.7897454,-9.5875926],[-35.7897748,-9.5876339],[-35.7898089,-9.5876743],[-35.7898446,-9.5877102],[-35.7898849,-9.587736],[-35.7899342,-9.5877555],[-35.7899835,-9.5877723],[-35.7900255,-9.587781],[-35.7901284,-9.5877865],[-35.7902095,-9.5877976],[-35.7902988,-9.587814],[-35.790389,-9.5878259],[-35.7904346,-9.5878328],[-35.7904793,-9.5878379],[-35.7905421,-9.5878419],[-35.7906395,-9.5878438],[-35.7906923,-9.587847],[-35.7907879,-9.5878435],[-35.7908362,-9.587854],[-35.790843,-9.5878539],[-35.7908881,-9.5878535],[-35.7909327,-9.5878478],[-35.7909864,-9.5878482],[-35.7910347,-9.5878587],[-35.7910684,-9.5878602],[-35.7911139,-9.5878562],[-35.791203,-9.5878411],[-35.7912721,-9.5878306],[-35.7913839,-9.5878188],[-35.791464,-9.5878164],[-35.791475,-9.5878163],[-35.7915123,-9.587816],[-35.791566,-9.5878192],[-35.7916105,-9.5878125],[-35.7916894,-9.5878176],[-35.7917978,-9.5878056],[-35.7918276,-9.5878023],[-35.7918798,-9.5877929],[-35.7919159,-9.587783],[-35.7919393,-9.5877808],[-35.7919569,-9.587791],[-35.7919607,-9.5878186],[-35.7919723,-9.5878335],[-35.7919945,-9.587867],[-35.7920256,-9.5879124],[-35.7920815,-9.5879464],[-35.7921509,-9.5880086],[-35.7923547,-9.5880432],[-35.7924857,-9.5881841],[-35.7926255,-9.5882133],[-35.7928339,-9.5881683],[-35.7929767,-9.5881255],[-35.7930802,-9.5880633],[-35.7932231,-9.5880557],[-35.7933512,-9.5880313],[-35.7935178,-9.588153],[-35.79364,-9.5881333],[-35.7937795,-9.5880228],[-35.7939246,-9.5878691],[-35.7939823,-9.5876826],[-35.7940395,-9.5876302],[-35.7940906,-9.5875528],[-35.7942053,-9.5873491],[-35.794238,-9.5871511],[-35.7943964,-9.58701],[-35.7940144,-9.5866284],[-35.7939202,-9.5865776],[-35.7938178,-9.5865406],[-35.7937955,-9.5864821],[-35.7936621,-9.5864139],[-35.7936186,-9.5864043],[-35.7935304,-9.5863111],[-35.7935179,-9.5862337],[-35.7934398,-9.5861413],[-35.7933392,-9.5860879],[-35.7933024,-9.5860358],[-35.7932321,-9.5859578],[-35.7931542,-9.5859442],[-35.7931392,-9.5858826],[-35.7930638,-9.5858042],[-35.7929952,-9.5857614],[-35.792955,-9.58574],[-35.7929449,-9.5857347],[-35.7928899,-9.5856899],[-35.7928531,-9.5856405],[-35.7927975,-9.585632],[-35.7927643,-9.5856111],[-35.7927324,-9.585609],[-35.7926924,-9.5855782],[-35.7926233,-9.5856092],[-35.7925446,-9.5856075],[-35.792526,-9.5855555],[-35.7924269,-9.5854569],[-35.792361,-9.5854132],[-35.7922798,-9.5853949],[-35.7921758,-9.5853568],[-35.7920909,-9.5853304],[-35.7920436,-9.5853308],[-35.791998,-9.5853303],[-35.7919525,-9.5853279],[-35.7917721,-9.585305],[-35.7917036,-9.585282],[-35.7916722,-9.5852227],[-35.7916239,-9.5851029],[-35.7915681,-9.5850762],[-35.7915121,-9.5850189],[-35.7914827,-9.5849848],[-35.7914058,-9.5849303],[-35.7913227,-9.5849011],[-35.7912817,-9.584897],[-35.7911879,-9.5848824],[-35.7911423,-9.5848791],[-35.7910968,-9.5848768],[-35.7910931,-9.5848768],[-35.7910513,-9.5848771],[-35.7910058,-9.5848766],[-35.7909429,-9.5848726],[-35.7906844,-9.5848692],[-35.7904495,-9.5848666],[-35.7903811,-9.5848509],[-35.7903164,-9.5848451],[-35.7902544,-9.5848357],[-35.7901451,-9.5848275],[-35.7900996,-9.5848243],[-35.7900102,-9.5848042],[-35.7899446,-9.5847921],[-35.7898743,-9.5847746],[-35.7897877,-9.5847599],[-35.7897403,-9.5847467],[-35.7896215,-9.5846881],[-35.7894615,-9.5846017],[-35.7894294,-9.5845695],[-35.7893597,-9.5845113],[-35.7893249,-9.5844827],[-35.7891684,-9.5843827],[-35.7890451,-9.5843331],[-35.7889602,-9.5843004],[-35.7889236,-9.5842763],[-35.7888594,-9.5842217],[-35.7887697,-9.5841565],[-35.7886771,-9.5840786],[-35.7886768,-9.5840452],[-35.7886554,-9.583992],[-35.7885796,-9.5838508],[-35.7885882,-9.5837857],[-35.7886388,-9.5837383],[-35.7887179,-9.5837286],[-35.7887704,-9.583693],[-35.788768,-9.5836216],[-35.7887756,-9.583543],[-35.7888346,-9.5835271],[-35.7888949,-9.5835547],[-35.788948,-9.5835886],[-35.7890057,-9.5836333],[-35.789055,-9.5836518],[-35.7891234,-9.583663],[-35.7891754,-9.583678],[-35.7892319,-9.583692],[-35.7892939,-9.5836996],[-35.7893567,-9.5836964],[-35.7894586,-9.5836974],[-35.7896007,-9.5836999],[-35.7896833,-9.5836757],[-35.7897223,-9.5836537],[-35.7897585,-9.5836263],[-35.7898364,-9.5835796],[-35.7899505,-9.5835136],[-35.7900031,-9.5834825],[-35.7900979,-9.5833887],[-35.7901282,-9.5833134],[-35.7901696,-9.5832607],[-35.7902359,-9.5832421],[-35.790325,-9.5832233],[-35.7903676,-9.5832076],[-35.7904354,-9.5831474],[-35.7904849,-9.583073],[-35.7905055,-9.5830321],[-35.7905367,-9.5829479],[-35.7905681,-9.5828997],[-35.790646,-9.5828458],[-35.7907038,-9.5828002],[-35.7907817,-9.5827526],[-35.7908514,-9.5826951],[-35.7909092,-9.5826467],[-35.7910153,-9.5825926],[-35.7910906,-9.5825685],[-35.7911324,-9.582551],[-35.7912214,-9.582534],[-35.7913086,-9.582508],[-35.7913513,-9.5824914],[-35.7914075,-9.5824638],[-35.7914591,-9.5824282],[-35.7914988,-9.5823872],[-35.7915513,-9.5823488],[-35.7916148,-9.5823221],[-35.7916783,-9.5822972],[-35.7917028,-9.5822943],[-35.7917438,-9.5822895],[-35.7918384,-9.5822824],[-35.7919084,-9.5822719],[-35.7920676,-9.5822679],[-35.7921521,-9.5822401],[-35.7922382,-9.5821988],[-35.7922962,-9.5821667],[-35.7923048,-9.5821052],[-35.7922799,-9.5820647],[-35.7922115,-9.5820463],[-35.7922998,-9.5819435],[-35.7922381,-9.5818527],[-35.792206,-9.5818241],[-35.7921566,-9.5817947],[-35.7921036,-9.5817635],[-35.7920652,-9.5816847],[-35.792005,-9.5816481],[-35.7918958,-9.5816233],[-35.7918491,-9.5815875],[-35.7917961,-9.581569],[-35.7917557,-9.5815268],[-35.7916919,-9.5815192],[-35.791628,-9.5814972],[-35.7916094,-9.5814377],[-35.7915456,-9.5813198],[-35.7914905,-9.5812579],[-35.7914501,-9.5812176],[-35.7914006,-9.5811819],[-35.7913446,-9.5811254],[-35.7912977,-9.581068],[-35.791272,-9.5810302],[-35.791224,-9.5809538],[-35.7911926,-9.5809035],[-35.7911688,-9.5808829],[-35.7911184,-9.5808363],[-35.7910671,-9.580797],[-35.7909783,-9.5807354],[-35.7909451,-9.5806913],[-35.7908964,-9.5806339],[-35.7908478,-9.5805864],[-35.7907884,-9.5805652],[-35.7907697,-9.5805048],[-35.7907215,-9.5805007],[-35.7906715,-9.5805092],[-35.7906107,-9.5805323],[-35.7905264,-9.5805809],[-35.7904554,-9.5805851],[-35.7903568,-9.5805461],[-35.7902765,-9.580516],[-35.7902281,-9.5805002],[-35.7901568,-9.5804709],[-35.7901382,-9.580416],[-35.7901367,-9.5803392],[-35.7901336,-9.5802805],[-35.7901633,-9.5802577],[-35.7902059,-9.580241],[-35.7902486,-9.5802244],[-35.7902903,-9.5802078],[-35.7903357,-9.5801903],[-35.7904656,-9.580133],[-35.7905955,-9.5800421],[-35.7907333,-9.5799922],[-35.7908672,-9.5798674],[-35.7909251,-9.5797813],[-35.7910208,-9.5797105],[-35.7911891,-9.5796811],[-35.7912398,-9.5796654],[-35.7914676,-9.5796635],[-35.7915497,-9.5797044],[-35.7916433,-9.579803],[-35.7916949,-9.5798561],[-35.7917422,-9.5798912],[-35.7917872,-9.5799142],[-35.7918131,-9.5799309],[-35.7918228,-9.5799371],[-35.7918329,-9.5799475],[-35.7918862,-9.5800017],[-35.792048,-9.5801621],[-35.7920821,-9.5801919],[-35.7921897,-9.5802715],[-35.7922245,-9.5803025],[-35.792255,-9.5803356],[-35.7922892,-9.5803548],[-35.7923346,-9.580343],[-35.7923782,-9.580344],[-35.7924251,-9.5803452],[-35.792469,-9.580342],[-35.7925155,-9.5803387],[-35.7925397,-9.5803369],[-35.7926061,-9.5803322],[-35.7926456,-9.5803293],[-35.7927033,-9.5803194],[-35.79274,-9.5803108],[-35.7927857,-9.5803001],[-35.792828,-9.5802901],[-35.792871,-9.5802801],[-35.7929175,-9.5802743],[-35.7929601,-9.580269],[-35.7930069,-9.580271],[-35.7930535,-9.5802732],[-35.7930991,-9.5802725],[-35.7931944,-9.5802709],[-35.7932672,-9.5802616],[-35.7932851,-9.5802623],[-35.7933268,-9.580264],[-35.7933697,-9.5802658],[-35.793396,-9.5802669],[-35.7934345,-9.5802684],[-35.793468,-9.5802689],[-35.793509,-9.5802695],[-35.7935532,-9.5802701],[-35.7935953,-9.5802806],[-35.7936408,-9.580292],[-35.7936792,-9.5803086],[-35.7937254,-9.5803287],[-35.7937599,-9.5803546],[-35.7937975,-9.5803828],[-35.7938329,-9.5804094],[-35.7938671,-9.580435],[-35.7939011,-9.5804635],[-35.7939422,-9.5804979],[-35.7939739,-9.5805245],[-35.7940082,-9.5805531],[-35.794043,-9.5805824],[-35.794081,-9.5806068],[-35.7941178,-9.5806306],[-35.7941612,-9.5806482],[-35.7941919,-9.5806796],[-35.7942223,-9.580711],[-35.7942595,-9.5807354],[-35.7942979,-9.5807605],[-35.7943352,-9.5807849],[-35.7944224,-9.5808134],[-35.7944631,-9.5808268],[-35.7945105,-9.5808431],[-35.7945479,-9.5808559],[-35.7947269,-9.5808606],[-35.7947733,-9.5808488],[-35.7948595,-9.580827],[-35.7949027,-9.5808141],[-35.7949476,-9.580801],[-35.7949788,-9.5807751],[-35.7950082,-9.5807455],[-35.795044,-9.5807092],[-35.7951352,-9.5807064],[-35.7951801,-9.5807129],[-35.7952243,-9.5807189],[-35.7952808,-9.5807266],[-35.7953123,-9.580731],[-35.7953586,-9.5807423],[-35.7953904,-9.5807588],[-35.7954406,-9.5807781],[-35.795483,-9.5807945],[-35.7955265,-9.5808112],[-35.7955713,-9.5808212],[-35.7956174,-9.5808325],[-35.7957019,-9.5808537],[-35.7957454,-9.5808645],[-35.7957902,-9.5808755],[-35.7958791,-9.5808976],[-35.7958977,-9.5809055],[-35.7959458,-9.5809262],[-35.7959617,-9.580933],[-35.7960181,-9.5809446],[-35.796096,-9.5809643],[-35.7961381,-9.580975],[-35.7961855,-9.5809871],[-35.7962315,-9.5809969],[-35.7963585,-9.5810245],[-35.7964023,-9.5810413],[-35.7964504,-9.5810494],[-35.7965368,-9.5810644],[-35.7965474,-9.5810663],[-35.7965819,-9.5810724],[-35.7965879,-9.5810755],[-35.7966606,-9.581114],[-35.7967499,-9.5811282],[-35.7968839,-9.5811503],[-35.7970188,-9.5811754],[-35.7971328,-9.581208],[-35.7972385,-9.5812405],[-35.797278,-9.5812574],[-35.7973234,-9.58127],[-35.7973663,-9.5812675],[-35.797452,-9.5812626],[-35.7976394,-9.5812717],[-35.7976864,-9.5812738],[-35.7978217,-9.5812964],[-35.7979526,-9.5812719],[-35.7979982,-9.5812796],[-35.7980795,-9.5813178],[-35.7981317,-9.5813562],[-35.7981957,-9.5813875],[-35.7982859,-9.581403],[-35.7983306,-9.5814106],[-35.798385,-9.5814229],[-35.798418,-9.5814314],[-35.7984624,-9.5814428],[-35.7985476,-9.5814646],[-35.7985926,-9.5814817],[-35.7986783,-9.5815144],[-35.7987193,-9.5815299],[-35.798759,-9.5815536],[-35.7987881,-9.5815885],[-35.7988018,-9.5816275],[-35.7987913,-9.5816742],[-35.7987783,-9.5817157],[-35.7987322,-9.5818408],[-35.7987109,-9.5819167],[-35.798698,-9.581973],[-35.7987409,-9.5820515],[-35.7987735,-9.5820799],[-35.799556,-9.5820675],[-35.7996031,-9.5820669],[-35.7996349,-9.5820695],[-35.7996706,-9.5820936],[-35.7996865,-9.582136],[-35.7997023,-9.5821783],[-35.7997154,-9.5822216],[-35.7997288,-9.5822646],[-35.7997362,-9.5823081],[-35.799732,-9.582353],[-35.7997101,-9.5823978],[-35.7996909,-9.5824329],[-35.7996694,-9.5824725],[-35.7996766,-9.5824927],[-35.7996846,-9.5825149],[-35.7997168,-9.5825446],[-35.7997492,-9.5825745],[-35.7997924,-9.582626],[-35.799836,-9.5826781],[-35.7998605,-9.5827173],[-35.7998872,-9.5827532],[-35.7999139,-9.5827891],[-35.7999261,-9.5828333],[-35.7999312,-9.5828768],[-35.7999439,-9.5829191],[-35.7999699,-9.5829558],[-35.7999905,-9.5829829],[-35.80001,-9.5830085],[-35.8000518,-9.5830636],[-35.8000894,-9.5830895],[-35.8001672,-9.5831403],[-35.8001897,-9.5831501],[-35.8002475,-9.5831767],[-35.8003062,-9.5832196],[-35.8003813,-9.583298],[-35.8004072,-9.5833312],[-35.8004321,-9.5833722],[-35.8003991,-9.5834529],[-35.8003597,-9.5835345],[-35.8003275,-9.5836167],[-35.8002945,-9.5836841],[-35.8002751,-9.5837242],[-35.8002582,-9.5837666],[-35.8002338,-9.5838276],[-35.8002033,-9.5838908],[-35.8001845,-9.5839315],[-35.8001667,-9.5839733],[-35.8001435,-9.5840313],[-35.8000449,-9.5842155],[-35.7999936,-9.5843104],[-35.799964,-9.5843454],[-35.7999596,-9.5843829],[-35.8000303,-9.5845508],[-35.8000758,-9.5846232],[-35.8000982,-9.5846656],[-35.8001135,-9.5848006],[-35.8000876,-9.5848925],[-35.8000725,-9.5849336],[-35.8000542,-9.5849707],[-35.8000153,-9.5850524],[-35.7999636,-9.5851242],[-35.7999471,-9.5851677],[-35.7999431,-9.5851952],[-35.7999342,-9.5852572],[-35.7999051,-9.5853422],[-35.7998852,-9.5853832],[-35.799848,-9.58544],[-35.7998091,-9.5854944],[-35.799762,-9.585573],[-35.7997438,-9.5855915],[-35.7996808,-9.5856568],[-35.7996365,-9.5857012],[-35.7995759,-9.5857426],[-35.7995255,-9.5857825],[-35.7994692,-9.5858274],[-35.7994203,-9.5858667],[-35.7993624,-9.5859114],[-35.7992747,-9.5859763],[-35.7992014,-9.5860284],[-35.7991327,-9.5860885],[-35.7991101,-9.5861041],[-35.7990739,-9.5861306],[-35.799023,-9.5861718],[-35.7989898,-9.5861999],[-35.7989452,-9.5862084],[-35.7988636,-9.586247],[-35.7988465,-9.5862688],[-35.7987773,-9.5863521],[-35.7986983,-9.5863956],[-35.7986023,-9.5864651],[-35.7985508,-9.5865016],[-35.7984938,-9.5865463],[-35.7984214,-9.5866011],[-35.7983481,-9.586655],[-35.7983128,-9.5866833],[-35.798261,-9.586721],[-35.79822,-9.5867518],[-35.7981211,-9.5868339],[-35.7980636,-9.586884],[-35.7979295,-9.5869999],[-35.797915,-9.5870118],[-35.797885,-9.5870453],[-35.7978802,-9.5870667],[-35.7979139,-9.5871494],[-35.7979398,-9.5871973],[-35.7979991,-9.5872749],[-35.7981948,-9.5874617],[-35.7982347,-9.5874816],[-35.7982794,-9.5874886],[-35.7982906,-9.5875264],[-35.7982872,-9.5875508],[-35.7982049,-9.587622],[-35.7981739,-9.5876584],[-35.7981289,-9.5877128],[-35.7980885,-9.5877614],[-35.7980305,-9.5877993],[-35.7979895,-9.5878343],[-35.7979512,-9.5878761],[-35.7979313,-9.5879205],[-35.7979144,-9.5879564],[-35.7979049,-9.588002],[-35.7978799,-9.5880861],[-35.7978209,-9.5881597],[-35.797799,-9.5882033],[-35.7977784,-9.5882664],[-35.797757,-9.588334],[-35.7977431,-9.5884168],[-35.7977262,-9.588485],[-35.7977151,-9.5885297],[-35.7977004,-9.58859],[-35.7976609,-9.5886733],[-35.7976324,-9.588713],[-35.7976033,-9.5887536],[-35.797529,-9.588832],[-35.797487,-9.5888791],[-35.7974479,-9.5889572],[-35.7974503,-9.5889999],[-35.7975017,-9.5890726],[-35.7975217,-9.5891091],[-35.7975448,-9.5891532],[-35.7975457,-9.5892258],[-35.7975455,-9.5892436],[-35.7975579,-9.5892836],[-35.7975753,-9.589327],[-35.7976005,-9.5893658],[-35.79764,-9.5893892],[-35.7976793,-9.5894031],[-35.7977267,-9.589405],[-35.7977718,-9.5894014],[-35.7978172,-9.5893977],[-35.7978626,-9.5893937],[-35.7978775,-9.5894288],[-35.7978824,-9.5894731],[-35.7978618,-9.589513],[-35.7978069,-9.5895848],[-35.7977844,-9.5896238],[-35.7977611,-9.5896629],[-35.797697,-9.5897266],[-35.7976635,-9.5897567],[-35.7976218,-9.5897724],[-35.7975807,-9.5897556],[-35.7975427,-9.5897794],[-35.7974981,-9.5897878],[-35.7974564,-9.5898053],[-35.7974126,-9.5897985],[-35.7973688,-9.5897862],[-35.7973234,-9.5897911],[-35.7972826,-9.5898095],[-35.7972473,-9.5898369],[-35.7971731,-9.5898899],[-35.797135,-9.5899146],[-35.7971144,-9.5899481],[-35.7971355,-9.5899742],[-35.797181,-9.5899693],[-35.7972175,-9.5899798],[-35.7972233,-9.5900241],[-35.7972137,-9.5900684],[-35.7971875,-9.5900948],[-35.7971429,-9.5900988],[-35.7971163,-9.5900701],[-35.7970738,-9.5899982],[-35.7970312,-9.590013],[-35.7969904,-9.5900332],[-35.7969542,-9.5900606],[-35.7969132,-9.5900546],[-35.7968712,-9.5900377],[-35.7968291,-9.5900209],[-35.7967862,-9.5900041],[-35.7967442,-9.5899882],[-35.7966987,-9.5899921],[-35.7966597,-9.5900096],[-35.7966272,-9.5900406],[-35.7965882,-9.5900599],[-35.7964992,-9.5900805],[-35.7964555,-9.5900863],[-35.7964225,-9.5900549],[-35.7963887,-9.5900434],[-35.7963526,-9.5900708],[-35.7962672,-9.5900932],[-35.7962255,-9.5901116],[-35.7961809,-9.5901192],[-35.7961354,-9.5901223],[-35.7960905,-9.5901213],[-35.7961132,-9.5901515],[-35.7961323,-9.590191],[-35.7961291,-9.5902362],[-35.7961103,-9.5902743],[-35.7960778,-9.5903062],[-35.7959943,-9.5903394],[-35.7958149,-9.5903272],[-35.795747,-9.59027],[-35.7957032,-9.5902577],[-35.7956623,-9.5902542],[-35.7956122,-9.5902566],[-35.79559,-9.5902188],[-35.7955853,-9.5901739],[-35.7955586,-9.590154],[-35.7955211,-9.5901363],[-35.7954944,-9.5901022],[-35.7955223,-9.5900667],[-35.795504,-9.5900461],[-35.7954638,-9.5900292],[-35.7954289,-9.5899997],[-35.7953905,-9.5899765],[-35.7953467,-9.5899642],[-35.7953094,-9.5899708],[-35.7952952,-9.5900125],[-35.7952689,-9.5900263],[-35.7952278,-9.5900076],[-35.7951948,-9.5899772],[-35.7951618,-9.5899513],[-35.7951171,-9.5899426],[-35.7950261,-9.5899442],[-35.7949815,-9.5899401],[-35.7949368,-9.5899305],[-35.7948921,-9.5899209],[-35.7948037,-9.5899017],[-35.7947601,-9.589912],[-35.7947266,-9.589943],[-35.7946811,-9.5899452],[-35.7946541,-9.5899081],[-35.7946196,-9.5898825],[-35.7945761,-9.5898659],[-35.7945314,-9.5898488],[-35.7944918,-9.5898338],[-35.7944498,-9.5898179],[-35.7943596,-9.5898096],[-35.7942696,-9.589822],[-35.7941935,-9.5898696],[-35.7941562,-9.5898708],[-35.794116,-9.5898495],[-35.7940733,-9.5898616],[-35.7940306,-9.5898737],[-35.7939851,-9.5898767],[-35.7939396,-9.5898816],[-35.793907,-9.5899018],[-35.7938891,-9.5899335],[-35.7938489,-9.589914],[-35.7938195,-9.5898799],[-35.7937784,-9.5898703],[-35.7937329,-9.5898724],[-35.7936454,-9.5898506],[-35.793564,-9.5898133],[-35.7935323,-9.5898244],[-35.7935317,-9.5898695],[-35.7935045,-9.5898815],[-35.7934724,-9.5898501],[-35.7934385,-9.5898206],[-35.7933115,-9.589771],[-35.7932686,-9.5897542],[-35.793181,-9.5897305],[-35.7931355,-9.5897291],[-35.7930909,-9.5897276],[-35.7930462,-9.589719],[-35.7930006,-9.5897112],[-35.792956,-9.5897025],[-35.7929113,-9.5896948],[-35.7928666,-9.589687],[-35.7927773,-9.5896705],[-35.7927317,-9.5896637],[-35.7926871,-9.5896622],[-35.7926416,-9.5896617],[-35.7925961,-9.5896612],[-35.7925505,-9.5896561],[-35.7925049,-9.589652],[-35.7924603,-9.5896469],[-35.7924148,-9.5896427],[-35.7923692,-9.5896377],[-35.7923246,-9.5896335],[-35.792279,-9.5896285],[-35.792188,-9.5896292],[-35.7921433,-9.5896232],[-35.7920531,-9.5896086],[-35.7920084,-9.5895999],[-35.7919637,-9.5895913],[-35.7919191,-9.5895844],[-35.7918735,-9.5895784],[-35.7918289,-9.5895725],[-35.7917833,-9.5895692],[-35.7916056,-9.5895436],[-35.7915154,-9.5895325],[-35.7913799,-9.5895481],[-35.7913344,-9.5895503],[-35.7912015,-9.5895586],[-35.7911115,-9.5895701],[-35.791066,-9.5895651],[-35.7910204,-9.5895609],[-35.7909302,-9.5895499],[-35.7908847,-9.5895458],[-35.79084,-9.5895434],[-35.7907537,-9.5895577],[-35.790723,-9.5895913],[-35.7906923,-9.5896241],[-35.7906616,-9.5896578],[-35.790618,-9.589669],[-35.7905735,-9.5896802],[-35.7905299,-9.5896932],[-35.7904863,-9.5897053],[-35.7904427,-9.5897174],[-35.7903565,-9.5897461],[-35.7903119,-9.5897482],[-35.7901754,-9.5897538],[-35.7901299,-9.5897551],[-35.7900853,-9.5897573],[-35.789961,-9.5898098],[-35.7898785,-9.5898484],[-35.7897894,-9.5898645],[-35.7897064,-9.5898362],[-35.7896896,-9.5897939],[-35.789664,-9.5897706],[-35.7896433,-9.5898006],[-35.7896455,-9.5898457],[-35.7896303,-9.5898865],[-35.7896079,-9.5899256],[-35.789565,-9.5899169],[-35.7895351,-9.5899243],[-35.7895309,-9.5899686],[-35.7895203,-9.590013],[-35.7894791,-9.5900919],[-35.7894205,-9.5901611],[-35.7893888,-9.5901902],[-35.7893017,-9.5902171],[-35.7891661,-9.5903312],[-35.7890937,-9.5903832],[-35.7890314,-9.5904488],[-35.7889384,-9.5905471],[-35.7889059,-9.5905763],[-35.7888623,-9.5905911],[-35.7888276,-9.5905778],[-35.7888,-9.5905428],[-35.788777,-9.5905041],[-35.7887557,-9.5904636],[-35.7887344,-9.5904241],[-35.7887132,-9.5903845],[-35.7887107,-9.5904215],[-35.7887266,-9.5904639],[-35.7887433,-9.5905062],[-35.7887591,-9.5905485],[-35.788758,-9.590638],[-35.7887356,-9.590677],[-35.7887135,-9.5907639],[-35.788713,-9.5908091],[-35.7887125,-9.5908543],[-35.7886787,-9.5908428],[-35.7885914,-9.5908535],[-35.7885799,-9.5908978],[-35.7885249,-9.5909651],[-35.7884709,-9.5910378],[-35.788453,-9.5910786],[-35.7884315,-9.5911186],[-35.7883655,-9.5911733],[-35.78832,-9.5911755],[-35.7882745,-9.5911767],[-35.7881585,-9.5912391],[-35.7880361,-9.5912997],[-35.7879637,-9.59135],[-35.7879559,-9.5913943],[-35.7878926,-9.591449],[-35.7878035,-9.5914588],[-35.7877645,-9.5914826],[-35.7877256,-9.5915064],[-35.7876723,-9.5915665],[-35.7877072,-9.5915942],[-35.7877687,-9.5916606],[-35.7877781,-9.5917011],[-35.787774,-9.5917463],[-35.7877006,-9.591793],[-35.7876579,-9.5918078],[-35.7876144,-9.5918226],[-35.7875281,-9.5918513],[-35.7874965,-9.5918814],[-35.7874704,-9.5919177],[-35.7874434,-9.5919541],[-35.7874016,-9.591968],[-35.7873571,-9.5919756],[-35.7873126,-9.591984],[-35.787225,-9.5919622],[-35.7872337,-9.5919196],[-35.7872452,-9.5918762],[-35.7872649,-9.5918354],[-35.787286,-9.5917485],[-35.787263,-9.5917125],[-35.7872327,-9.5916784],[-35.7872033,-9.5916443],[-35.7871729,-9.5916102],[-35.7871417,-9.5915771],[-35.7871105,-9.5915448],[-35.7870784,-9.5915125],[-35.7870454,-9.5914821],[-35.7869784,-9.5914203],[-35.7869097,-9.5913612],[-35.786883,-9.5913253],[-35.7868572,-9.5912884],[-35.7868117,-9.5912888],[-35.7868469,-9.5913644],[-35.7868835,-9.5913921],[-35.7869183,-9.5914198],[-35.7869532,-9.5914494],[-35.7869889,-9.591478],[-35.7870237,-9.5915066],[-35.7871201,-9.5916025],[-35.7871486,-9.5916375],[-35.7871975,-9.5917121],[-35.787196,-9.5917573],[-35.7871763,-9.5917918],[-35.7871373,-9.5918138],[-35.7870472,-9.5918136],[-35.7870017,-9.5918185],[-35.7869562,-9.5918234],[-35.7869116,-9.5918274],[-35.786876,-9.5918051],[-35.7868808,-9.5918457],[-35.7868994,-9.5918871],[-35.7869333,-9.5919148],[-35.7869626,-9.5919417],[-35.7869393,-9.5919807],[-35.7869076,-9.5920054],[-35.7868622,-9.5920103],[-35.7868195,-9.5920233],[-35.7867778,-9.5920408],[-35.7867351,-9.5920574],[-35.7866925,-9.5920731],[-35.7866498,-9.5920897],[-35.7866071,-9.5920999],[-35.7865725,-9.5921047],[-35.7865811,-9.5921489],[-35.7865612,-9.5921663],[-35.7865166,-9.5921612],[-35.7864904,-9.5921894],[-35.7864592,-9.5922737],[-35.7864441,-9.5923145],[-35.7863986,-9.5923166],[-35.7863531,-9.5923188],[-35.7863076,-9.592321],[-35.7862621,-9.5923223],[-35.7862276,-9.5923406],[-35.7862043,-9.5923787],[-35.7861598,-9.5923899],[-35.7861152,-9.5923984],[-35.7860698,-9.5924024],[-35.7860252,-9.5924082],[-35.7859807,-9.5924203],[-35.78595,-9.5924485],[-35.7859275,-9.5924885],[-35.7859014,-9.5925248],[-35.7858726,-9.5925567],[-35.7858279,-9.5925498],[-35.785788,-9.5925628],[-35.7857554,-9.5925938],[-35.7857174,-9.5926167],[-35.7856784,-9.5926396],[-35.7856404,-9.5926652],[-35.7856152,-9.5927033],[-35.7856083,-9.592744],[-35.7856196,-9.5927873],[-35.7856016,-9.5928218],[-35.7855655,-9.5928483],[-35.7855199,-9.5928477],[-35.7854744,-9.5928463],[-35.7854289,-9.5928421],[-35.7853842,-9.592838],[-35.7853387,-9.5928338],[-35.7852931,-9.5928297],[-35.7852502,-9.5928156],[-35.7852101,-9.592805],[-35.7851886,-9.592845],[-35.785156,-9.5928669],[-35.7851105,-9.59287],[-35.7850669,-9.5928812],[-35.7849816,-9.5929126],[-35.7849389,-9.5929274],[-35.7848972,-9.5929458],[-35.78486,-9.5929696],[-35.7848459,-9.592987]]]]}},
{"type":"Feature","properties":{"ibge_code_municipio":"2704302","name":"Pontal da Barra","code":"2704302037"},"geometry":{"type":"MultiPolygon","coordinates":[[[[-35.7673281,-9.6754674],[-35.7674244,-9.6753938],[-35.7675007,-9.6753926],[-35.7675952,-9.6754072],[-35.767766,-9.6754084],[-35.767921,-9.6754714],[-35.7679912,-9.6755259],[-35.7681111,-9.6755319],[-35.768139,-9.6755537],[-35.7681487,-9.6755731],[-35.7681826,-9.6755864],[-35.7682201,-9.6756288],[-35.7682443,-9.6756821],[-35.7682577,-9.6756857],[-35.7682783,-9.6757245],[-35.7683376,-9.6757754],[-35.7683582,-9.6758359],[-35.7684127,-9.6758577],[-35.7684405,-9.675894],[-35.7684466,-9.6759255],[-35.768466,-9.675957],[-35.7684999,-9.6759873],[-35.7684975,-9.6760442],[-35.7684841,-9.6760684],[-35.7685314,-9.6761254],[-35.7685241,-9.6762295],[-35.7685411,-9.6762465],[-35.7685629,-9.6762986],[-35.7685641,-9.6763446],[-35.7685508,-9.6763942],[-35.7685798,-9.6764948],[-35.7686028,-9.6765456],[-35.7685944,-9.6765977],[-35.7686137,-9.676634],[-35.7686295,-9.6767019],[-35.7686295,-9.6767491],[-35.7686561,-9.6768363],[-35.7686676,-9.6769804],[-35.7687021,-9.6770077],[-35.768707,-9.6770246],[-35.7687031,-9.6770561],[-35.7686734,-9.6770967],[-35.7686549,-9.6771388],[-35.7686361,-9.677152],[-35.768634,-9.6772611],[-35.7686235,-9.6774338],[-35.7686179,-9.6776281],[-35.7686181,-9.6776552],[-35.7686305,-9.6777301],[-35.7686437,-9.6777824],[-35.7686649,-9.6779285],[-35.7686727,-9.6779935],[-35.7686737,-9.6780044],[-35.7686752,-9.6780685],[-35.7686754,-9.6780893],[-35.7686592,-9.6781156],[-35.7686511,-9.6781247],[-35.7686414,-9.6781736],[-35.7686436,-9.6782106],[-35.7686474,-9.6782314],[-35.7686406,-9.6782883],[-35.7686362,-9.6783128],[-35.7686371,-9.6784248],[-35.7686458,-9.6785946],[-35.7686473,-9.6786704],[-35.7686513,-9.6787093],[-35.768662,-9.6787896],[-35.7686627,-9.6788844],[-35.7686631,-9.6789278],[-35.7686946,-9.678998],[-35.7687061,-9.6790576],[-35.7687012,-9.6791299],[-35.7687127,-9.6792003],[-35.7687105,-9.6792716],[-35.7687219,-9.6793203],[-35.7687275,-9.6793393],[-35.7687331,-9.6793555],[-35.7687359,-9.679369],[-35.768736,-9.6793826],[-35.7687335,-9.6794124],[-35.7687284,-9.6794504],[-35.7687396,-9.6794801],[-35.7687483,-9.6795406],[-35.7687652,-9.6796082],[-35.7687667,-9.6796768],[-35.768756,-9.6797058],[-35.7687599,-9.6797429],[-35.7687593,-9.6797817],[-35.7687773,-9.6799731],[-35.768784,-9.6800173],[-35.7688,-9.680075],[-35.7688112,-9.6801038],[-35.768816,-9.6801345],[-35.768807,-9.6801563],[-35.7688071,-9.6801671],[-35.7688219,-9.6801959],[-35.7688366,-9.6802148],[-35.7688387,-9.6802446],[-35.7688326,-9.6802771],[-35.7688501,-9.6803068],[-35.7688694,-9.6803256],[-35.7688671,-9.680378],[-35.7688619,-9.6804052],[-35.768874,-9.6804394],[-35.7688883,-9.6805206],[-35.7688961,-9.6805856],[-35.7689122,-9.6806596],[-35.7689262,-9.680701],[-35.768932,-9.680738],[-35.7689458,-9.6807578],[-35.7689731,-9.6808605],[-35.7689798,-9.6809011],[-35.7689782,-9.6809382],[-35.7689999,-9.6810266],[-35.7690139,-9.681068],[-35.7690215,-9.6811104],[-35.7690191,-9.6811457],[-35.7690266,-9.6811754],[-35.7690432,-9.6812024],[-35.7690618,-9.6812492],[-35.7690722,-9.6812871],[-35.7690751,-9.681306],[-35.7690615,-9.6813206],[-35.7689916,-9.6813419],[-35.7690837,-9.6814704],[-35.7690864,-9.6814704],[-35.7690956,-9.6814811],[-35.7691078,-9.6815208],[-35.7691161,-9.6815415],[-35.7691393,-9.6815874],[-35.7692148,-9.6818072],[-35.7692597,-9.6819541],[-35.7692974,-9.6820993],[-35.7693023,-9.6821408],[-35.7693107,-9.6821769],[-35.7693405,-9.6822534],[-35.7693609,-9.6822957],[-35.7694038,-9.6824219],[-35.7694151,-9.6824615],[-35.769419,-9.6825022],[-35.7694166,-9.6825401],[-35.7694376,-9.6826556],[-35.7694452,-9.682689],[-35.7694683,-9.6827412],[-35.7694896,-9.682779],[-35.7695156,-9.6828393],[-35.7695287,-9.6828789],[-35.7695336,-9.6829196],[-35.7695755,-9.6830394],[-35.7695996,-9.6830916],[-35.7696118,-9.6831294],[-35.7696175,-9.6831664],[-35.7696187,-9.6832017],[-35.7696423,-9.6832945],[-35.7696693,-9.6833711],[-35.7696787,-9.6834054],[-35.7696991,-9.6834504],[-35.7697148,-9.6834773],[-35.7697194,-9.6834909],[-35.7697362,-9.6835368],[-35.7697705,-9.6836079],[-35.7698084,-9.6836754],[-35.769851,-9.6837608],[-35.7698668,-9.6838014],[-35.7700322,-9.6840964],[-35.7700617,-9.6841467],[-35.7700895,-9.6842061],[-35.77011,-9.6842593],[-35.7701341,-9.6843106],[-35.7701682,-9.6843627],[-35.7702006,-9.684423],[-35.7702181,-9.6844499],[-35.7702319,-9.6844634],[-35.7702513,-9.6844966],[-35.7702708,-9.6845507],[-35.7702765,-9.6845723],[-35.7703059,-9.6846028],[-35.7703492,-9.6846702],[-35.7704581,-9.6848482],[-35.7705227,-9.6849471],[-35.7705402,-9.6849695],[-35.7706157,-9.6850719],[-35.7706396,-9.685107],[-35.7706572,-9.6851439],[-35.7706803,-9.6851798],[-35.7707006,-9.6852194],[-35.7707091,-9.6852483],[-35.7707312,-9.6852833],[-35.7707459,-9.6852967],[-35.7707533,-9.6853129],[-35.770758,-9.6853228],[-35.7707773,-9.6853525],[-35.7707921,-9.6853813],[-35.7708308,-9.6854397],[-35.7708898,-9.6855215],[-35.7710253,-9.6857209],[-35.7710622,-9.6857757],[-35.7710825,-9.685809],[-35.7710944,-9.6858252],[-35.7711516,-9.6859169],[-35.7712145,-9.6860275],[-35.7712348,-9.6860653],[-35.7712543,-9.6861076],[-35.7712792,-9.6861507],[-35.7713483,-9.6862523],[-35.7713769,-9.6862936],[-35.7714037,-9.6863349],[-35.771424,-9.6863763],[-35.7714462,-9.6864168],[-35.7714693,-9.6864528],[-35.771495,-9.6864851],[-35.7715136,-9.686531],[-35.7715221,-9.6865617],[-35.7715683,-9.6866444],[-35.7715914,-9.6866813],[-35.7716162,-9.6867181],[-35.7716457,-9.6867549],[-35.7717406,-9.6868888],[-35.7718254,-9.6870137],[-35.771842,-9.6870388],[-35.7718632,-9.6870712],[-35.771888,-9.6871008],[-35.7718954,-9.6871089],[-35.7718963,-9.687117],[-35.771964,-9.6872213],[-35.7719831,-9.6872509],[-35.7720173,-9.6873004],[-35.7721638,-9.6875146],[-35.7721996,-9.6875672],[-35.7727367,-9.6883621],[-35.7729785,-9.6887161],[-35.7730047,-9.6886981],[-35.7731326,-9.6888552],[-35.7731759,-9.6888106],[-35.7733015,-9.688909],[-35.7733327,-9.6889367],[-35.7733556,-9.68896],[-35.7733602,-9.6889627],[-35.7733922,-9.6889778],[-35.7734133,-9.6889939],[-35.7734509,-9.6890252],[-35.7734628,-9.6890368],[-35.7735584,-9.6891418],[-35.7735815,-9.6891823],[-35.7736324,-9.6892839],[-35.7736638,-9.6893334],[-35.7736894,-9.6893521],[-35.7737737,-9.6894174],[-35.7738022,-9.6894479],[-35.7738407,-9.6894738],[-35.7738708,-9.6894853],[-35.7738956,-9.6895122],[-35.7739068,-9.6895401],[-35.7739187,-9.6895536],[-35.7739554,-9.6895804],[-35.7739819,-9.6895937],[-35.7740103,-9.6896206],[-35.7740681,-9.6896662],[-35.7740918,-9.6896795],[-35.7741073,-9.6896821],[-35.774153,-9.6896989],[-35.7741714,-9.6897187],[-35.7742053,-9.6897464],[-35.7742282,-9.689758],[-35.7742573,-9.6897631],[-35.7742673,-9.6897567],[-35.7742891,-9.6897502],[-35.7746482,-9.6900084],[-35.7747588,-9.6900626],[-35.7747844,-9.6900715],[-35.7748118,-9.6900884],[-35.7748887,-9.6901375],[-35.7749208,-9.6901643],[-35.774953,-9.6901993],[-35.7750025,-9.6902414],[-35.7750691,-9.6902589],[-35.7751011,-9.6902731],[-35.7751213,-9.6902901],[-35.7752176,-9.6903733],[-35.7752452,-9.6904075],[-35.7752452,-9.6904147],[-35.7752432,-9.6905032],[-35.7752671,-9.6905301],[-35.7752946,-9.6905534],[-35.7753395,-9.6905847],[-35.775432,-9.6906436],[-35.7754923,-9.6906747],[-35.7755343,-9.6906888],[-35.7755726,-9.690693],[-35.7756072,-9.69069],[-35.775802,-9.690796],[-35.7758688,-9.6908334],[-35.7759292,-9.6908753],[-35.7759723,-9.6909129],[-35.7759979,-9.6909263],[-35.7760198,-9.6909279],[-35.7760372,-9.6909404],[-35.7760593,-9.6909691],[-35.7760778,-9.6910051],[-35.7760999,-9.6910393],[-35.7761118,-9.6910482],[-35.7761137,-9.6910473],[-35.7761326,-9.6910255],[-35.7761344,-9.6910255],[-35.7761491,-9.6910353],[-35.7761455,-9.6910425],[-35.7761367,-9.6910833],[-35.7761496,-9.6910967],[-35.7761715,-9.6911083],[-35.7761806,-9.6911019],[-35.7761923,-9.6910864],[-35.7762058,-9.69107],[-35.7762067,-9.6910691],[-35.7762141,-9.6910754],[-35.7762214,-9.6910817],[-35.7762205,-9.6910898],[-35.7762116,-9.6911052],[-35.7762108,-9.691126],[-35.7762163,-9.6911305],[-35.7762236,-9.6911341],[-35.7762767,-9.6911643],[-35.7762969,-9.6911841],[-35.776351,-9.6912333],[-35.7763692,-9.6912341],[-35.7764195,-9.6912508],[-35.7764359,-9.6912597],[-35.7765256,-9.6913132],[-35.7765915,-9.6913488],[-35.7766326,-9.6913629],[-35.7766582,-9.6913781],[-35.776671,-9.6913843],[-35.7767322,-9.6914145],[-35.776746,-9.691428],[-35.7768222,-9.6914978],[-35.7768414,-9.6915094],[-35.7768459,-9.6915103],[-35.7768579,-9.6915201],[-35.7768972,-9.6915451],[-35.7769127,-9.6915486],[-35.7769228,-9.6915557],[-35.7769504,-9.6915844],[-35.7770026,-9.6916256],[-35.7770181,-9.6916318],[-35.7770245,-9.6916362],[-35.777041,-9.6916433],[-35.777062,-9.6916531],[-35.777191,-9.6917252],[-35.7772285,-9.6917466],[-35.777441,-9.6919003],[-35.7774942,-9.6919405],[-35.7775518,-9.6919735],[-35.7775747,-9.691985],[-35.7775693,-9.6919941],[-35.777574,-9.6920203],[-35.777618,-9.6920542],[-35.7776931,-9.6920997],[-35.777737,-9.692131],[-35.7777673,-9.6921596],[-35.7778409,-9.6922449],[-35.7778565,-9.6922592],[-35.7778923,-9.692296],[-35.7778996,-9.6923031],[-35.7779837,-9.6923332],[-35.7779937,-9.6923376],[-35.7780545,-9.6924184],[-35.7780738,-9.692449],[-35.7780822,-9.6924661],[-35.7781595,-9.6925639],[-35.7782128,-9.6926249],[-35.7782855,-9.6927192],[-35.7783067,-9.6927507],[-35.7783206,-9.6927767],[-35.7783273,-9.6928201],[-35.7783267,-9.692858],[-35.7783343,-9.6928887],[-35.7783527,-9.6929147],[-35.7783602,-9.6929427],[-35.7783889,-9.6929966],[-35.7784322,-9.6930622],[-35.7784571,-9.6931054],[-35.7784979,-9.6931936],[-35.7785147,-9.6932395],[-35.7785581,-9.6933169],[-35.7785767,-9.6933583],[-35.7785998,-9.6933952],[-35.77862,-9.6934158],[-35.7786661,-9.6934886],[-35.7786744,-9.6935048],[-35.7786754,-9.6935138],[-35.7786801,-9.6935327],[-35.7787484,-9.6936406],[-35.7788138,-9.6937358],[-35.7788654,-9.6938041],[-35.7789187,-9.6938651],[-35.7789629,-9.693928],[-35.7789934,-9.6939792],[-35.7790449,-9.6940411],[-35.7791444,-9.6941822],[-35.7792136,-9.6942855],[-35.7792311,-9.6943152],[-35.7792414,-9.6943458],[-35.7792774,-9.6944115],[-35.779294,-9.6944376],[-35.7793062,-9.6944763],[-35.77931,-9.6945007],[-35.7793129,-9.6945142],[-35.7793322,-9.6945384],[-35.7793362,-9.69458],[-35.7793675,-9.694624],[-35.7794125,-9.6946733],[-35.7794703,-9.6947252],[-35.7795062,-9.6947647],[-35.7795412,-9.6948186],[-35.779556,-9.694851],[-35.7795846,-9.6948851],[-35.7796004,-9.6949275],[-35.7796253,-9.6949697],[-35.7796317,-9.6949769],[-35.7796363,-9.6949823],[-35.7796762,-9.694953],[-35.7796906,-9.6949403],[-35.7797035,-9.6949519],[-35.7797044,-9.6949528],[-35.7796727,-9.6949793],[-35.7796637,-9.6949866],[-35.779695,-9.6950306],[-35.7797061,-9.6950468],[-35.7797089,-9.695063],[-35.7797008,-9.6950694],[-35.7796954,-9.6950721],[-35.7797147,-9.6951027],[-35.7797295,-9.6951261],[-35.7797452,-9.6951521],[-35.7797958,-9.6952195],[-35.77992,-9.6953676],[-35.7800753,-9.6955434],[-35.7800836,-9.6955524],[-35.7800818,-9.6955614],[-35.7801206,-9.6956207],[-35.7801813,-9.6956997],[-35.7802145,-9.6957473],[-35.7802228,-9.6957563],[-35.7802436,-9.6957381],[-35.7802517,-9.695729],[-35.7802563,-9.6957335],[-35.780259,-9.6957379],[-35.7802581,-9.6957398],[-35.7802482,-9.6957489],[-35.7802419,-9.6957543],[-35.7802319,-9.6957626],[-35.7802485,-9.6957796],[-35.7802686,-9.6957903],[-35.7803521,-9.6958646],[-35.7803612,-9.6958744],[-35.7803766,-9.6958617],[-35.7803867,-9.6958715],[-35.7803659,-9.6958907],[-35.7804109,-9.6959373],[-35.7804201,-9.695948],[-35.7804608,-9.6959116],[-35.78047,-9.6959214],[-35.7804281,-9.6959592],[-35.7804468,-9.6959786],[-35.7804946,-9.6960324],[-35.7805599,-9.6961086],[-35.7805764,-9.6961302],[-35.7805876,-9.6961545],[-35.7805923,-9.6961816],[-35.7805915,-9.6961924],[-35.7806157,-9.6962564],[-35.780637,-9.6963023],[-35.7806537,-9.696331],[-35.7806684,-9.6963508],[-35.7806765,-9.6963444],[-35.7807023,-9.6963767],[-35.7806944,-9.6964174],[-35.780701,-9.6964354],[-35.7807029,-9.6964454],[-35.7807288,-9.6964921],[-35.7807508,-9.69652],[-35.7807802,-9.6965468],[-35.7807958,-9.6965585],[-35.7808391,-9.6966186],[-35.7808547,-9.6966411],[-35.7808622,-9.6966573],[-35.780884,-9.6966589],[-35.7809032,-9.6966714],[-35.7809152,-9.6966813],[-35.7809271,-9.6966893],[-35.7809154,-9.6967084],[-35.7809173,-9.6967228],[-35.780903,-9.6967545],[-35.7809114,-9.6967753],[-35.7809198,-9.696796],[-35.7809355,-9.6968247],[-35.7809383,-9.696832],[-35.7810942,-9.6970746],[-35.7811209,-9.6971142],[-35.7812828,-9.6973134],[-35.7813039,-9.6973376],[-35.781316,-9.6973601],[-35.7813207,-9.6973845],[-35.7813374,-9.6974151],[-35.7813944,-9.6974824],[-35.7814403,-9.6975308],[-35.7814559,-9.6975496],[-35.7814625,-9.6975676],[-35.7814672,-9.6975857],[-35.781527,-9.6976674],[-35.7815445,-9.6976871],[-35.7815903,-9.6977211],[-35.7816141,-9.6977354],[-35.7816396,-9.6977406],[-35.7816852,-9.6977411],[-35.7817179,-9.6977372],[-35.7817462,-9.6977451],[-35.7817546,-9.6977649],[-35.7817165,-9.6977815],[-35.7816919,-9.697788],[-35.781672,-9.6978035],[-35.7816576,-9.697819],[-35.7816596,-9.6978416],[-35.781692,-9.6979019],[-35.7817042,-9.6979214],[-35.7817049,-9.6979225],[-35.7817096,-9.6979469],[-35.781722,-9.6980127],[-35.781734,-9.6980325],[-35.7817386,-9.6980495],[-35.7817396,-9.6980533],[-35.7817455,-9.6980993],[-35.781745,-9.6981535],[-35.7817376,-9.6982493],[-35.7817342,-9.698384],[-35.7817537,-9.6984281],[-35.7818343,-9.6986036],[-35.7818919,-9.6987423],[-35.7819052,-9.698809],[-35.7819505,-9.699002],[-35.7819788,-9.6990045],[-35.7819897,-9.6989999],[-35.7820107,-9.6990069],[-35.7820356,-9.6990438],[-35.7820624,-9.699095],[-35.7820902,-9.6991553],[-35.7821673,-9.6993399],[-35.7822341,-9.6994867],[-35.7822556,-9.6995597],[-35.7822661,-9.699612],[-35.782282,-9.6996661],[-35.7823145,-9.6997372],[-35.7823394,-9.6997767],[-35.7823416,-9.6998237],[-35.7823574,-9.6998669],[-35.7823797,-9.6999146],[-35.7823956,-9.6999705],[-35.782417,-9.7000263],[-35.7824282,-9.7000543],[-35.7824496,-9.700111],[-35.7824876,-9.7001947],[-35.7825673,-9.7003612],[-35.7826293,-9.7004764],[-35.7826784,-9.7005789],[-35.782697,-9.7006339],[-35.7827308,-9.700752],[-35.782753,-9.7007934],[-35.782785,-9.7008067],[-35.7828187,-9.7008127],[-35.7828551,-9.7008115],[-35.7830518,-9.7008135],[-35.7831055,-9.7008086],[-35.7831547,-9.7008109],[-35.7831621,-9.700819],[-35.7831594,-9.7008244],[-35.7831394,-9.7008363],[-35.7831131,-9.700841],[-35.7830148,-9.7008545],[-35.7828685,-9.7008819],[-35.7828686,-9.7008927],[-35.7828709,-9.7009541],[-35.7828834,-9.7010408],[-35.7828994,-9.7011021],[-35.7829268,-9.7012211],[-35.7829606,-9.7013419],[-35.7829736,-9.7013752],[-35.7829883,-9.7013914],[-35.7830013,-9.7014156],[-35.7830032,-9.7014283],[-35.7830052,-9.7014517],[-35.7830156,-9.7014914],[-35.7830185,-9.701514],[-35.7830512,-9.7016203],[-35.7830486,-9.7016375],[-35.7830499,-9.7016763],[-35.7830583,-9.7016998],[-35.7831559,-9.7019465],[-35.7831818,-9.7019942],[-35.7832337,-9.7020995],[-35.7832901,-9.7022038],[-35.783353,-9.7023316],[-35.7834076,-9.7024296],[-35.7835009,-9.7025897],[-35.7835534,-9.7026679],[-35.7838004,-9.7030291],[-35.7838474,-9.7030883],[-35.7839642,-9.7032265],[-35.7840202,-9.7032848],[-35.784348,-9.7036173],[-35.7844242,-9.7036889],[-35.7847215,-9.7039576],[-35.7847957,-9.7040166],[-35.7848479,-9.7040514],[-35.7849377,-9.7041166],[-35.785054,-9.7041943],[-35.7850905,-9.704212],[-35.7851519,-9.7042495],[-35.7852671,-9.7043145],[-35.7853184,-9.7043493],[-35.7853623,-9.7043725],[-35.7854355,-9.7044062],[-35.7854455,-9.7044106],[-35.7854702,-9.7044231],[-35.7855132,-9.7044489],[-35.7857539,-9.7045915],[-35.7858508,-9.7046431],[-35.7858947,-9.7046581],[-35.7859221,-9.7046751],[-35.7859807,-9.7047071],[-35.7860437,-9.7047346],[-35.7862841,-9.7048456],[-35.7863263,-9.7048769],[-35.7863894,-9.704917],[-35.7864186,-9.7049249],[-35.7864707,-9.7049453],[-35.7865046,-9.704964],[-35.7865064,-9.7049649],[-35.7866747,-9.7050511],[-35.7868155,-9.7051295],[-35.7868594,-9.7051481],[-35.7869262,-9.705181],[-35.7872452,-9.7053311],[-35.7872817,-9.7053398],[-35.7873639,-9.7053653],[-35.7874415,-9.7053954],[-35.7875996,-9.7054619],[-35.7877248,-9.7055205],[-35.7877779,-9.7055508],[-35.7880634,-9.7057129],[-35.7881584,-9.7057591],[-35.7881904,-9.7057688],[-35.7882498,-9.7057945],[-35.7883888,-9.7058593],[-35.788419,-9.7058789],[-35.7886396,-9.7060172],[-35.7888153,-9.7061197],[-35.7888445,-9.7061303],[-35.7888563,-9.7061338],[-35.7888883,-9.7061471],[-35.7889267,-9.7061621],[-35.7889998,-9.7061886],[-35.7890701,-9.7062088],[-35.7892882,-9.7062757],[-35.7893851,-9.7063111],[-35.7895101,-9.7063507],[-35.7895658,-9.7063629],[-35.7896114,-9.706367],[-35.7896634,-9.7063784],[-35.7896863,-9.706399],[-35.7896947,-9.7064296],[-35.7897043,-9.7064901],[-35.7897117,-9.7065026],[-35.78974,-9.7065087],[-35.7898586,-9.7065322],[-35.7898777,-9.7065293],[-35.7898987,-9.7065336],[-35.7899269,-9.7065343],[-35.7899824,-9.7065312],[-35.7900198,-9.7065345],[-35.7900991,-9.7065483],[-35.7901165,-9.7065581],[-35.7901393,-9.706566],[-35.7901777,-9.7065838],[-35.7902087,-9.7065889],[-35.7902287,-9.7065843],[-35.7902642,-9.7065813],[-35.7902979,-9.7065855],[-35.7903117,-9.7065926],[-35.7903162,-9.7065953],[-35.790328,-9.7065898],[-35.7903644,-9.7065841],[-35.7903855,-9.706602],[-35.7904093,-9.7066108],[-35.7904348,-9.7066151],[-35.7905043,-9.7066552],[-35.7905127,-9.7066723],[-35.7905283,-9.7066893],[-35.7905483,-9.7066937],[-35.7905711,-9.7066944],[-35.7906012,-9.7066996],[-35.7906122,-9.7067067],[-35.7906177,-9.7067112],[-35.7907168,-9.7066959],[-35.7907433,-9.7067002],[-35.7907725,-9.7067099],[-35.7908574,-9.7067354],[-35.7909058,-9.7067549],[-35.790937,-9.7067764],[-35.7909799,-9.7067968],[-35.7910054,-9.7067921],[-35.7910473,-9.7067908],[-35.7910856,-9.7068031],[-35.7911815,-9.7068394],[-35.7912182,-9.7068689],[-35.7912503,-9.706903],[-35.7912753,-9.7069434],[-35.7913056,-9.7069757],[-35.7913726,-9.7070357],[-35.7914284,-9.7070723],[-35.7915446,-9.7071436],[-35.7916363,-9.7072088],[-35.791672,-9.707242],[-35.7917069,-9.707267],[-35.791748,-9.7072901],[-35.7918542,-9.7073561],[-35.7918964,-9.7073937],[-35.7919286,-9.7074287],[-35.7920149,-9.7075147],[-35.7920625,-9.7075523],[-35.7923008,-9.7077374],[-35.7923722,-9.7077837],[-35.7927651,-9.7080507],[-35.7927798,-9.7080632],[-35.7928165,-9.7080927],[-35.7928695,-9.7081248],[-35.7929098,-9.7081435],[-35.7929683,-9.7081773],[-35.7930544,-9.7082344],[-35.7931167,-9.7082827],[-35.7932541,-9.7083837],[-35.7933475,-9.7084443],[-35.7933942,-9.7084684],[-35.7934518,-9.708504],[-35.793559,-9.7085772],[-35.7936286,-9.70863],[-35.7936771,-9.7086603],[-35.7938017,-9.7087487],[-35.7938559,-9.7087989],[-35.7939356,-9.7088642],[-35.7939695,-9.7088847],[-35.7940336,-9.7089293],[-35.7940465,-9.7089482],[-35.7940411,-9.7089573],[-35.7940413,-9.7089753],[-35.794067,-9.7090013],[-35.7941249,-9.7090722],[-35.7941517,-9.7091127],[-35.7941986,-9.7091746],[-35.7943138,-9.7093345],[-35.7943305,-9.7093759],[-35.7943381,-9.7094075],[-35.7943529,-9.7094372],[-35.7943584,-9.7094462],[-35.794376,-9.709474],[-35.7943955,-9.7095181],[-35.7944169,-9.7095785],[-35.7944867,-9.7097613],[-35.7945154,-9.709818],[-35.7945783,-9.709934],[-35.7946254,-9.7100104],[-35.7947139,-9.7101443],[-35.7947514,-9.7101648],[-35.7947723,-9.7101538],[-35.7947811,-9.7101257],[-35.79478,-9.710095],[-35.794785,-9.7100444],[-35.7948003,-9.7100262],[-35.7948285,-9.710016],[-35.7948703,-9.7100112],[-35.7949157,-9.7099954],[-35.7949254,-9.7099583],[-35.7949214,-9.7099159],[-35.7949084,-9.7098844],[-35.7948855,-9.7098602],[-35.794867,-9.7098305],[-35.7948943,-9.7098267],[-35.794929,-9.7098426],[-35.7949612,-9.7098731],[-35.7951134,-9.7100038],[-35.7951564,-9.7100251],[-35.7952633,-9.7100721],[-35.7953126,-9.710088],[-35.7953272,-9.7100924],[-35.7953601,-9.710102],[-35.7954267,-9.710115],[-35.7955106,-9.7101369],[-35.7955645,-9.7101564],[-35.7955993,-9.7101751],[-35.7956451,-9.7102063],[-35.7957138,-9.710259],[-35.7957376,-9.7102715],[-35.7957696,-9.7102938],[-35.7957799,-9.7103217],[-35.7958173,-9.7104425],[-35.7958387,-9.7104938],[-35.795857,-9.7105117],[-35.7958709,-9.7105333],[-35.7958811,-9.7105603],[-35.7959024,-9.7105972],[-35.7959226,-9.710616],[-35.795973,-9.7106563],[-35.7960123,-9.7106767],[-35.7961084,-9.7107328],[-35.7961358,-9.7107435],[-35.7961577,-9.7107442],[-35.7962725,-9.710755],[-35.796278,-9.710755],[-35.7963878,-9.7107193],[-35.7964723,-9.7106919],[-35.7964795,-9.7106837],[-35.7965449,-9.7106669],[-35.796575,-9.7106649],[-35.7965762,-9.7106645],[-35.7965356,-9.7108631],[-35.7964939,-9.7110671],[-35.7964336,-9.7113616],[-35.7957327,-9.7122769],[-35.7947822,-9.7130863],[-35.7947537,-9.7130918],[-35.7945054,-9.7131396],[-35.793643,-9.71229],[-35.7933829,-9.7119144],[-35.7929649,-9.7117034],[-35.7924872,-9.7119389],[-35.7915174,-9.7118189],[-35.7907114,-9.7112181],[-35.7902382,-9.7110301],[-35.7898406,-9.7111735],[-35.7892047,-9.710468],[-35.7878195,-9.7088219],[-35.7851926,-9.7060355],[-35.7814703,-9.7023607],[-35.7807154,-9.701633],[-35.7795645,-9.7008206],[-35.778814,-9.7004049],[-35.7781977,-9.6999999],[-35.7774684,-9.6990804],[-35.7767628,-9.6980916],[-35.7767089,-9.6980213],[-35.7761112,-9.6972419],[-35.7760928,-9.697218],[-35.7754179,-9.6964876],[-35.7746229,-9.6956044],[-35.7741594,-9.6951403],[-35.7732195,-9.694321],[-35.7728211,-9.6939738],[-35.7716981,-9.6928837],[-35.7711668,-9.6924272],[-35.7706173,-9.6920343],[-35.769844,-9.6914683],[-35.7689488,-9.690776],[-35.7679124,-9.690034],[-35.7669394,-9.6894918],[-35.7657518,-9.6888293],[-35.7650319,-9.6884234],[-35.764288,-9.6878632],[-35.763519,-9.6870404],[-35.7631588,-9.6863089],[-35.7626621,-9.685413],[-35.7621654,-9.6846832],[-35.7618468,-9.6842069],[-35.7611444,-9.6832433],[-35.7603934,-9.682562],[-35.7589682,-9.681404],[-35.7589091,-9.6813646],[-35.7590355,-9.6809712],[-35.7592661,-9.6802538],[-35.7592778,-9.6802171],[-35.7592968,-9.6801575],[-35.7593157,-9.6800982],[-35.7593786,-9.6799013],[-35.7594227,-9.6797629],[-35.7594893,-9.6795543],[-35.7595754,-9.6792733],[-35.7597029,-9.6788431],[-35.7597167,-9.6787956],[-35.7597516,-9.6786816],[-35.759795,-9.6785386],[-35.7598967,-9.6782033],[-35.7599466,-9.6780347],[-35.760039,-9.6777295],[-35.7600873,-9.6775986],[-35.7603518,-9.6778285],[-35.7605332,-9.6777702],[-35.7609813,-9.6776326],[-35.7613168,-9.6775221],[-35.7615596,-9.6774471],[-35.7625424,-9.6771418],[-35.762955,-9.6770125],[-35.7631843,-9.6769406],[-35.7634881,-9.6768484],[-35.7633109,-9.6764767],[-35.7632524,-9.676295],[-35.7633664,-9.6762648],[-35.7635113,-9.6762263],[-35.7640685,-9.6760994],[-35.7642989,-9.6760459],[-35.7642988,-9.6760233],[-35.7643753,-9.6759492],[-35.7643582,-9.6757692],[-35.7646815,-9.6757508],[-35.7646386,-9.6755702],[-35.7646481,-9.6753361],[-35.7647582,-9.6753361],[-35.7649437,-9.6754175],[-35.7650246,-9.6754108],[-35.7652634,-9.675292],[-35.7658635,-9.6752534],[-35.7659909,-9.6754062],[-35.7660515,-9.675431],[-35.7660981,-9.67545],[-35.7661367,-9.6754631],[-35.7661765,-9.6754754],[-35.7662132,-9.6754855],[-35.7662794,-9.6755048],[-35.7663348,-9.6754968],[-35.7664141,-9.6755011],[-35.766524,-9.6754904],[-35.7666459,-9.6754784],[-35.7667739,-9.6754484],[-35.7668473,-9.6754478],[-35.7669704,-9.6754386],[-35.7670185,-9.675434],[-35.7670552,-9.6754298],[-35.7671051,-9.67542],[-35.7671848,-9.6754227],[-35.7673281,-9.6754674]]],[[[-35.7582399,-9.6934647],[-35.7580937,-9.6932397],[-35.7580122,-9.6930549],[-35.7579142,-9.6928457],[-35.7579136,-9.6927491],[-35.7579948,-9.692693],[-35.7580929,-9.6927095],[-35.7581587,-9.6928385],[-35.7581835,-9.6929109],[-35.7582813,-9.6929032],[-35.7583223,-9.6929756],[-35.7583225,-9.6930478],[-35.7582576,-9.6930877],[-35.7583232,-9.693224],[-35.7583652,-9.6933107],[-35.7585684,-9.6935361],[-35.7587627,-9.6936087],[-35.758876,-9.6936811],[-35.7590303,-9.693842],[-35.7592489,-9.6940109],[-35.7594107,-9.6940915],[-35.7595483,-9.6941963],[-35.7597479,-9.6943401],[-35.76,-9.6945185],[-35.7603262,-9.69477],[-35.7604405,-9.6948349],[-35.7604321,-9.6948913],[-35.7604073,-9.6949638],[-35.760301,-9.6949554],[-35.7602521,-9.6948988],[-35.7601051,-9.6948176],[-35.7599337,-9.6947121],[-35.7596496,-9.6945005],[-35.7593115,-9.6942655],[-35.7590216,-9.6940723],[-35.7586138,-9.6937942],[-35.7583856,-9.6936419],[-35.7582399,-9.6934647]]]]}},
{"type":"Feature","properties":{"ibge_code_municipio":"2704302","name":"Trapiche da Barra","code":"2704302049"},"geometry":{"type":"MultiPolygon","coordinates":[[[[-35.7553433,-9.6788288],[-35.7529594,-9.6774104],[-35.7531631,-9.6769647],[-35.7534687,-9.6762963],[-35.7535442,-9.6761078],[-35.7536221,-9.6759134],[-35.7538206,-9.6753398],[-35.7539703,-9.6749088],[-35.7539863,-9.6748626],[-35.7541252,-9.6744731],[-35.7542777,-9.6740723],[-35.754346,-9.6738929],[-35.7546158,-9.6731531],[-35.7547997,-9.6726582],[-35.7548941,-9.6724051],[-35.7550917,-9.6718815],[-35.7553749,-9.6711039],[-35.7554424,-9.6709572],[-35.7554432,-9.6709555],[-35.7554417,-9.670955],[-35.7549974,-9.6708123],[-35.7552239,-9.6700827],[-35.7552577,-9.6699755],[-35.7553337,-9.6697225],[-35.7554398,-9.6693957],[-35.7554924,-9.66923],[-35.7551823,-9.6691593],[-35.7548689,-9.6691004],[-35.7542466,-9.6689641],[-35.7544557,-9.668291],[-35.7545389,-9.6680203],[-35.7546174,-9.667765],[-35.7548135,-9.6678551],[-35.7552412,-9.6679553],[-35.7555631,-9.6680375],[-35.7556748,-9.6680586],[-35.7558286,-9.668109],[-35.7560878,-9.6681721],[-35.7571029,-9.6680558],[-35.7571898,-9.6680333],[-35.7574855,-9.6680059],[-35.7577753,-9.6679777],[-35.7578016,-9.6678166],[-35.75782,-9.6675362],[-35.7578198,-9.6672716],[-35.7578228,-9.6667872],[-35.7578332,-9.6662967],[-35.7578228,-9.6658956],[-35.7578162,-9.6657415],[-35.7578153,-9.6657142],[-35.7577852,-9.6647861],[-35.7577826,-9.6646858],[-35.7577755,-9.6644117],[-35.7577723,-9.664301],[-35.7577616,-9.6641609],[-35.7587789,-9.6641005],[-35.7600325,-9.6640094],[-35.7601437,-9.663994],[-35.7602402,-9.6639813],[-35.7604639,-9.6639647],[-35.7609021,-9.6639352],[-35.7609181,-9.6639376],[-35.7609764,-9.6639466],[-35.7610978,-9.6639385],[-35.7616527,-9.663901],[-35.7618085,-9.6638913],[-35.7623891,-9.6638651],[-35.76292,-9.6638231],[-35.763415,-9.6637952],[-35.7638959,-9.6637541],[-35.7643763,-9.6637226],[-35.7644306,-9.663719],[-35.764199,-9.6643372],[-35.7641333,-9.6645964],[-35.7640727,-9.6648157],[-35.7640641,-9.6648871],[-35.7640618,-9.6649152],[-35.7642174,-9.664936],[-35.7647154,-9.6650233],[-35.7647377,-9.6648254],[-35.7647998,-9.6645221],[-35.7648177,-9.6645207],[-35.7648693,-9.6645174],[-35.7650283,-9.6640563],[-35.7652074,-9.6636737],[-35.7655281,-9.6629323],[-35.7655309,-9.6629332],[-35.7656241,-9.6629638],[-35.7656246,-9.6629623],[-35.7658764,-9.6630444],[-35.765869,-9.6630636],[-35.7658584,-9.6630989],[-35.7658468,-9.663127],[-35.7658369,-9.663147],[-35.7658307,-9.6631705],[-35.7658219,-9.6631986],[-35.765813,-9.6632222],[-35.765805,-9.6632466],[-35.7657897,-9.663272],[-35.7657772,-9.663301],[-35.7657637,-9.6633283],[-35.7657575,-9.6633419],[-35.7657375,-9.663364],[-35.7657195,-9.6633974],[-35.7656973,-9.6634256],[-35.765686,-9.663453],[-35.765669,-9.663483],[-35.7656533,-9.6635205],[-35.7656381,-9.6635506],[-35.7656147,-9.6635851],[-35.7655977,-9.6636187],[-35.7655833,-9.6636432],[-35.7655779,-9.6636514],[-35.765559,-9.6636804],[-35.7655465,-9.6637068],[-35.7655367,-9.6637303],[-35.7655259,-9.663753],[-35.7655194,-9.6637725],[-35.7655128,-9.6637902],[-35.7655047,-9.66381],[-35.7654961,-9.6638298],[-35.7654851,-9.6638423],[-35.7654724,-9.6638568],[-35.7654662,-9.6638648],[-35.7654556,-9.6638742],[-35.7654522,-9.663886],[-35.7654414,-9.6639006],[-35.7654311,-9.6639184],[-35.765424,-9.6639347],[-35.7654125,-9.6639517],[-35.7653973,-9.6639785],[-35.7653932,-9.6640016],[-35.7653902,-9.6640125],[-35.7653824,-9.6640342],[-35.7653813,-9.6640558],[-35.765377,-9.6640845],[-35.7653735,-9.6641062],[-35.76537,-9.6641295],[-35.7653717,-9.6641467],[-35.7653708,-9.6641617],[-35.7653565,-9.6641835],[-35.7653418,-9.664213],[-35.7653287,-9.6642461],[-35.7653243,-9.6642808],[-35.7653229,-9.6643157],[-35.7653113,-9.6643492],[-35.7653011,-9.66438],[-35.7652867,-9.6644041],[-35.7652813,-9.6644171],[-35.7652642,-9.6644485],[-35.7652469,-9.6644902],[-35.7652358,-9.6645147],[-35.7652242,-9.6645428],[-35.7652139,-9.6645655],[-35.7652014,-9.6645927],[-35.7651835,-9.6646221],[-35.7651701,-9.6646497],[-35.7651534,-9.664678],[-35.765145,-9.6647075],[-35.765137,-9.6647306],[-35.7651255,-9.6647597],[-35.7651139,-9.6647905],[-35.7651075,-9.6648053],[-35.7650941,-9.6648379],[-35.765088,-9.6648723],[-35.7650865,-9.6648999],[-35.765082,-9.6649217],[-35.7650598,-9.6649437],[-35.7650361,-9.6649672],[-35.7650216,-9.6649803],[-35.7650053,-9.6650166],[-35.7650085,-9.6650545],[-35.7650215,-9.6650782],[-35.7650213,-9.665106],[-35.7650215,-9.6651304],[-35.7650183,-9.6651632],[-35.7650035,-9.6651978],[-35.764992,-9.6652264],[-35.764979,-9.6652574],[-35.7649646,-9.6652808],[-35.7649513,-9.6653053],[-35.7649461,-9.6653315],[-35.7649445,-9.6653586],[-35.7649447,-9.6653839],[-35.7649458,-9.6654119],[-35.764954,-9.6654374],[-35.7649606,-9.6654696],[-35.7649599,-9.6654976],[-35.7649587,-9.665517],[-35.7649607,-9.6655395],[-35.7649613,-9.6655561],[-35.764964,-9.6655782],[-35.7649628,-9.665588],[-35.7649584,-9.6656073],[-35.7649545,-9.6656214],[-35.764955,-9.6656413],[-35.7649523,-9.6656616],[-35.7649522,-9.6656733],[-35.7649481,-9.6656938],[-35.7649359,-9.6657125],[-35.764941,-9.6657362],[-35.7649464,-9.665754],[-35.7649566,-9.6657723],[-35.7649616,-9.6657889],[-35.7649736,-9.665824],[-35.7650181,-9.6658472],[-35.765041,-9.6658809],[-35.7650605,-9.6659152],[-35.7650594,-9.6659243],[-35.7650523,-9.6659632],[-35.7650471,-9.6659818],[-35.7650317,-9.6660303],[-35.7650257,-9.6660527],[-35.7650764,-9.6661137],[-35.7650926,-9.6661686],[-35.7650176,-9.6661857],[-35.765006,-9.6662097],[-35.764995,-9.6662346],[-35.764924,-9.6662438],[-35.7649093,-9.6662445],[-35.7648979,-9.6662472],[-35.764872,-9.666252],[-35.7648576,-9.6662546],[-35.7648402,-9.6662591],[-35.7648285,-9.6662613],[-35.7648108,-9.6662666],[-35.7647913,-9.666271],[-35.7647776,-9.6662933],[-35.7647582,-9.6663274],[-35.7647387,-9.6663595],[-35.7647218,-9.6663889],[-35.764705,-9.6664174],[-35.7646953,-9.6664435],[-35.7646825,-9.6664748],[-35.7646671,-9.6665051],[-35.7646603,-9.6665407],[-35.7646576,-9.6665698],[-35.7646487,-9.6665997],[-35.7646435,-9.6666268],[-35.7646419,-9.6666548],[-35.7646421,-9.6666838],[-35.7646337,-9.666706],[-35.7646279,-9.6667254],[-35.7646208,-9.6667499],[-35.7646183,-9.6667815],[-35.7646238,-9.6668126],[-35.7646265,-9.6668269],[-35.764647,-9.6668312],[-35.7647024,-9.6668187],[-35.7647653,-9.666819],[-35.7648421,-9.6668535],[-35.7648842,-9.6669192],[-35.7649067,-9.6669841],[-35.7649208,-9.6670337],[-35.7649373,-9.6671022],[-35.7649253,-9.667135],[-35.7648928,-9.6671583],[-35.76489,-9.6671849],[-35.7648913,-9.6672003],[-35.7648997,-9.6672167],[-35.7649034,-9.6672328],[-35.7648999,-9.6672509],[-35.7649019,-9.6672762],[-35.7649158,-9.6673013],[-35.7649286,-9.6673175],[-35.7649323,-9.6673247],[-35.7649397,-9.6673391],[-35.7649453,-9.6673535],[-35.7649508,-9.6673646],[-35.7649599,-9.6673654],[-35.7649709,-9.6673773],[-35.7649806,-9.6673932],[-35.7650005,-9.6674138],[-35.7650051,-9.6674382],[-35.7650187,-9.667459],[-35.7650235,-9.6674682],[-35.765037,-9.6674851],[-35.765056,-9.6674954],[-35.7650732,-9.6675048],[-35.7651133,-9.6675234],[-35.7651327,-9.6675437],[-35.7651316,-9.667544],[-35.7651473,-9.6675699],[-35.7651487,-9.6675696],[-35.7651588,-9.6676221],[-35.7651529,-9.6676345],[-35.7651547,-9.667654],[-35.7651503,-9.6676746],[-35.7651486,-9.6676981],[-35.7651533,-9.6677278],[-35.765155,-9.6677473],[-35.7651537,-9.6677749],[-35.7651514,-9.667794],[-35.7651517,-9.6678151],[-35.7651531,-9.6678389],[-35.7651543,-9.6678553],[-35.7651553,-9.6678747],[-35.7651552,-9.667885],[-35.7651566,-9.6679008],[-35.7651565,-9.6679117],[-35.7651584,-9.6679261],[-35.7651574,-9.667943],[-35.7651603,-9.667961],[-35.7651597,-9.6679766],[-35.7651605,-9.6680024],[-35.7651589,-9.6680241],[-35.7651583,-9.6680369],[-35.7651562,-9.6680535],[-35.7651545,-9.6680733],[-35.7651546,-9.6680847],[-35.765153,-9.6681124],[-35.7651539,-9.6681454],[-35.7651502,-9.6681671],[-35.7651486,-9.6681737],[-35.7651417,-9.668203],[-35.7651405,-9.6682301],[-35.7651369,-9.6682619],[-35.7651401,-9.6682888],[-35.7651432,-9.6683142],[-35.765148,-9.6683456],[-35.7651614,-9.6683588],[-35.7651739,-9.6683775],[-35.7651878,-9.6683915],[-35.7652018,-9.668413],[-35.7652065,-9.6684311],[-35.7652076,-9.6684483],[-35.7652095,-9.6684681],[-35.7652134,-9.6684808],[-35.7652147,-9.6684998],[-35.7652187,-9.6685093],[-35.7652244,-9.668534],[-35.7652237,-9.6685504],[-35.7652181,-9.6685858],[-35.765213,-9.668618],[-35.7652095,-9.6686506],[-35.7652047,-9.6686868],[-35.7652015,-9.6687247],[-35.7651918,-9.6687622],[-35.7651823,-9.6687999],[-35.7651783,-9.6688189],[-35.7651736,-9.6688521],[-35.7651717,-9.668889],[-35.7651686,-9.6689259],[-35.7651705,-9.6689552],[-35.7651751,-9.6689765],[-35.7651883,-9.6689958],[-35.7652116,-9.669001],[-35.765246,-9.6690537],[-35.7652495,-9.6690738],[-35.7652458,-9.6691003],[-35.7652188,-9.669116],[-35.7651765,-9.6691205],[-35.7651539,-9.6691517],[-35.7651397,-9.6692392],[-35.7651615,-9.6692898],[-35.7651984,-9.669343],[-35.7652638,-9.6693477],[-35.7652754,-9.6693956],[-35.7652002,-9.6694527],[-35.7651859,-9.6694854],[-35.7652099,-9.6695112],[-35.7652683,-9.6695145],[-35.7652874,-9.6695397],[-35.7652753,-9.6695762],[-35.7652474,-9.6696091],[-35.7652616,-9.6696493],[-35.7653047,-9.6696853],[-35.7653104,-9.669724],[-35.7653003,-9.66979],[-35.7653173,-9.669803],[-35.7653358,-9.6698188],[-35.7653494,-9.6698185],[-35.7653594,-9.6698243],[-35.7653857,-9.6698457],[-35.7654132,-9.6698765],[-35.7654476,-9.669894],[-35.7654614,-9.6699076],[-35.7654907,-9.6699421],[-35.7655492,-9.6699506],[-35.7655889,-9.6699746],[-35.7655832,-9.6700223],[-35.7655763,-9.6700459],[-35.7655889,-9.6700669],[-35.7656059,-9.6700907],[-35.7656275,-9.6700971],[-35.7656249,-9.6701121],[-35.7656005,-9.6701557],[-35.7655937,-9.6701874],[-35.765605,-9.6702013],[-35.7656438,-9.6702058],[-35.7656862,-9.6702472],[-35.765707,-9.6702819],[-35.7657371,-9.6703087],[-35.7657441,-9.6703578],[-35.765722,-9.6703846],[-35.7657094,-9.6704126],[-35.7656956,-9.6704493],[-35.7657022,-9.6704587],[-35.7657138,-9.6704603],[-35.7657765,-9.6704586],[-35.7657731,-9.6705059],[-35.7657739,-9.670552],[-35.7657884,-9.6705749],[-35.765818,-9.6705774],[-35.7658536,-9.6706109],[-35.7658636,-9.6706651],[-35.7658837,-9.6707188],[-35.7659213,-9.6707608],[-35.7659923,-9.6708154],[-35.7660094,-9.6708474],[-35.7661109,-9.6709314],[-35.7661477,-9.6709902],[-35.7661471,-9.6710087],[-35.7661463,-9.6710585],[-35.7661583,-9.6710838],[-35.7661644,-9.6711099],[-35.7661768,-9.6711572],[-35.7662051,-9.6711872],[-35.7662248,-9.6712505],[-35.766202,-9.6713372],[-35.766294,-9.6714055],[-35.7663501,-9.6715074],[-35.7663577,-9.6715844],[-35.7663394,-9.6716841],[-35.7663311,-9.6717823],[-35.7663589,-9.6717945],[-35.7663607,-9.6718229],[-35.7663869,-9.6719194],[-35.7664114,-9.6719522],[-35.7664357,-9.6720056],[-35.7664398,-9.6720254],[-35.7664434,-9.6720389],[-35.7664465,-9.6720455],[-35.7664507,-9.6720512],[-35.7664562,-9.6720595],[-35.7665026,-9.6721038],[-35.766491,-9.6721406],[-35.7664806,-9.6721675],[-35.7664958,-9.6721822],[-35.766524,-9.6722132],[-35.7665476,-9.6722501],[-35.7665435,-9.672279],[-35.7665373,-9.6723262],[-35.7665654,-9.6723371],[-35.7665829,-9.6723492],[-35.766599,-9.6723668],[-35.7666079,-9.672385],[-35.7666182,-9.6723978],[-35.7666335,-9.6724236],[-35.7666471,-9.6724545],[-35.7666442,-9.6724732],[-35.7666427,-9.6724776],[-35.7666404,-9.6724852],[-35.7666386,-9.6724921],[-35.7666498,-9.6725009],[-35.7666559,-9.6725017],[-35.7666761,-9.6725037],[-35.7666877,-9.6725098],[-35.7666928,-9.6725126],[-35.7667109,-9.672523],[-35.7667218,-9.6725288],[-35.7667396,-9.6725257],[-35.7667739,-9.6725105],[-35.7667951,-9.6725118],[-35.7668404,-9.6724839],[-35.7668756,-9.6724808],[-35.7669274,-9.67252],[-35.7670844,-9.6725778],[-35.7671417,-9.6726247],[-35.7671934,-9.6727094],[-35.7672274,-9.6728052],[-35.767225,-9.6729612],[-35.767237,-9.673044],[-35.7672303,-9.6730875],[-35.7672479,-9.6730875],[-35.7672701,-9.6730899],[-35.7672999,-9.6731191],[-35.7673274,-9.6731047],[-35.7673705,-9.6730885],[-35.7673978,-9.6730859],[-35.7674239,-9.6730936],[-35.7674551,-9.6731242],[-35.767463,-9.6731488],[-35.7674595,-9.6731697],[-35.7674815,-9.6731786],[-35.7675062,-9.6731983],[-35.7675254,-9.6732462],[-35.7675577,-9.6732537],[-35.7675949,-9.673264],[-35.7676272,-9.6732823],[-35.7676517,-9.6733068],[-35.7676648,-9.6733153],[-35.7676747,-9.6733273],[-35.7676977,-9.6733644],[-35.7677076,-9.6734053],[-35.7677147,-9.6734428],[-35.7677423,-9.6734932],[-35.7677751,-9.6735641],[-35.7677909,-9.6736079],[-35.7678141,-9.6736593],[-35.7678253,-9.6736935],[-35.7678641,-9.6737591],[-35.7678871,-9.6737924],[-35.7679329,-9.6739339],[-35.7679507,-9.6739988],[-35.7679778,-9.6740744],[-35.7679965,-9.6741402],[-35.7680123,-9.6741772],[-35.7680192,-9.6742467],[-35.7680177,-9.6742837],[-35.768009,-9.6743371],[-35.7680011,-9.6743679],[-35.7679967,-9.6743806],[-35.7679796,-9.6744105],[-35.7679516,-9.6744388],[-35.7679225,-9.6744471],[-35.7678933,-9.674432],[-35.7678829,-9.6743896],[-35.7678845,-9.6743562],[-35.7678757,-9.6742867],[-35.7678672,-9.6742461],[-35.7678659,-9.6742054],[-35.7678433,-9.6741162],[-35.7677827,-9.6739333],[-35.7677696,-9.6738954],[-35.7677513,-9.6738784],[-35.7677321,-9.6738758],[-35.7677176,-9.6738823],[-35.7677068,-9.6739032],[-35.7676852,-9.6739295],[-35.7676662,-9.6739478],[-35.7676354,-9.6739661],[-35.7676046,-9.6739781],[-35.7674199,-9.6739958],[-35.7673471,-9.6740009],[-35.7673125,-9.6739994],[-35.7672716,-9.6740106],[-35.7672453,-9.6740225],[-35.7672253,-9.6740353],[-35.7671771,-9.6740357],[-35.7671543,-9.6740323],[-35.7671334,-9.674037],[-35.7671252,-9.6740416],[-35.7671016,-9.674049],[-35.7670761,-9.6740492],[-35.7670517,-9.6740647],[-35.7670035,-9.6740742],[-35.7669762,-9.6740753],[-35.7669444,-9.6740864],[-35.766898,-9.6740922],[-35.7668588,-9.6740907],[-35.7668068,-9.6740757],[-35.7667803,-9.6740642],[-35.766753,-9.6740644],[-35.7667276,-9.6740719],[-35.7666793,-9.674075],[-35.7666628,-9.6740552],[-35.7666325,-9.6740311],[-35.7665978,-9.6740115],[-35.7665676,-9.674],[-35.7665376,-9.6739966],[-35.7664774,-9.6739944],[-35.7664338,-9.674001],[-35.7663138,-9.6740255],[-35.766272,-9.6740403],[-35.7662276,-9.6740623],[-35.7661994,-9.6740689],[-35.7661086,-9.674094],[-35.766024,-9.674111],[-35.7659268,-9.6741379],[-35.7658997,-9.6741571],[-35.7658853,-9.674178],[-35.7658791,-9.6742079],[-35.7658758,-9.6742468],[-35.7658805,-9.6742675],[-35.7658925,-9.6742837],[-35.7659117,-9.6742935],[-35.7659345,-9.6742951],[-35.7659736,-9.6742912],[-35.7660017,-9.674272],[-35.7660242,-9.6742447],[-35.7660495,-9.6742228],[-35.7660794,-9.6742045],[-35.7661185,-9.6741879],[-35.7661965,-9.6741593],[-35.7662056,-9.6741556],[-35.7662301,-9.6741472],[-35.7662619,-9.6741316],[-35.7663499,-9.6740957],[-35.7663908,-9.6740908],[-35.7664345,-9.6740914],[-35.7665065,-9.674098],[-35.7665412,-9.6741077],[-35.7665841,-9.6741236],[-35.7666106,-9.6741288],[-35.7666298,-9.6741377],[-35.7666526,-9.6741429],[-35.76671,-9.6741533],[-35.7667292,-9.6741577],[-35.7667993,-9.6741643],[-35.7668985,-9.6741527],[-35.7669531,-9.6741432],[-35.7669895,-9.6741447],[-35.7670623,-9.674136],[-35.7672059,-9.6741087],[-35.7673386,-9.6740778],[-35.767424,-9.6740608],[-35.7674713,-9.6740541],[-35.7675159,-9.6740438],[-35.7675641,-9.674038],[-35.7675969,-9.6740387],[-35.767638,-9.67406],[-35.7676664,-9.6740833],[-35.7676894,-9.6741075],[-35.7677217,-9.6741596],[-35.7677411,-9.674201],[-35.7677654,-9.6742713],[-35.7677814,-9.6743308],[-35.767799,-9.6743776],[-35.7678083,-9.6743956],[-35.767812,-9.6744019],[-35.7678267,-9.6744217],[-35.767849,-9.6744748],[-35.7678612,-9.6745127],[-35.7678746,-9.6746002],[-35.7678895,-9.6747528],[-35.7678917,-9.6748006],[-35.7678911,-9.6748313],[-35.7678849,-9.6748585],[-35.7678624,-9.6748885],[-35.7678434,-9.6749058],[-35.767818,-9.6749187],[-35.7677644,-9.6749308],[-35.7677135,-9.6749376],[-35.7673911,-9.6749339],[-35.7673574,-9.6749323],[-35.7673174,-9.6749381],[-35.7672874,-9.6749482],[-35.7671774,-9.6749645],[-35.7670728,-9.6749735],[-35.7669936,-9.674984],[-35.7669481,-9.6749871],[-35.7669082,-9.6750019],[-35.7667134,-9.6750161],[-35.7667062,-9.6750162],[-35.7666716,-9.6750219],[-35.7665878,-9.6750234],[-35.7665587,-9.6750219],[-35.7664287,-9.6750518],[-35.7664033,-9.6750593],[-35.7662466,-9.6750533],[-35.7661692,-9.6750476],[-35.7661209,-9.6750471],[-35.7660982,-9.6750491],[-35.7660755,-9.6750574],[-35.7660538,-9.6750765],[-35.7660349,-9.6751047],[-35.7660234,-9.6751436],[-35.7660199,-9.6751672],[-35.7660312,-9.6752122],[-35.7660433,-9.675241],[-35.7659909,-9.6754062],[-35.7658635,-9.6752534],[-35.7652634,-9.675292],[-35.7650246,-9.6754108],[-35.7649437,-9.6754175],[-35.7647582,-9.6753361],[-35.7646481,-9.6753361],[-35.7646386,-9.6755702],[-35.7646815,-9.6757508],[-35.7643582,-9.6757692],[-35.7643753,-9.6759492],[-35.7642988,-9.6760233],[-35.7642989,-9.6760459],[-35.7640685,-9.6760994],[-35.7635113,-9.6762263],[-35.7633664,-9.6762648],[-35.7632524,-9.676295],[-35.7633109,-9.6764767],[-35.7634881,-9.6768484],[-35.7631843,-9.6769406],[-35.762955,-9.6770125],[-35.7625424,-9.6771418],[-35.7615596,-9.6774471],[-35.7613168,-9.6775221],[-35.7609813,-9.6776326],[-35.7605332,-9.6777702],[-35.7603518,-9.6778285],[-35.7600873,-9.6775986],[-35.760039,-9.6777295],[-35.7599466,-9.6780347],[-35.7598967,-9.6782033],[-35.759795,-9.6785386],[-35.7597516,-9.6786816],[-35.7597167,-9.6787956],[-35.7597029,-9.6788431],[-35.7595754,-9.6792733],[-35.7594893,-9.6795543],[-35.7594227,-9.6797629],[-35.7593786,-9.6799013],[-35.7593157,-9.6800982],[-35.7592968,-9.6801575],[-35.7592778,-9.6802171],[-35.7592661,-9.6802538],[-35.7590355,-9.6809712],[-35.7589091,-9.6813646],[-35.7575695,-9.6804718],[-35.75718,-9.6802122],[-35.755477,-9.6789084],[-35.7553433,-9.6788288]]]]}},
{"type":"Feature","properties":{"ibge_code_municipio":"2704302","name":"Pinheiro","code":"2704302032"},"geometry":{"type":"MultiPolygon","coordinates":[[[[-35.7441477,-9.641904],[-35.7441237,-9.6419063],[-35.7441003,-9.6419159],[-35.744033,-9.6419423],[-35.7439232,-9.642104],[-35.7438712,-9.6421993],[-35.7438506,-9.642241],[-35.7438364,-9.642289],[-35.7437952,-9.6423806],[-35.7437802,-9.6424304],[-35.7437463,-9.6425264],[-35.7437382,-9.642564],[-35.743719,-9.6426113],[-35.743691,-9.6426579],[-35.743642,-9.6427134],[-35.7436335,-9.6427541],[-35.7436512,-9.6428145],[-35.7436281,-9.6428824],[-35.7436142,-9.6429638],[-35.7435909,-9.6430128],[-35.7435795,-9.6430599],[-35.743579,-9.6430999],[-35.7435761,-9.6431403],[-35.7435646,-9.6432157],[-35.7436035,-9.6433211],[-35.7436251,-9.6433941],[-35.7436109,-9.6434242],[-35.7435852,-9.6434789],[-35.7435285,-9.6435139],[-35.7434828,-9.6435973],[-35.7434047,-9.6436314],[-35.7433804,-9.6436618],[-35.7433721,-9.643692],[-35.7433676,-9.6437432],[-35.7433524,-9.6438026],[-35.743334,-9.6438904],[-35.7434089,-9.643916],[-35.7433153,-9.6441091],[-35.7432946,-9.6441517],[-35.7430959,-9.6440424],[-35.7427163,-9.6438336],[-35.7425531,-9.6437726],[-35.7422767,-9.6436675],[-35.7420647,-9.6435483],[-35.7416125,-9.6432302],[-35.7412664,-9.6430296],[-35.741213,-9.6429912],[-35.7411584,-9.6429208],[-35.7411309,-9.6428264],[-35.7410958,-9.6427064],[-35.7409594,-9.6429954],[-35.74086,-9.6430357],[-35.7405285,-9.6431286],[-35.7403641,-9.6431447],[-35.7402197,-9.6431106],[-35.7401593,-9.643116],[-35.7399388,-9.6430176],[-35.7402489,-9.6423655],[-35.7403863,-9.64208],[-35.7404783,-9.6418812],[-35.7405185,-9.6418266],[-35.7405619,-9.641815],[-35.7406127,-9.6418333],[-35.7417374,-9.6423677],[-35.7424509,-9.6409692],[-35.7425056,-9.6408749],[-35.7417495,-9.6402483],[-35.7416717,-9.6401713],[-35.7416702,-9.6401162],[-35.7417601,-9.6397223],[-35.7416826,-9.6396842],[-35.7402587,-9.6390711],[-35.7394844,-9.6387348],[-35.7393472,-9.6390801],[-35.7375839,-9.6383444],[-35.7359789,-9.6376245],[-35.7360349,-9.6373077],[-35.7360477,-9.6372353],[-35.7360711,-9.6371221],[-35.736214,-9.6364294],[-35.7362452,-9.6362782],[-35.7365296,-9.634944],[-35.7365751,-9.6346995],[-35.7365929,-9.6346081],[-35.7366026,-9.6345587],[-35.7366095,-9.6345232],[-35.7366081,-9.6344987],[-35.736611,-9.6344454],[-35.7369492,-9.6327225],[-35.7372306,-9.6313237],[-35.7376699,-9.6291115],[-35.7377975,-9.628498],[-35.7378146,-9.6284151],[-35.7380006,-9.6275459],[-35.7380125,-9.6274758],[-35.7380185,-9.6274036],[-35.7380689,-9.6271046],[-35.7381009,-9.6269538],[-35.7381092,-9.6269141],[-35.7381315,-9.6267355],[-35.7383176,-9.6258769],[-35.7385622,-9.6245971],[-35.7386211,-9.6242233],[-35.7388282,-9.6224423],[-35.7388595,-9.6221733],[-35.7389077,-9.6221661],[-35.7389535,-9.6221593],[-35.7389981,-9.6221526],[-35.7399935,-9.6220033],[-35.7404308,-9.6219377],[-35.7410789,-9.6224566],[-35.7423661,-9.6234872],[-35.7430726,-9.6240869],[-35.7432891,-9.6227755],[-35.7434568,-9.6218665],[-35.7435879,-9.6219127],[-35.7436192,-9.6219476],[-35.7437044,-9.6220238],[-35.7437475,-9.6220532],[-35.7437872,-9.6221207],[-35.7438393,-9.6221465],[-35.7439644,-9.6221997],[-35.7440113,-9.6222499],[-35.7441274,-9.6223086],[-35.7441798,-9.6223723],[-35.7442791,-9.6223869],[-35.7443301,-9.622391],[-35.7443623,-9.622426],[-35.7443999,-9.6224582],[-35.7444954,-9.6225605],[-35.744592,-9.6225696],[-35.7446277,-9.6225992],[-35.7446609,-9.6226477],[-35.7446585,-9.6226974],[-35.7446452,-9.6227409],[-35.7446593,-9.6227905],[-35.7446724,-9.622841],[-35.7446838,-9.6229005],[-35.7446942,-9.6229465],[-35.7446955,-9.6229935],[-35.7447553,-9.623068],[-35.7448009,-9.6230812],[-35.744827,-9.6230439],[-35.7448467,-9.6229968],[-35.7448822,-9.6228863],[-35.7449674,-9.6229497],[-35.7449796,-9.6229993],[-35.7449792,-9.6230563],[-35.7449968,-9.6230995],[-35.7450036,-9.62315],[-35.7450076,-9.6231997],[-35.7450062,-9.6232485],[-35.7450012,-9.6233036],[-35.7450255,-9.6233757],[-35.7450872,-9.6233608],[-35.7451437,-9.6233576],[-35.7452177,-9.623282],[-35.7452857,-9.6232408],[-35.7453008,-9.6231956],[-35.7453214,-9.6231556],[-35.7453668,-9.6231453],[-35.7455218,-9.6231676],[-35.7455639,-9.6231971],[-35.745596,-9.6232293],[-35.7456364,-9.6232742],[-35.7456811,-9.6232847],[-35.7457276,-9.6232852],[-35.7457606,-9.6233166],[-35.745878,-9.6233129],[-35.7459086,-9.6233841],[-35.745936,-9.6235049],[-35.7459547,-9.6235644],[-35.7459805,-9.6236076],[-35.7460109,-9.6236417],[-35.7460185,-9.6236877],[-35.7460417,-9.6237435],[-35.7460465,-9.6237769],[-35.7460505,-9.6238112],[-35.7460893,-9.6238805],[-35.7461246,-9.6239382],[-35.7461619,-9.6241907],[-35.7461064,-9.6244216],[-35.7460878,-9.6244507],[-35.7460801,-9.6244468],[-35.7460477,-9.6244483],[-35.746011,-9.6244681],[-35.7458315,-9.6246148],[-35.7457735,-9.6246536],[-35.7456177,-9.6247964],[-35.7454626,-9.6249068],[-35.7453272,-9.6250005],[-35.7451673,-9.6251058],[-35.7451266,-9.6251141],[-35.7450749,-9.6251028],[-35.7450473,-9.6251146],[-35.7449878,-9.6251407],[-35.7447306,-9.6252728],[-35.7446848,-9.6253049],[-35.744578,-9.6253611],[-35.7444188,-9.625422],[-35.7443673,-9.6254463],[-35.7442628,-9.6254675],[-35.7442021,-9.6254883],[-35.7442207,-9.6255243],[-35.7443665,-9.6257716],[-35.7444814,-9.6258999],[-35.7446268,-9.6259783],[-35.7448109,-9.6261222],[-35.7449082,-9.6262209],[-35.7449659,-9.6262638],[-35.7448784,-9.6264659],[-35.7448736,-9.6264687],[-35.7448253,-9.6264968],[-35.7448117,-9.6265042],[-35.7446765,-9.6267187],[-35.7445461,-9.6270036],[-35.7445136,-9.6270751],[-35.7444248,-9.6272352],[-35.7445816,-9.6273553],[-35.7445921,-9.6273633],[-35.7445646,-9.6274135],[-35.7444486,-9.6276198],[-35.7444257,-9.6276536],[-35.744205,-9.6280041],[-35.7441678,-9.6280814],[-35.7449413,-9.6284203],[-35.7455575,-9.628704],[-35.7456622,-9.6287364],[-35.7457272,-9.628755],[-35.7458058,-9.6287359],[-35.7464383,-9.6290681],[-35.746459,-9.629078],[-35.7465122,-9.6291192],[-35.746665,-9.6292101],[-35.7471593,-9.6294359],[-35.7471705,-9.629441],[-35.7471577,-9.6294564],[-35.7471312,-9.6294886],[-35.7470622,-9.6296047],[-35.7469954,-9.6297279],[-35.7474364,-9.6299179],[-35.7488659,-9.6305302],[-35.7493113,-9.6307258],[-35.7494038,-9.6307537],[-35.749396,-9.6308214],[-35.7493368,-9.6310865],[-35.749316,-9.6311292],[-35.749303,-9.6311774],[-35.7492985,-9.631194],[-35.7497215,-9.6313776],[-35.7489471,-9.6331076],[-35.7487829,-9.6333827],[-35.7487544,-9.6333721],[-35.7487356,-9.6333681],[-35.7483991,-9.6332359],[-35.7481264,-9.6331285],[-35.7476939,-9.6329611],[-35.7476948,-9.6330103],[-35.7476833,-9.6330831],[-35.7476816,-9.6331315],[-35.7476849,-9.6332557],[-35.7477173,-9.6333163],[-35.7477575,-9.6333755],[-35.7477838,-9.633441],[-35.7478039,-9.6334886],[-35.747818,-9.6336063],[-35.7478192,-9.6336992],[-35.7478321,-9.6337713],[-35.7478603,-9.6338343],[-35.747851,-9.6339784],[-35.7478437,-9.6340318],[-35.7478297,-9.6340454],[-35.747806,-9.6341736],[-35.74777,-9.6342758],[-35.7477468,-9.6343293],[-35.7477295,-9.6343682],[-35.7476987,-9.6344202],[-35.7476829,-9.6344571],[-35.7476542,-9.634515],[-35.7476367,-9.6345557],[-35.7475988,-9.6346358],[-35.7475538,-9.6347251],[-35.747507,-9.6348013],[-35.7474749,-9.6348543],[-35.7474397,-9.6349054],[-35.7473887,-9.6349894],[-35.7473497,-9.6350609],[-35.7473378,-9.6350783],[-35.7472591,-9.6352167],[-35.7472313,-9.6352636],[-35.7471271,-9.6354448],[-35.7471161,-9.6354672],[-35.7471123,-9.635475],[-35.7470928,-9.6355077],[-35.7470349,-9.6356108],[-35.7469726,-9.635721],[-35.746937,-9.6357865],[-35.7468296,-9.6357296],[-35.7467938,-9.6357308],[-35.7467955,-9.6358435],[-35.7467876,-9.6359233],[-35.7466997,-9.6361009],[-35.7466691,-9.636141],[-35.7466251,-9.6361798],[-35.7465609,-9.6362158],[-35.7465088,-9.636223],[-35.7464197,-9.6361886],[-35.7464028,-9.6361803],[-35.7463522,-9.6361555],[-35.7462808,-9.6361504],[-35.7459134,-9.6366864],[-35.7458798,-9.6366988],[-35.7458085,-9.6367359],[-35.7456356,-9.6369291],[-35.7454823,-9.6371358],[-35.7454428,-9.6372103],[-35.7454298,-9.6372348],[-35.7455048,-9.6372794],[-35.745587,-9.63732],[-35.7457398,-9.6374182],[-35.7457888,-9.6374509],[-35.7459321,-9.637535],[-35.7459769,-9.6375686],[-35.7460314,-9.6375868],[-35.746106,-9.6376139],[-35.7462684,-9.6376929],[-35.7464239,-9.6377807],[-35.7463917,-9.6378542],[-35.7463802,-9.6378976],[-35.7463408,-9.637982],[-35.7463234,-9.6380339],[-35.7463133,-9.6380752],[-35.7463019,-9.6381223],[-35.7462862,-9.6381833],[-35.7462832,-9.6382548],[-35.7462795,-9.6383684],[-35.7462261,-9.6384567],[-35.746184,-9.638542],[-35.7460969,-9.6387151],[-35.7459437,-9.6389927],[-35.7458289,-9.6392228],[-35.7457583,-9.6393661],[-35.7457511,-9.6393772],[-35.745716,-9.6394426],[-35.7456517,-9.6395454],[-35.7455318,-9.6397583],[-35.7454596,-9.6398771],[-35.7454508,-9.6399034],[-35.7454192,-9.639963],[-35.7453735,-9.6400585],[-35.7453164,-9.6401775],[-35.7452221,-9.6403755],[-35.7452119,-9.64039],[-35.7452046,-9.6403975],[-35.7450545,-9.6405248],[-35.7449896,-9.6405752],[-35.7448164,-9.6408486],[-35.7444394,-9.6415702],[-35.7444341,-9.6415799],[-35.7444277,-9.6415921],[-35.7442585,-9.6418831],[-35.7442025,-9.6418539],[-35.7441883,-9.6418986],[-35.7441714,-9.6419008],[-35.7441477,-9.641904]]]]}},
{"type":"Feature","properties":{"ibge_code_municipio":"2704302","name":"Pajuçara","code":"2704302029"},"geometry":{"type":"MultiPolygon","coordinates":[[[[-35.7115996,-9.6637613],[-35.7116419,-9.663809],[-35.7120058,-9.6641687],[-35.7123009,-9.6644692],[-35.7126635,-9.6648339],[-35.7130696,-9.6652354],[-35.7134025,-9.6655708],[-35.7136797,-9.6658507],[-35.7140683,-9.6662529],[-35.7146705,-9.6668612],[-35.7147311,-9.6669367],[-35.7150674,-9.6672858],[-35.7155038,-9.6677589],[-35.71596,-9.6682453],[-35.7161721,-9.6684737],[-35.716294,-9.6686049],[-35.7163762,-9.6686832],[-35.7164811,-9.6685537],[-35.7165379,-9.6684659],[-35.7167347,-9.6681653],[-35.7172524,-9.6673703],[-35.7173601,-9.667208],[-35.717493,-9.667006],[-35.717858,-9.6664477],[-35.7179035,-9.6663413],[-35.7181959,-9.6658628],[-35.71822,-9.6658329],[-35.7182519,-9.6657887],[-35.7183549,-9.665636],[-35.7185289,-9.6653516],[-35.7187139,-9.6650645],[-35.7188156,-9.6648959],[-35.7188553,-9.6648203],[-35.7189199,-9.6647337],[-35.719063,-9.6644994],[-35.7192301,-9.6642257],[-35.719362,-9.6640237],[-35.7195599,-9.6637307],[-35.7195132,-9.6640894],[-35.719544,-9.6645476],[-35.7195932,-9.6654301],[-35.7196214,-9.6659041],[-35.7196488,-9.6663888],[-35.7196741,-9.6673652],[-35.7196711,-9.6675335],[-35.7196723,-9.6679533],[-35.7196715,-9.6683348],[-35.719678,-9.6696122],[-35.7196437,-9.6698522],[-35.7195272,-9.6701497],[-35.7193834,-9.6704672],[-35.7193716,-9.6704886],[-35.7192876,-9.6706521],[-35.7192352,-9.6707584],[-35.7190706,-9.6710703],[-35.7188029,-9.6715467],[-35.7187919,-9.6715839],[-35.7186445,-9.6718343],[-35.7186074,-9.6718893],[-35.7184871,-9.6720076],[-35.7183217,-9.6721401],[-35.7181962,-9.6722186],[-35.7183866,-9.672538],[-35.7185335,-9.6727711],[-35.7185987,-9.6728889],[-35.7186572,-9.6729709],[-35.7189654,-9.6733682],[-35.7190691,-9.6734589],[-35.7191085,-9.6734934],[-35.7192382,-9.6735895],[-35.7197505,-9.6739535],[-35.7201195,-9.6741765],[-35.7200476,-9.6741965],[-35.7199802,-9.6741991],[-35.7198188,-9.6741756],[-35.7193496,-9.6740826],[-35.7189434,-9.6740349],[-35.7184278,-9.6740725],[-35.7183674,-9.6740767],[-35.7182871,-9.674085],[-35.7181914,-9.6741],[-35.7180222,-9.6741393],[-35.717419,-9.6742644],[-35.7164386,-9.6746291],[-35.7163426,-9.6746621],[-35.7157161,-9.6735457],[-35.7151832,-9.6729034],[-35.7150618,-9.6727026],[-35.7146954,-9.6720966],[-35.714519,-9.6718049],[-35.7134811,-9.6701965],[-35.7126909,-9.6691973],[-35.7125097,-9.6690018],[-35.7124606,-9.6689489],[-35.7117604,-9.6680798],[-35.711209,-9.6673914],[-35.7105994,-9.6667759],[-35.7100127,-9.6661991],[-35.7095317,-9.6658521],[-35.7094416,-9.6657871],[-35.7087765,-9.6653504],[-35.7083445,-9.6650807],[-35.7081152,-9.6649956],[-35.7080038,-9.6649543],[-35.7080139,-9.6649376],[-35.7084602,-9.664205],[-35.7084644,-9.6641981],[-35.7085425,-9.6640563],[-35.7090927,-9.6630862],[-35.7086847,-9.6629426],[-35.7088958,-9.662327],[-35.7089006,-9.6623131],[-35.7098788,-9.6626339],[-35.7099093,-9.6626459],[-35.7101658,-9.6627464],[-35.7105161,-9.6629463],[-35.7115996,-9.6637613]]]]}},
{"type":"Feature","properties":{"ibge_code_municipio":"2704302","name":"Guaxuma","code":"2704302018"},"geometry":{"type":"MultiPolygon","coordinates":[[[[-35.6793139,-9.6003102],[-35.6792756,-9.6003432],[-35.6792689,-9.6003461],[-35.679242,-9.6003579],[-35.6791522,-9.600402],[-35.6791091,-9.6004203],[-35.6790252,-9.6004518],[-35.6789878,-9.6004734],[-35.6789509,-9.6005038],[-35.6789184,-9.6005348],[-35.6788959,-9.6005729],[-35.678889,-9.6006173],[-35.6788894,-9.6006624],[-35.6788952,-9.6007076],[-35.6788946,-9.6007518],[-35.6788882,-9.600842],[-35.6788775,-9.6009321],[-35.6788698,-9.6009762],[-35.6788594,-9.6010205],[-35.6788305,-9.601055],[-35.6788136,-9.6010949],[-35.6788091,-9.6011367],[-35.678814,-9.6014119],[-35.6788246,-9.6014526],[-35.6788431,-9.6014949],[-35.6788559,-9.601538],[-35.6788469,-9.6016277],[-35.678844,-9.6017181],[-35.6788474,-9.6018084],[-35.6788414,-9.6018486],[-35.6788299,-9.6018962],[-35.6788047,-9.6020295],[-35.6787633,-9.602109],[-35.6787229,-9.6021898],[-35.6786682,-9.6022641],[-35.67864,-9.602297],[-35.6785985,-9.6023198],[-35.6783126,-9.6024559],[-35.6779962,-9.6026034],[-35.677787,-9.6020614],[-35.6776043,-9.6016585],[-35.6773067,-9.6010788],[-35.6768785,-9.6004327],[-35.6766946,-9.6002186],[-35.6762628,-9.5997158],[-35.6757456,-9.5990206],[-35.6750058,-9.5982449],[-35.6746871,-9.5979048],[-35.674465,-9.5976678],[-35.6741345,-9.5973252],[-35.6739974,-9.597202],[-35.6735603,-9.5968089],[-35.6733143,-9.5966037],[-35.6728625,-9.5962268],[-35.6728523,-9.5962183],[-35.6723189,-9.5957763],[-35.6715564,-9.5952722],[-35.6712267,-9.5950662],[-35.6708749,-9.5948464],[-35.670575,-9.5945696],[-35.6703029,-9.5943021],[-35.6699752,-9.5939245],[-35.6695846,-9.593528],[-35.6690628,-9.5930721],[-35.6684628,-9.5926511],[-35.6678233,-9.5923272],[-35.6673435,-9.5920649],[-35.6666887,-9.5918455],[-35.6662077,-9.5916888],[-35.6658312,-9.5914767],[-35.6656958,-9.5912901],[-35.6656342,-9.5910739],[-35.6656328,-9.5910597],[-35.6656027,-9.5907472],[-35.6655067,-9.5904226],[-35.6653927,-9.590146],[-35.6652885,-9.5898332],[-35.6657283,-9.5896795],[-35.6657504,-9.5896324],[-35.665753,-9.589588],[-35.6657493,-9.5895656],[-35.6657294,-9.5894779],[-35.6657342,-9.5894154],[-35.6657948,-9.5893791],[-35.665847,-9.589437],[-35.6659088,-9.5895035],[-35.6659468,-9.5895845],[-35.6660158,-9.5896753],[-35.6660698,-9.5897146],[-35.6662147,-9.5898219],[-35.6664387,-9.5899792],[-35.6665123,-9.5900606],[-35.6666162,-9.5901375],[-35.6666861,-9.5901779],[-35.6669032,-9.5903368],[-35.6670344,-9.5904089],[-35.6671123,-9.5904358],[-35.6672057,-9.5904671],[-35.6673217,-9.5905281],[-35.6674503,-9.5905723],[-35.6676294,-9.5906172],[-35.6677227,-9.5905973],[-35.6678107,-9.5905141],[-35.6678744,-9.5904462],[-35.6679321,-9.590368],[-35.6679878,-9.5902696],[-35.667981,-9.590214],[-35.6678941,-9.5900514],[-35.6677649,-9.589913],[-35.6676336,-9.5897974],[-35.6676078,-9.5897624],[-35.6675789,-9.5896786],[-35.667572,-9.5895848],[-35.6676272,-9.5895027],[-35.6676519,-9.5894711],[-35.667692,-9.589395],[-35.667731,-9.5893332],[-35.6677914,-9.5892577],[-35.6678456,-9.5892411],[-35.6679468,-9.5892451],[-35.6679789,-9.5892262],[-35.6679927,-9.5891839],[-35.6679871,-9.5891351],[-35.667956,-9.5890017],[-35.6679561,-9.5889579],[-35.667982,-9.5888685],[-35.6680373,-9.5888034],[-35.6680789,-9.5887685],[-35.6681504,-9.5887128],[-35.6681774,-9.5886774],[-35.6681942,-9.5885919],[-35.6681909,-9.5885445],[-35.6681835,-9.5884973],[-35.6681692,-9.5884531],[-35.6681348,-9.5883916],[-35.6680681,-9.5883222],[-35.6680215,-9.5882991],[-35.6679583,-9.5882933],[-35.6678154,-9.5883141],[-35.6677439,-9.5883121],[-35.6676905,-9.5883019],[-35.6676172,-9.5882823],[-35.6675131,-9.5882452],[-35.6674436,-9.5882123],[-35.6673794,-9.5881495],[-35.6673577,-9.5881103],[-35.667345,-9.5880751],[-35.6673422,-9.5880086],[-35.66734,-9.5879565],[-35.6673104,-9.5878248],[-35.6671814,-9.5875185],[-35.6671738,-9.5874718],[-35.6671391,-9.5873423],[-35.6671158,-9.5872508],[-35.6670826,-9.58707],[-35.6670486,-9.5869386],[-35.6670156,-9.5868532],[-35.6670138,-9.5867725],[-35.6670183,-9.5866687],[-35.6670288,-9.5866168],[-35.6670566,-9.5865271],[-35.6670676,-9.5865096],[-35.6671089,-9.5864191],[-35.6671177,-9.586425],[-35.6671413,-9.5863776],[-35.6671776,-9.5863027],[-35.6672492,-9.5862354],[-35.6672924,-9.5862147],[-35.667344,-9.5862175],[-35.6673946,-9.5862304],[-35.6675485,-9.5863132],[-35.6676411,-9.5863395],[-35.6677146,-9.5863465],[-35.6677631,-9.5863754],[-35.6678011,-9.5864223],[-35.6678583,-9.58645],[-35.6679158,-9.5864627],[-35.6679688,-9.5864508],[-35.6681148,-9.5863801],[-35.6681818,-9.5863248],[-35.6681983,-9.5863004],[-35.6682167,-9.5862583],[-35.6682437,-9.5862147],[-35.6682666,-9.5862017],[-35.6683244,-9.5861771],[-35.6683996,-9.5861711],[-35.6685239,-9.5861902],[-35.6685996,-9.5862029],[-35.6686522,-9.5861859],[-35.6687985,-9.5861264],[-35.6689136,-9.5860532],[-35.668994,-9.5859873],[-35.6690414,-9.5859417],[-35.6690768,-9.5858983],[-35.6690893,-9.5858649],[-35.6690989,-9.5858138],[-35.6691256,-9.5857146],[-35.6691595,-9.5856249],[-35.6692181,-9.5855594],[-35.6692573,-9.585507],[-35.6692926,-9.5854121],[-35.6693177,-9.5853707],[-35.6693757,-9.5853148],[-35.6694159,-9.5852707],[-35.6694788,-9.5852191],[-35.6694896,-9.5851142],[-35.6695154,-9.5850743],[-35.6695497,-9.5850481],[-35.6695854,-9.5850298],[-35.6695985,-9.585017],[-35.6696006,-9.5849904],[-35.6695948,-9.5849475],[-35.6695809,-9.5849096],[-35.6695472,-9.5848572],[-35.6695185,-9.5848263],[-35.6694908,-9.5848037],[-35.6694693,-9.5847819],[-35.669452,-9.584758],[-35.6694375,-9.5847282],[-35.6694593,-9.5846769],[-35.6694911,-9.5846395],[-35.6695279,-9.5846231],[-35.6695653,-9.5846127],[-35.6696121,-9.5845931],[-35.669652,-9.5845702],[-35.6696869,-9.5845361],[-35.669694,-9.5845056],[-35.6696954,-9.5844415],[-35.669693,-9.584405],[-35.66969,-9.5843273],[-35.6696656,-9.584284],[-35.66962,-9.5842533],[-35.6695927,-9.5842322],[-35.6695388,-9.5841621],[-35.6695148,-9.5841034],[-35.6695244,-9.5840381],[-35.6695722,-9.5839742],[-35.6696182,-9.5839471],[-35.6697304,-9.5838947],[-35.6697887,-9.5837759],[-35.669823,-9.5837509],[-35.6698939,-9.5837272],[-35.669961,-9.5836977],[-35.6700084,-9.5836465],[-35.6701327,-9.5834199],[-35.6701805,-9.5833142],[-35.6702016,-9.5832345],[-35.6702653,-9.5828614],[-35.6702716,-9.5827967],[-35.6702862,-9.5825885],[-35.6702929,-9.5824899],[-35.6702919,-9.5823543],[-35.6702917,-9.5823317],[-35.6702759,-9.5821746],[-35.6702717,-9.5820961],[-35.6702989,-9.5820321],[-35.6703279,-9.5820153],[-35.670392,-9.5820428],[-35.6704328,-9.5820684],[-35.6705012,-9.582116],[-35.6705856,-9.5821831],[-35.6706806,-9.5822303],[-35.6707809,-9.5822537],[-35.6708601,-9.5822477],[-35.6709427,-9.5822157],[-35.6710133,-9.5821681],[-35.6710516,-9.5821156],[-35.6710731,-9.5820777],[-35.6711567,-9.5818887],[-35.6711861,-9.5818035],[-35.6711979,-9.5817475],[-35.6711997,-9.5816733],[-35.671218,-9.5816052],[-35.6712465,-9.581561],[-35.6712724,-9.5815293],[-35.6713093,-9.5814926],[-35.6713501,-9.5814556],[-35.6714745,-9.5814182],[-35.6715817,-9.5814097],[-35.6717164,-9.5814105],[-35.6718424,-9.5813756],[-35.6718862,-9.5813418],[-35.6719412,-9.5812709],[-35.6719932,-9.5811711],[-35.6720214,-9.5811117],[-35.672042,-9.5810227],[-35.6721205,-9.5809811],[-35.6722273,-9.5809743],[-35.6723731,-9.5809748],[-35.6724559,-9.5809634],[-35.6725406,-9.5809219],[-35.6725974,-9.5809063],[-35.672634,-9.5809313],[-35.6726625,-9.5809663],[-35.6727155,-9.5810556],[-35.6727424,-9.5810686],[-35.6727676,-9.5810673],[-35.6727909,-9.5810535],[-35.6728196,-9.5810289],[-35.6728484,-9.5809865],[-35.6728575,-9.5809401],[-35.6728448,-9.5808917],[-35.6728278,-9.5808515],[-35.6728243,-9.5808065],[-35.672849,-9.5807675],[-35.6728908,-9.5807344],[-35.6729673,-9.5806964],[-35.6730536,-9.5806822],[-35.6731136,-9.5806782],[-35.6731959,-9.5806584],[-35.673243,-9.5806493],[-35.6733528,-9.5806393],[-35.6734534,-9.5806395],[-35.673597,-9.5806736],[-35.6736936,-9.5806927],[-35.6737321,-9.5806986],[-35.6737694,-9.5806971],[-35.6738461,-9.58068],[-35.6738882,-9.5806328],[-35.6739273,-9.5806004],[-35.6739727,-9.5805716],[-35.6740159,-9.5805562],[-35.6741069,-9.5805511],[-35.6741713,-9.5805408],[-35.6742062,-9.5805313],[-35.6742566,-9.5804863],[-35.6742878,-9.5804439],[-35.6742654,-9.5803504],[-35.6742713,-9.5802807],[-35.6742821,-9.5802549],[-35.6743047,-9.5802415],[-35.6743742,-9.5802398],[-35.6744016,-9.5802578],[-35.6744374,-9.5803018],[-35.6744791,-9.5803243],[-35.6745164,-9.580327],[-35.6745403,-9.5803157],[-35.6745507,-9.580284],[-35.6745499,-9.580248],[-35.6745687,-9.5802159],[-35.6746045,-9.5801889],[-35.6746919,-9.5801718],[-35.6747552,-9.5801618],[-35.6748085,-9.5801153],[-35.674855,-9.5800541],[-35.6748843,-9.5800207],[-35.6749371,-9.5799774],[-35.6749703,-9.5799419],[-35.6749916,-9.5799043],[-35.6750143,-9.5798431],[-35.6750524,-9.5797519],[-35.675108,-9.5796746],[-35.6751604,-9.5796386],[-35.6751993,-9.5796059],[-35.6753035,-9.5795456],[-35.6753373,-9.5795392],[-35.6754203,-9.5795401],[-35.6755029,-9.5795169],[-35.6756554,-9.579502],[-35.6756954,-9.5794902],[-35.6757233,-9.5794746],[-35.6757439,-9.5794556],[-35.6757922,-9.5794007],[-35.6758161,-9.5793618],[-35.6758524,-9.5793373],[-35.6758978,-9.579326],[-35.6759511,-9.579333],[-35.6760206,-9.5793589],[-35.6760867,-9.5794067],[-35.6761073,-9.5794189],[-35.6761515,-9.5794127],[-35.6762061,-9.5793939],[-35.6763066,-9.5793335],[-35.6763339,-9.5793034],[-35.6763661,-9.5792517],[-35.6763953,-9.5791861],[-35.6764098,-9.5791233],[-35.6764283,-9.5790579],[-35.6764475,-9.5790368],[-35.6765353,-9.5790024],[-35.6765661,-9.5789881],[-35.6766404,-9.578937],[-35.6767311,-9.5788351],[-35.6768049,-9.5787191],[-35.6768774,-9.5786234],[-35.6772156,-9.5783598],[-35.6773524,-9.5782699],[-35.677535,-9.5781861],[-35.6775923,-9.5781637],[-35.6776788,-9.5780896],[-35.6777175,-9.5780588],[-35.677832,-9.5780093],[-35.6778711,-9.5779752],[-35.6779125,-9.5779514],[-35.6779481,-9.5779159],[-35.6779985,-9.5778337],[-35.6780116,-9.5778021],[-35.6780347,-9.5777422],[-35.6780513,-9.5776829],[-35.6780592,-9.5776384],[-35.6780687,-9.5775686],[-35.6780731,-9.5775306],[-35.678081,-9.5774905],[-35.678093,-9.5773997],[-35.6780975,-9.577383],[-35.6781217,-9.57733],[-35.6781539,-9.5772732],[-35.6781872,-9.5772402],[-35.6782098,-9.5772107],[-35.6782613,-9.5771528],[-35.678291,-9.5771096],[-35.6783169,-9.5770759],[-35.6783615,-9.5769907],[-35.6783907,-9.5769536],[-35.6784313,-9.576916],[-35.6784532,-9.5768891],[-35.6784946,-9.5768457],[-35.6785236,-9.5768045],[-35.6785587,-9.5767582],[-35.6785971,-9.5766966],[-35.6786251,-9.5766657],[-35.6786615,-9.5766374],[-35.6786985,-9.5765918],[-35.6787363,-9.5765554],[-35.6787844,-9.5765308],[-35.6788349,-9.5765161],[-35.6788817,-9.5765099],[-35.6789048,-9.5765179],[-35.6789717,-9.5764937],[-35.6790046,-9.5764733],[-35.6790167,-9.5764569],[-35.6790277,-9.5764329],[-35.6790339,-9.5764113],[-35.6790364,-9.5763849],[-35.6790407,-9.5763497],[-35.679043,-9.5763009],[-35.6790476,-9.5762507],[-35.6790587,-9.5761885],[-35.6790661,-9.5761583],[-35.6790744,-9.5761399],[-35.6790886,-9.5761139],[-35.6791037,-9.5760895],[-35.6791223,-9.5760664],[-35.6791718,-9.5760107],[-35.6791962,-9.5759747],[-35.6792286,-9.575929],[-35.6792385,-9.5759164],[-35.679264,-9.5758923],[-35.6792885,-9.5758733],[-35.6793124,-9.5758559],[-35.6793625,-9.5758286],[-35.6794019,-9.5758037],[-35.6794413,-9.5757828],[-35.6794939,-9.5757544],[-35.6795708,-9.5757215],[-35.679596,-9.5757091],[-35.6796172,-9.5756959],[-35.6796719,-9.5756531],[-35.6797014,-9.5756281],[-35.6797235,-9.5756115],[-35.6797425,-9.5756019],[-35.6797901,-9.5755845],[-35.6798473,-9.5755588],[-35.679865,-9.5755496],[-35.6799234,-9.5755137],[-35.6799442,-9.5754983],[-35.6799572,-9.5754875],[-35.6799806,-9.5754656],[-35.6799973,-9.5754486],[-35.6800158,-9.5754263],[-35.6800253,-9.575414],[-35.6800427,-9.575386],[-35.680053,-9.5753642],[-35.6800601,-9.5753463],[-35.6800815,-9.5753022],[-35.6800875,-9.5752812],[-35.6800989,-9.5752347],[-35.6800994,-9.575204],[-35.6800938,-9.5751642],[-35.6801003,-9.575123],[-35.6800963,-9.5750895],[-35.6800899,-9.5750583],[-35.6801151,-9.5750305],[-35.6801521,-9.5750106],[-35.6801988,-9.5750105],[-35.6802829,-9.5750245],[-35.6803321,-9.5750287],[-35.6803772,-9.5750277],[-35.6804427,-9.5750303],[-35.6805254,-9.5750247],[-35.680565,-9.5750146],[-35.6805977,-9.5750022],[-35.6806413,-9.5749883],[-35.6807079,-9.5749487],[-35.6807387,-9.5749264],[-35.6807678,-9.5749072],[-35.6808407,-9.5748702],[-35.6808639,-9.5748678],[-35.6809241,-9.574877],[-35.6809584,-9.5748753],[-35.6809925,-9.5748691],[-35.6810432,-9.5748412],[-35.6810764,-9.5748124],[-35.6811047,-9.5747917],[-35.6811448,-9.5747658],[-35.6811712,-9.5747486],[-35.6811973,-9.5747263],[-35.6812136,-9.5746911],[-35.6812079,-9.5746536],[-35.6812062,-9.5746335],[-35.6812042,-9.574615],[-35.6811953,-9.5745821],[-35.6811757,-9.5745469],[-35.6811708,-9.5745209],[-35.6811924,-9.5744934],[-35.6812491,-9.5744738],[-35.6812708,-9.5744684],[-35.6813081,-9.5744627],[-35.6813429,-9.5744482],[-35.6813864,-9.5744256],[-35.6814441,-9.5743984],[-35.6814774,-9.5743778],[-35.6815102,-9.5743614],[-35.681571,-9.5743425],[-35.6816126,-9.5743201],[-35.6816867,-9.5742915],[-35.6817195,-9.5742718],[-35.6817433,-9.5742434],[-35.6817716,-9.5742153],[-35.6818112,-9.5741519],[-35.6818266,-9.5741153],[-35.6818348,-9.5740805],[-35.6818386,-9.5740235],[-35.6818416,-9.5740086],[-35.6818587,-9.5739806],[-35.6818905,-9.5739511],[-35.6819415,-9.5738991],[-35.6819786,-9.5738691],[-35.6820086,-9.5738303],[-35.6820406,-9.573794],[-35.682064,-9.5737528],[-35.6820887,-9.5737113],[-35.682114,-9.573684],[-35.6821675,-9.573661],[-35.6822079,-9.5736364],[-35.6822763,-9.5736059],[-35.6823335,-9.5735775],[-35.6823714,-9.5735749],[-35.6824028,-9.5735965],[-35.6824266,-9.5736192],[-35.6824559,-9.5736271],[-35.6824853,-9.5736275],[-35.6825057,-9.573602],[-35.6825295,-9.5735559],[-35.6825596,-9.5735134],[-35.6825828,-9.573482],[-35.6826187,-9.5734493],[-35.6826586,-9.5734112],[-35.6826878,-9.573376],[-35.6827103,-9.5733445],[-35.6827292,-9.5733131],[-35.6827609,-9.5732877],[-35.6827969,-9.5732666],[-35.6828301,-9.5732533],[-35.6829035,-9.5732349],[-35.6829756,-9.5732072],[-35.683075,-9.5731796],[-35.6831322,-9.5731602],[-35.6831985,-9.5731479],[-35.6832674,-9.5731518],[-35.6833014,-9.573128],[-35.6833324,-9.5731124],[-35.6833599,-9.5730806],[-35.6833694,-9.5730572],[-35.6833904,-9.5729745],[-35.6834471,-9.5729255],[-35.6834758,-9.5728991],[-35.6835132,-9.5728409],[-35.6835461,-9.5728086],[-35.683586,-9.5727491],[-35.6836354,-9.5726702],[-35.6836588,-9.5726321],[-35.6837084,-9.5725619],[-35.6837591,-9.5725137],[-35.683785,-9.5724829],[-35.6838051,-9.572449],[-35.6838118,-9.572407],[-35.6838498,-9.5723839],[-35.6838993,-9.5723406],[-35.6839312,-9.5723155],[-35.6840034,-9.5722309],[-35.6840347,-9.5722018],[-35.6840702,-9.5721859],[-35.6841124,-9.5721822],[-35.6841518,-9.5721849],[-35.6841924,-9.5721834],[-35.6842333,-9.5721742],[-35.6842755,-9.5721373],[-35.6843,-9.5721031],[-35.6843305,-9.5720468],[-35.6843508,-9.5719848],[-35.6843999,-9.571894],[-35.6844257,-9.5718611],[-35.6844527,-9.571838],[-35.6844879,-9.5718288],[-35.6845149,-9.5718416],[-35.6845586,-9.5718997],[-35.6845922,-9.5719298],[-35.6846257,-9.571942],[-35.6846729,-9.5719392],[-35.6847436,-9.5719017],[-35.6848028,-9.5718541],[-35.6848404,-9.571847],[-35.6848971,-9.5718545],[-35.6849308,-9.5718725],[-35.6849594,-9.5719018],[-35.6850878,-9.5719842],[-35.6851242,-9.5720345],[-35.6851702,-9.5720954],[-35.6852001,-9.5721015],[-35.6852412,-9.5720801],[-35.6852884,-9.5720803],[-35.6854471,-9.5720966],[-35.6855571,-9.5721475],[-35.6856278,-9.5721122],[-35.6856924,-9.5720911],[-35.6857392,-9.5721463],[-35.6857809,-9.5721722],[-35.6858307,-9.5721608],[-35.6859156,-9.5721908],[-35.685955,-9.5722122],[-35.6859825,-9.5722482],[-35.6859974,-9.5722896],[-35.6860051,-9.5723338],[-35.6860236,-9.5723725],[-35.6860494,-9.5724121],[-35.6860851,-9.5724398],[-35.6861262,-9.5724558],[-35.6861709,-9.5724645],[-35.6862164,-9.5724614],[-35.6862618,-9.5724583],[-35.6863074,-9.5724607],[-35.6863521,-9.5724685],[-35.6863959,-9.5724817],[-35.6864396,-9.572494],[-35.6864825,-9.5725081],[-35.6865219,-9.5725304],[-35.686563,-9.5725491],[-35.6866068,-9.5725605],[-35.6866515,-9.5725719],[-35.6866988,-9.5725706],[-35.6867415,-9.5725648],[-35.6867861,-9.5725573],[-35.6868306,-9.572547],[-35.6868742,-9.572534],[-35.6869159,-9.5725138],[-35.6869475,-9.5724837],[-35.6869628,-9.5724583],[-35.686997,-9.5724093],[-35.6870323,-9.572381],[-35.6870639,-9.5723509],[-35.6870712,-9.5723436],[-35.687091,-9.5723227],[-35.6871236,-9.5723008],[-35.687158,-9.5722815],[-35.6871916,-9.5722677],[-35.687228,-9.5722584],[-35.6872634,-9.5722455],[-35.6873064,-9.5722813],[-35.6873343,-9.5723515],[-35.6873545,-9.5723812],[-35.6873983,-9.5723872],[-35.6874438,-9.5723895],[-35.6875348,-9.5723816],[-35.687575,-9.5723994],[-35.6875981,-9.5724408],[-35.6876084,-9.5724849],[-35.6876179,-9.5725291],[-35.6876246,-9.5725734],[-35.6876598,-9.5727674],[-35.6876985,-9.5728231],[-35.6877147,-9.5728389],[-35.6877393,-9.5728628],[-35.68783,-9.5729475],[-35.6878839,-9.5730132],[-35.6879034,-9.5730564],[-35.6879295,-9.5731438],[-35.6879436,-9.5732016],[-35.6879556,-9.5732886],[-35.6879647,-9.57335],[-35.6879653,-9.5734062],[-35.6879734,-9.573506],[-35.6879784,-9.5735471],[-35.6879891,-9.5735696],[-35.6880433,-9.5736344],[-35.6881651,-9.5738547],[-35.6881862,-9.5739106],[-35.6882119,-9.5739948],[-35.6881954,-9.5740815],[-35.6881519,-9.5742016],[-35.6880045,-9.5745944],[-35.6878228,-9.5750846],[-35.6877779,-9.5752081],[-35.6877776,-9.5752475],[-35.6891927,-9.5769154],[-35.689275,-9.5769581],[-35.6894737,-9.5770627],[-35.6895842,-9.5771105],[-35.6896707,-9.5771556],[-35.6897832,-9.5771956],[-35.6899697,-9.5772833],[-35.6900361,-9.5773275],[-35.6900974,-9.5774028],[-35.6901266,-9.5774633],[-35.6901552,-9.5775098],[-35.6902112,-9.5775785],[-35.6904242,-9.5778175],[-35.6907516,-9.5781378],[-35.690838,-9.5782254],[-35.6910836,-9.5785469],[-35.6911451,-9.5786178],[-35.6912414,-9.578719],[-35.6913417,-9.5788377],[-35.6916266,-9.5791806],[-35.6917406,-9.5793288],[-35.6918073,-9.5794121],[-35.6919161,-9.5795298],[-35.6919591,-9.5795539],[-35.6921089,-9.5796277],[-35.6922141,-9.5796829],[-35.6923514,-9.5797867],[-35.6924257,-9.5798219],[-35.6924857,-9.5798389],[-35.6925468,-9.579852],[-35.6926109,-9.5798625],[-35.6925642,-9.5799141],[-35.6924479,-9.5801805],[-35.6924078,-9.5802826],[-35.692385,-9.5803405],[-35.6923563,-9.5804097],[-35.6923376,-9.580442],[-35.692326,-9.580462],[-35.6923141,-9.5804826],[-35.6922964,-9.5805075],[-35.6922724,-9.5805418],[-35.6922532,-9.5805691],[-35.6922305,-9.5805984],[-35.6921803,-9.5806631],[-35.6919851,-9.5808796],[-35.6916422,-9.5812479],[-35.6913984,-9.5815134],[-35.6912267,-9.5816996],[-35.6910441,-9.5818989],[-35.6909257,-9.5820311],[-35.6908461,-9.5821213],[-35.6906963,-9.5822923],[-35.6904337,-9.5826056],[-35.6902407,-9.5828022],[-35.6900946,-9.5829629],[-35.6896636,-9.5834241],[-35.6894803,-9.5836509],[-35.6893612,-9.5838172],[-35.6892442,-9.5839863],[-35.6891036,-9.5841977],[-35.6885979,-9.5851201],[-35.6880552,-9.5860945],[-35.6877847,-9.5866053],[-35.6876604,-9.5870152],[-35.6874252,-9.5876654],[-35.6873277,-9.5878737],[-35.6870867,-9.5887414],[-35.6869953,-9.5890824],[-35.6868712,-9.5895617],[-35.6868555,-9.5897577],[-35.6868101,-9.5899089],[-35.6865858,-9.5904935],[-35.686444,-9.5909218],[-35.6864402,-9.5909491],[-35.6863897,-9.5910725],[-35.686326,-9.5912067],[-35.6862777,-9.5913019],[-35.6861768,-9.591449],[-35.6861351,-9.5915269],[-35.6860934,-9.5916135],[-35.6860204,-9.5918037],[-35.6859968,-9.5918666],[-35.6859376,-9.5920311],[-35.6858739,-9.5922064],[-35.6857868,-9.5924645],[-35.685704,-9.5927022],[-35.6856123,-9.5929183],[-35.685492,-9.5932],[-35.6853833,-9.5934948],[-35.68539,-9.5935134],[-35.6853686,-9.5935292],[-35.6853238,-9.5936876],[-35.685294,-9.5938975],[-35.6852304,-9.5941259],[-35.6851557,-9.5943284],[-35.685081,-9.5944905],[-35.6849951,-9.5946084],[-35.6849092,-9.5947004],[-35.6847896,-9.5948109],[-35.6846477,-9.5949103],[-35.6844871,-9.5950098],[-35.6843078,-9.5950908],[-35.6841546,-9.5951497],[-35.6840092,-9.5951784],[-35.683946,-9.5951908],[-35.6839286,-9.5951883],[-35.6839236,-9.5951917],[-35.6837603,-9.5952154],[-35.6835835,-9.5952365],[-35.6833827,-9.5952603],[-35.6831684,-9.5952867],[-35.6829702,-9.5953157],[-35.6827747,-9.5953527],[-35.6825818,-9.5953976],[-35.6824508,-9.5954395],[-35.6824155,-9.5954824],[-35.6821717,-9.5956858],[-35.6821738,-9.5956868],[-35.6822317,-9.5957141],[-35.6824106,-9.5957632],[-35.682443,-9.5957756],[-35.6825174,-9.5958162],[-35.6825711,-9.5958507],[-35.68262,-9.5958989],[-35.6826647,-9.5959602],[-35.6827074,-9.5960705],[-35.6827694,-9.5961868],[-35.6827864,-9.5962347],[-35.6827923,-9.5962759],[-35.6827743,-9.5964168],[-35.6827803,-9.5964565],[-35.6827617,-9.5965484],[-35.6827557,-9.5965937],[-35.6827533,-9.596638],[-35.6827673,-9.5966813],[-35.6827849,-9.5967217],[-35.6828151,-9.5967557],[-35.6828309,-9.5967966],[-35.6828412,-9.5968402],[-35.682853,-9.5968837],[-35.6828861,-9.596964],[-35.6829001,-9.5970114],[-35.6829014,-9.5970574],[-35.6828609,-9.5971389],[-35.6828455,-9.5971791],[-35.6828336,-9.5972251],[-35.6828284,-9.5972669],[-35.6828387,-9.5973569],[-35.6828467,-9.5973938],[-35.6828766,-9.5974871],[-35.6828988,-9.597533],[-35.6829393,-9.5976006],[-35.6829642,-9.5976411],[-35.6829654,-9.5976435],[-35.6829709,-9.5976556],[-35.6829855,-9.597687],[-35.6830332,-9.5977631],[-35.6831199,-9.5978693],[-35.6831358,-9.5978926],[-35.6831849,-9.597964],[-35.6832189,-9.5980134],[-35.6832343,-9.5980567],[-35.6832152,-9.5981421],[-35.6832234,-9.5981848],[-35.6832402,-9.5982334],[-35.6832526,-9.5983214],[-35.683245,-9.5983677],[-35.6832243,-9.5984134],[-35.6832009,-9.5984524],[-35.683184,-9.5984687],[-35.6831411,-9.5985097],[-35.6831131,-9.5985434],[-35.6830896,-9.5985838],[-35.6830861,-9.5986251],[-35.6830995,-9.5986718],[-35.6831385,-9.5987558],[-35.6831435,-9.5987926],[-35.683113,-9.598847],[-35.6830761,-9.5989051],[-35.6830323,-9.598973],[-35.6829402,-9.5990959],[-35.6829004,-9.5991378],[-35.6828027,-9.5992223],[-35.6827243,-9.5992551],[-35.6827047,-9.599255],[-35.6826747,-9.599252],[-35.6825724,-9.5992208],[-35.6825052,-9.5991953],[-35.6824593,-9.5991819],[-35.6824155,-9.5991775],[-35.6822873,-9.5992109],[-35.6822416,-9.5992164],[-35.6821503,-9.5992344],[-35.6821058,-9.5992441],[-35.6819739,-9.599283],[-35.6818848,-9.5993007],[-35.6818407,-9.5993015],[-35.6817966,-9.5993108],[-35.6817066,-9.5993409],[-35.6816213,-9.599361],[-35.6814465,-9.5994028],[-35.6813554,-9.5994163],[-35.6813089,-9.5994275],[-35.681272,-9.5994479],[-35.681231,-9.5994807],[-35.6811377,-9.5995716],[-35.6811092,-9.5996067],[-35.6810813,-9.5996448],[-35.6810538,-9.599678],[-35.6810222,-9.5997125],[-35.6809219,-9.5998065],[-35.6808956,-9.5998422],[-35.6808669,-9.5998746],[-35.680828,-9.5998984],[-35.6807862,-9.599915],[-35.6807426,-9.5999271],[-35.680699,-9.5999391],[-35.6806545,-9.5999521],[-35.6805225,-9.599985],[-35.6804826,-9.5999984],[-35.6804384,-9.600018],[-35.6804006,-9.6000451],[-35.6803672,-9.6000749],[-35.6803345,-9.600107],[-35.6803009,-9.6001356],[-35.6802665,-9.6001648],[-35.6802313,-9.6001948],[-35.6801941,-9.6002195],[-35.6801543,-9.6002424],[-35.6801143,-9.6002617],[-35.6800698,-9.6002722],[-35.6800251,-9.600267],[-35.6799805,-9.6002591],[-35.6799376,-9.6002459],[-35.6798965,-9.6002254],[-35.679859,-9.6002004],[-35.6797875,-9.6001441],[-35.67975,-9.6001191],[-35.6796668,-9.6000827],[-35.6796231,-9.6000722],[-35.6795803,-9.6000779],[-35.6795423,-9.6001017],[-35.6795088,-9.6001327],[-35.6794772,-9.6001654],[-35.6794312,-9.600215],[-35.6793402,-9.6002888],[-35.679316,-9.6003085],[-35.6793139,-9.6003102]]]]}},
{"type":"Feature","properties":{"ibge_code_municipio":"2704302","name":"Santo Amaro","code":"2704302044"},"geometry":{"type":"MultiPolygon","coordinates":[[[[-35.7439128,-9.605656],[-35.7440386,-9.6058321],[-35.7440642,-9.6058486],[-35.7440799,-9.6058543],[-35.7441805,-9.6059089],[-35.7441905,-9.6059157],[-35.7441842,-9.6059331],[-35.744181,-9.6059423],[-35.744175,-9.6059866],[-35.7441681,-9.6060318],[-35.7441584,-9.6060753],[-35.7441494,-9.6061834],[-35.7441468,-9.6062109],[-35.7441389,-9.6062552],[-35.7441293,-9.6062996],[-35.744116,-9.6063422],[-35.7440697,-9.6064699],[-35.74405,-9.6065107],[-35.744033,-9.6065524],[-35.7440124,-9.6065923],[-35.7439724,-9.6066924],[-35.743956,-9.6067359],[-35.7439411,-9.6067663],[-35.7439353,-9.606795],[-35.7439424,-9.6068296],[-35.7439627,-9.6068692],[-35.7439622,-9.6069144],[-35.7439525,-9.6069587],[-35.7439071,-9.6070865],[-35.7438885,-9.6072646],[-35.7438877,-9.6072692],[-35.7438853,-9.6073143],[-35.743882,-9.6073595],[-35.74387,-9.6074495],[-35.7438647,-9.6075837],[-35.743894,-9.6077154],[-35.7438896,-9.6077408],[-35.7438774,-9.6078041],[-35.7438759,-9.6078493],[-35.7438799,-9.6078935],[-35.7438947,-9.6079553],[-35.7438989,-9.6079819],[-35.7439065,-9.608027],[-35.7439169,-9.6080703],[-35.7439345,-9.6081126],[-35.7439642,-9.6081784],[-35.7439809,-9.6082207],[-35.7439874,-9.6082369],[-35.7440069,-9.6082774],[-35.7440326,-9.6083151],[-35.744036,-9.6083213],[-35.7440539,-9.6083547],[-35.7440761,-9.6083943],[-35.7441001,-9.608433],[-35.7441213,-9.6084726],[-35.7441389,-9.608514],[-35.7441502,-9.6085582],[-35.7441588,-9.6086024],[-35.7441646,-9.6086475],[-35.7441589,-9.6086669],[-35.7441102,-9.6087182],[-35.7441036,-9.6087803],[-35.7441222,-9.6088285],[-35.7441233,-9.6088331],[-35.7441282,-9.6088583],[-35.7441316,-9.6088782],[-35.7441325,-9.6088938],[-35.7441377,-9.6089843],[-35.7441004,-9.6090299],[-35.744061,-9.6090703],[-35.7440403,-9.6091553],[-35.744032,-9.6092361],[-35.7440662,-9.6093055],[-35.7440755,-9.6093967],[-35.7440818,-9.6094961],[-35.7440973,-9.6095262],[-35.744117,-9.6096106],[-35.7441299,-9.6097282],[-35.7441419,-9.6097759],[-35.7441263,-9.6098013],[-35.7440999,-9.6098246],[-35.7440838,-9.6098671],[-35.7440828,-9.6099525],[-35.7440787,-9.6100235],[-35.7439118,-9.6100126],[-35.743872,-9.6101245],[-35.7439999,-9.6101872],[-35.7440082,-9.6102551],[-35.7440155,-9.6103545],[-35.7440324,-9.6104903],[-35.7440358,-9.6105372],[-35.744022,-9.6105766],[-35.7440103,-9.6106187],[-35.7440241,-9.6106657],[-35.7440679,-9.6107203],[-35.7440918,-9.6107576],[-35.7441153,-9.6108481],[-35.7441229,-9.6109461],[-35.7441332,-9.6110263],[-35.7441208,-9.6111071],[-35.7441122,-9.6112552],[-35.7440777,-9.6115216],[-35.7440571,-9.6115494],[-35.744036,-9.6115838],[-35.7440046,-9.6116218],[-35.7440076,-9.6116448],[-35.7440087,-9.6116749],[-35.7439975,-9.6116757],[-35.7439705,-9.6116775],[-35.7438805,-9.6116918],[-35.7438116,-9.611724],[-35.74378,-9.6117568],[-35.7437052,-9.6119697],[-35.7436678,-9.6120657],[-35.7436553,-9.6120957],[-35.743631,-9.6121347],[-35.7435641,-9.6121949],[-35.7435551,-9.612204],[-35.7435466,-9.6122106],[-35.7435198,-9.6122314],[-35.743489,-9.6122442],[-35.7434583,-9.612277],[-35.7434697,-9.6123402],[-35.7434405,-9.6124407],[-35.7434048,-9.6125214],[-35.7433671,-9.6126048],[-35.7433305,-9.6126882],[-35.7433135,-9.6127299],[-35.7433055,-9.6127544],[-35.7432957,-9.6127815],[-35.7432338,-9.6127784],[-35.7431573,-9.6127691],[-35.7431558,-9.6126968],[-35.7431426,-9.6126445],[-35.7430873,-9.6125618],[-35.7430308,-9.6124385],[-35.7429784,-9.6122673],[-35.7429232,-9.6121954],[-35.7428929,-9.6121622],[-35.7428355,-9.6120784],[-35.7427704,-9.6119834],[-35.7427345,-9.6119421],[-35.742707,-9.6119189],[-35.7426604,-9.6118903],[-35.7426184,-9.6118726],[-35.7425453,-9.6118497],[-35.7424506,-9.611845],[-35.7423587,-9.6118521],[-35.7422586,-9.611851],[-35.742203,-9.6118416],[-35.7421181,-9.6118142],[-35.7420843,-9.6118009],[-35.7420369,-9.6117896],[-35.7419958,-9.6117836],[-35.7419603,-9.6117793],[-35.7419083,-9.6117608],[-35.7418406,-9.611727],[-35.7417865,-9.6116723],[-35.741786,-9.6116181],[-35.7418269,-9.6114976],[-35.7413435,-9.6111093],[-35.7405038,-9.6104347],[-35.7402843,-9.6102584],[-35.74025,-9.6102307],[-35.7404214,-9.6087042],[-35.7404442,-9.6085536],[-35.7404702,-9.6083901],[-35.7405033,-9.6082323],[-35.7405503,-9.608026],[-35.7406031,-9.6078319],[-35.7407094,-9.6075186],[-35.74074,-9.6074332],[-35.7408779,-9.6070988],[-35.7410255,-9.6068018],[-35.7411995,-9.6065066],[-35.7413811,-9.6062381],[-35.7415493,-9.6060118],[-35.741601,-9.605942],[-35.7417399,-9.6057737],[-35.7419258,-9.6055739],[-35.7421841,-9.6053255],[-35.7423775,-9.6051636],[-35.7426977,-9.6049262],[-35.7429383,-9.6047717],[-35.7429611,-9.6048053],[-35.7429842,-9.6048394],[-35.7430412,-9.6049233],[-35.7430643,-9.6049574],[-35.7437582,-9.6054397],[-35.7439128,-9.605656]]]]}},
{"type":"Feature","properties":{"ibge_code_municipio":"2704302","name":"Santa Amélia","code":"2704302042"},"geometry":{"type":"MultiPolygon","coordinates":[[[[-35.7671669,-9.6084114],[-35.7671692,-9.6083594],[-35.7671953,-9.6083131],[-35.7672331,-9.6082604],[-35.7672627,-9.6082068],[-35.7672749,-9.6081412],[-35.7672724,-9.6079429],[-35.7672845,-9.6078661],[-35.7672941,-9.6077739],[-35.7673092,-9.6076978],[-35.7673322,-9.6076211],[-35.7673903,-9.607558],[-35.7674226,-9.6075008],[-35.7674485,-9.6074329],[-35.7674844,-9.6073712],[-35.7675177,-9.6073275],[-35.7675527,-9.6072604],[-35.767572,-9.6071633],[-35.7675963,-9.6071345],[-35.7675839,-9.6070695],[-35.7675827,-9.6070226],[-35.7675819,-9.6069394],[-35.7676024,-9.6068832],[-35.7675732,-9.6068681],[-35.7675454,-9.6067039],[-35.7675358,-9.606638],[-35.7675253,-9.606583],[-35.7675404,-9.6065296],[-35.7675755,-9.6064814],[-35.7676242,-9.6064313],[-35.7676676,-9.606393],[-35.7677064,-9.6063466],[-35.767749,-9.6063291],[-35.7678055,-9.6063287],[-35.767861,-9.6063282],[-35.7679089,-9.6062845],[-35.7679349,-9.6062328],[-35.7679717,-9.6061692],[-35.768027,-9.606148],[-35.768098,-9.6061411],[-35.7681535,-9.6061416],[-35.7682455,-9.6061463],[-35.7682308,-9.6060163],[-35.7682385,-9.6059566],[-35.7681971,-9.6058991],[-35.7680719,-9.6057981],[-35.7679166,-9.6056655],[-35.7678716,-9.6056225],[-35.7677899,-9.6055226],[-35.7677742,-9.6055013],[-35.7677128,-9.6054621],[-35.7676035,-9.605444],[-35.7675578,-9.6054317],[-35.7674993,-9.6054099],[-35.7674673,-9.6053836],[-35.7673937,-9.6053491],[-35.7672837,-9.6053047],[-35.7672379,-9.6052644],[-35.7671593,-9.6052332],[-35.767119,-9.6052037],[-35.7670804,-9.6051636],[-35.7670535,-9.6051305],[-35.7670344,-9.6050867],[-35.7670435,-9.6050266],[-35.7670721,-9.6049143],[-35.7671769,-9.6047726],[-35.7672216,-9.6047234],[-35.7672829,-9.6046589],[-35.7673399,-9.6045977],[-35.7673804,-9.6045477],[-35.7674109,-9.6044933],[-35.7678259,-9.6043635],[-35.7681179,-9.6041063],[-35.7680419,-9.6037176],[-35.7680533,-9.6019945],[-35.7680611,-9.6019385],[-35.7680651,-9.6018725],[-35.7680679,-9.6018206],[-35.7680556,-9.6017404],[-35.7680201,-9.60169],[-35.7679763,-9.6015859],[-35.7679431,-9.601541],[-35.7679229,-9.6013993],[-35.767905,-9.6013253],[-35.7678963,-9.601264],[-35.7679021,-9.6011934],[-35.7679418,-9.6011471],[-35.7679787,-9.6010998],[-35.7680082,-9.6010336],[-35.768009,-9.6009721],[-35.7680355,-9.6009132],[-35.7680877,-9.6009147],[-35.7686361,-9.600893],[-35.7686737,-9.6007542],[-35.7688916,-9.5999532],[-35.7689324,-9.5997856],[-35.7691106,-9.5989967],[-35.7692245,-9.5984928],[-35.7692632,-9.5983233],[-35.7698322,-9.5986733],[-35.7698486,-9.5985824],[-35.7698194,-9.5984862],[-35.7697632,-9.5983335],[-35.7696922,-9.5981393],[-35.7696359,-9.5979198],[-35.7695374,-9.5975369],[-35.7694132,-9.5970848],[-35.769358,-9.5968867],[-35.7693027,-9.5966885],[-35.7692315,-9.5965847],[-35.7690371,-9.5961917],[-35.768997,-9.5961687],[-35.7689684,-9.5960776],[-35.7688741,-9.5958416],[-35.768818,-9.5957064],[-35.7688089,-9.5956533],[-35.7687239,-9.5954589],[-35.768579,-9.5951428],[-35.7685646,-9.5950897],[-35.7685627,-9.595086],[-35.7685012,-9.5949639],[-35.7683849,-9.5947107],[-35.7682887,-9.5945478],[-35.7682592,-9.5945204],[-35.7683449,-9.5945005],[-35.7684343,-9.5944708],[-35.7686848,-9.5944068],[-35.7688016,-9.5943785],[-35.7688478,-9.5943823],[-35.7691421,-9.5943372],[-35.7692985,-9.5943184],[-35.7693409,-9.5943192],[-35.7693817,-9.5943279],[-35.7694173,-9.5943655],[-35.7694929,-9.5943683],[-35.769607,-9.5943752],[-35.7696719,-9.594366],[-35.7698476,-9.5943391],[-35.7700212,-9.5944148],[-35.770112,-9.5944567],[-35.770625,-9.59461],[-35.7706278,-9.5946108],[-35.7706313,-9.5945396],[-35.770502,-9.5939835],[-35.7705056,-9.5939507],[-35.7702954,-9.5931258],[-35.7702082,-9.5927792],[-35.7702059,-9.5927701],[-35.7701894,-9.5927078],[-35.770133,-9.5924766],[-35.7700106,-9.5917848],[-35.7699477,-9.5915066],[-35.7699344,-9.5913835],[-35.7701071,-9.5914197],[-35.7704097,-9.5914947],[-35.7704952,-9.5915082],[-35.7705604,-9.5915075],[-35.7705924,-9.5914741],[-35.7705906,-9.5913719],[-35.7705912,-9.5911337],[-35.7705874,-9.5908484],[-35.770601,-9.5905033],[-35.7706063,-9.5904581],[-35.7706211,-9.5903065],[-35.7706978,-9.5900603],[-35.7707565,-9.5898549],[-35.7707634,-9.5896194],[-35.7707704,-9.5895131],[-35.7708906,-9.5892052],[-35.7710163,-9.588896],[-35.7710253,-9.5888787],[-35.7710899,-9.5888208],[-35.7711345,-9.5887376],[-35.7711978,-9.5885465],[-35.771267,-9.5883426],[-35.7712957,-9.5882748],[-35.7714288,-9.587988],[-35.7715042,-9.5878546],[-35.7718947,-9.5871269],[-35.7719661,-9.5870412],[-35.7722845,-9.5864494],[-35.7723318,-9.5863628],[-35.7723792,-9.5862757],[-35.7726134,-9.5858924],[-35.7726658,-9.5857905],[-35.7727212,-9.5856536],[-35.7728842,-9.5852593],[-35.7730381,-9.5848869],[-35.7732337,-9.5844262],[-35.7732547,-9.5843705],[-35.7733923,-9.5840142],[-35.7736912,-9.5831951],[-35.7738958,-9.5826156],[-35.7740686,-9.5821441],[-35.7742249,-9.5817195],[-35.7743577,-9.5813328],[-35.7744668,-9.5815346],[-35.7746081,-9.5817848],[-35.7746465,-9.5818642],[-35.7746655,-9.5819034],[-35.7747024,-9.5820424],[-35.7747284,-9.5821292],[-35.7747491,-9.5822955],[-35.7747785,-9.5823929],[-35.7748407,-9.5828645],[-35.7748432,-9.5829417],[-35.7748915,-9.5831647],[-35.7749612,-9.5833413],[-35.7750497,-9.5834931],[-35.7751399,-9.5835959],[-35.775249,-9.5836913],[-35.775507,-9.5838403],[-35.7757137,-9.583951],[-35.7760081,-9.584101],[-35.7761973,-9.5842148],[-35.7763052,-9.5842614],[-35.7764125,-9.5843102],[-35.7767688,-9.5845083],[-35.7770535,-9.5846677],[-35.778035,-9.5851742],[-35.7781057,-9.5851727],[-35.7781879,-9.58518],[-35.778264,-9.5851813],[-35.7783558,-9.5851675],[-35.7784449,-9.5851288],[-35.7785305,-9.585118],[-35.7786071,-9.5851282],[-35.77868,-9.5851617],[-35.7787387,-9.5852092],[-35.7787719,-9.5852613],[-35.7787952,-9.5853379],[-35.7788407,-9.5853258],[-35.7788604,-9.5853105],[-35.7803099,-9.5841871],[-35.7803392,-9.5842028],[-35.7805061,-9.5839832],[-35.7812401,-9.5830717],[-35.7814257,-9.5828712],[-35.7815446,-9.582798],[-35.7816292,-9.5827622],[-35.7817106,-9.5827351],[-35.7844829,-9.5820975],[-35.7845911,-9.5821012],[-35.7847509,-9.5821569],[-35.784899,-9.5822419],[-35.7871096,-9.5834826],[-35.7871315,-9.5834561],[-35.7871652,-9.5834177],[-35.7874462,-9.5830318],[-35.7877609,-9.5826847],[-35.7880973,-9.5824549],[-35.7884762,-9.5822254],[-35.7893047,-9.5817968],[-35.7893589,-9.5817413],[-35.7893597,-9.5816112],[-35.78923,-9.581455],[-35.7891278,-9.5813086],[-35.7887385,-9.5807823],[-35.7886444,-9.5807914],[-35.7886431,-9.5806954],[-35.7886144,-9.580646],[-35.7886267,-9.580588],[-35.7886321,-9.5805808],[-35.7887086,-9.5805856],[-35.7887533,-9.5805933],[-35.78883,-9.5806239],[-35.7889021,-9.5806409],[-35.7889914,-9.5806592],[-35.7890543,-9.580674],[-35.7891027,-9.5806881],[-35.7891502,-9.5807067],[-35.789225,-9.5807278],[-35.7892915,-9.580739],[-35.7893855,-9.5807671],[-35.7894329,-9.5807767],[-35.7895013,-9.5807825],[-35.7896088,-9.5807979],[-35.7896807,-9.5807916],[-35.7896663,-9.5807226],[-35.7896705,-9.5806718],[-35.7896985,-9.5806384],[-35.7897404,-9.5806082],[-35.7897859,-9.5806094],[-35.7899984,-9.5795687],[-35.7900125,-9.5796301],[-35.790052,-9.5796749],[-35.7900983,-9.5797712],[-35.7901243,-9.5798288],[-35.790133,-9.5798983],[-35.7901536,-9.5799686],[-35.7901423,-9.580032],[-35.7901183,-9.5801026],[-35.7901271,-9.5801739],[-35.7901336,-9.5802805],[-35.7901367,-9.5803392],[-35.7901382,-9.580416],[-35.7901568,-9.5804709],[-35.7902281,-9.5805002],[-35.7902765,-9.580516],[-35.7903568,-9.5805461],[-35.7904554,-9.5805851],[-35.7905264,-9.5805809],[-35.7906107,-9.5805323],[-35.7906715,-9.5805092],[-35.7907215,-9.5805007],[-35.7907697,-9.5805048],[-35.7907884,-9.5805652],[-35.7908478,-9.5805864],[-35.7908964,-9.5806339],[-35.7909451,-9.5806913],[-35.7909783,-9.5807354],[-35.7910671,-9.580797],[-35.7911184,-9.5808363],[-35.7911688,-9.5808829],[-35.7911926,-9.5809035],[-35.791224,-9.5809538],[-35.791272,-9.5810302],[-35.7912977,-9.581068],[-35.7913446,-9.5811254],[-35.7914006,-9.5811819],[-35.7914501,-9.5812176],[-35.7914905,-9.5812579],[-35.7915456,-9.5813198],[-35.7916094,-9.5814377],[-35.791628,-9.5814972],[-35.7916919,-9.5815192],[-35.7917557,-9.5815268],[-35.7917961,-9.581569],[-35.7918491,-9.5815875],[-35.7918958,-9.5816233],[-35.792005,-9.5816481],[-35.7920652,-9.5816847],[-35.7921036,-9.5817635],[-35.7921566,-9.5817947],[-35.792206,-9.5818241],[-35.7922381,-9.5818527],[-35.7922998,-9.5819435],[-35.7922115,-9.5820463],[-35.7922799,-9.5820647],[-35.7923048,-9.5821052],[-35.7922962,-9.5821667],[-35.7922382,-9.5821988],[-35.7921521,-9.5822401],[-35.7920676,-9.5822679],[-35.7919084,-9.5822719],[-35.7918384,-9.5822824],[-35.7917438,-9.5822895],[-35.7917028,-9.5822943],[-35.7916783,-9.5822972],[-35.7916148,-9.5823221],[-35.7915513,-9.5823488],[-35.7914988,-9.5823872],[-35.7914591,-9.5824282],[-35.7914075,-9.5824638],[-35.7913513,-9.5824914],[-35.7913086,-9.582508],[-35.7912214,-9.582534],[-35.7911324,-9.582551],[-35.7910906,-9.5825685],[-35.7910153,-9.5825926],[-35.7909092,-9.5826467],[-35.7908514,-9.5826951],[-35.7907817,-9.5827526],[-35.7907038,-9.5828002],[-35.790646,-9.5828458],[-35.7905681,-9.5828997],[-35.7905367,-9.5829479],[-35.7905055,-9.5830321],[-35.7904849,-9.583073],[-35.7904354,-9.5831474],[-35.7903676,-9.5832076],[-35.790325,-9.5832233],[-35.7902359,-9.5832421],[-35.7901696,-9.5832607],[-35.7901282,-9.5833134],[-35.7900979,-9.5833887],[-35.7900031,-9.5834825],[-35.7899505,-9.5835136],[-35.7898364,-9.5835796],[-35.7897585,-9.5836263],[-35.7897223,-9.5836537],[-35.7896833,-9.5836757],[-35.7896007,-9.5836999],[-35.7894586,-9.5836974],[-35.7893567,-9.5836964],[-35.7892939,-9.5836996],[-35.7892319,-9.583692],[-35.7891754,-9.583678],[-35.7891234,-9.583663],[-35.789055,-9.5836518],[-35.7890057,-9.5836333],[-35.788948,-9.5835886],[-35.7888949,-9.5835547],[-35.7888346,-9.5835271],[-35.7887756,-9.583543],[-35.788768,-9.5836216],[-35.7887704,-9.583693],[-35.7887179,-9.5837286],[-35.7886388,-9.5837383],[-35.7885882,-9.5837857],[-35.7885796,-9.5838508],[-35.7886554,-9.583992],[-35.7886768,-9.5840452],[-35.7886771,-9.5840786],[-35.7887697,-9.5841565],[-35.7888594,-9.5842217],[-35.7889236,-9.5842763],[-35.7889602,-9.5843004],[-35.7890451,-9.5843331],[-35.7891684,-9.5843827],[-35.7893249,-9.5844827],[-35.7893597,-9.5845113],[-35.7894294,-9.5845695],[-35.7894615,-9.5846017],[-35.7896215,-9.5846881],[-35.7897403,-9.5847467],[-35.7897877,-9.5847599],[-35.7898743,-9.5847746],[-35.7899446,-9.5847921],[-35.7900102,-9.5848042],[-35.7900996,-9.5848243],[-35.7901451,-9.5848275],[-35.7902544,-9.5848357],[-35.7903164,-9.5848451],[-35.7903811,-9.5848509],[-35.7904495,-9.5848666],[-35.7906844,-9.5848692],[-35.7909429,-9.5848726],[-35.7910058,-9.5848766],[-35.7910513,-9.5848771],[-35.7910931,-9.5848768],[-35.7910968,-9.5848768],[-35.7911423,-9.5848791],[-35.7911879,-9.5848824],[-35.7912817,-9.584897],[-35.7913227,-9.5849011],[-35.7914058,-9.5849303],[-35.7914827,-9.5849848],[-35.7915121,-9.5850189],[-35.7915681,-9.5850762],[-35.7916239,-9.5851029],[-35.7916722,-9.5852227],[-35.7917036,-9.585282],[-35.7917721,-9.585305],[-35.7919525,-9.5853279],[-35.791998,-9.5853303],[-35.7920436,-9.5853308],[-35.7920909,-9.5853304],[-35.7921758,-9.5853568],[-35.7922798,-9.5853949],[-35.792361,-9.5854132],[-35.7924269,-9.5854569],[-35.792526,-9.5855555],[-35.7925446,-9.5856075],[-35.7926233,-9.5856092],[-35.7926924,-9.5855782],[-35.7927324,-9.585609],[-35.7927643,-9.5856111],[-35.7927975,-9.585632],[-35.7928531,-9.5856405],[-35.7928899,-9.5856899],[-35.7929449,-9.5857347],[-35.792955,-9.58574],[-35.7929952,-9.5857614],[-35.7930638,-9.5858042],[-35.7931392,-9.5858826],[-35.7931542,-9.5859442],[-35.7932321,-9.5859578],[-35.7933024,-9.5860358],[-35.7933392,-9.5860879],[-35.7934398,-9.5861413],[-35.7935179,-9.5862337],[-35.7935304,-9.5863111],[-35.7936186,-9.5864043],[-35.7936621,-9.5864139],[-35.7937955,-9.5864821],[-35.7938178,-9.5865406],[-35.7939202,-9.5865776],[-35.7940144,-9.5866284],[-35.7943964,-9.58701],[-35.794238,-9.5871511],[-35.7942053,-9.5873491],[-35.7940906,-9.5875528],[-35.7940395,-9.5876302],[-35.7939823,-9.5876826],[-35.7939246,-9.5878691],[-35.7937795,-9.5880228],[-35.79364,-9.5881333],[-35.7935178,-9.588153],[-35.7933512,-9.5880313],[-35.7932231,-9.5880557],[-35.7930802,-9.5880633],[-35.7929767,-9.5881255],[-35.7928339,-9.5881683],[-35.7926255,-9.5882133],[-35.7924857,-9.5881841],[-35.7923547,-9.5880432],[-35.7921509,-9.5880086],[-35.7920815,-9.5879464],[-35.7920256,-9.5879124],[-35.7919945,-9.587867],[-35.7919723,-9.5878335],[-35.7919607,-9.5878186],[-35.7919569,-9.587791],[-35.7919393,-9.5877808],[-35.7919159,-9.587783],[-35.7918798,-9.5877929],[-35.7918276,-9.5878023],[-35.7917978,-9.5878056],[-35.7916894,-9.5878176],[-35.7916105,-9.5878125],[-35.791566,-9.5878192],[-35.7915123,-9.587816],[-35.791475,-9.5878163],[-35.791464,-9.5878164],[-35.7913839,-9.5878188],[-35.7912721,-9.5878306],[-35.791203,-9.5878411],[-35.7911139,-9.5878562],[-35.7910684,-9.5878602],[-35.7910347,-9.5878587],[-35.7909864,-9.5878482],[-35.7909327,-9.5878478],[-35.7908881,-9.5878535],[-35.790843,-9.5878539],[-35.7908362,-9.587854],[-35.7907879,-9.5878435],[-35.7906923,-9.587847],[-35.7906395,-9.5878438],[-35.7905421,-9.5878419],[-35.7904793,-9.5878379],[-35.7904346,-9.5878328],[-35.790389,-9.5878259],[-35.7902988,-9.587814],[-35.7902095,-9.5877976],[-35.7901284,-9.5877865],[-35.7900255,-9.587781],[-35.7899835,-9.5877723],[-35.7899342,-9.5877555],[-35.7898849,-9.587736],[-35.7898446,-9.5877102],[-35.7898089,-9.5876743],[-35.7897748,-9.5876339],[-35.7897454,-9.5875926],[-35.7897077,-9.5875514],[-35.789681,-9.5875154],[-35.7896213,-9.5874472],[-35.7895928,-9.5874122],[-35.7895498,-9.5873909],[-35.7895123,-9.5873641],[-35.7894819,-9.5873237],[-35.7893587,-9.5872867],[-35.7893185,-9.5872663],[-35.7892381,-9.5872245],[-35.7891687,-9.5871979],[-35.789096,-9.587213],[-35.7890171,-9.5872497],[-35.7889808,-9.5872627],[-35.7889353,-9.5872685],[-35.7888898,-9.5872724],[-35.7888453,-9.5872782],[-35.7888116,-9.5872812],[-35.7887634,-9.5872879],[-35.7887088,-9.5872865],[-35.7886815,-9.5872856],[-35.7886633,-9.587286],[-35.7885231,-9.5872871],[-35.7884367,-9.5873005],[-35.7883457,-9.5872976],[-35.7882673,-9.5872865],[-35.7882099,-9.5872824],[-35.7880741,-9.5872673],[-35.7880095,-9.5872624],[-35.7879393,-9.5872476],[-35.7878526,-9.5872212],[-35.7877923,-9.5872],[-35.7876425,-9.5871406],[-35.7875182,-9.5870775],[-35.7873931,-9.5870243],[-35.7873437,-9.5869922],[-35.7873142,-9.5869563],[-35.7872939,-9.586914],[-35.7872658,-9.5868256],[-35.787258,-9.5867543],[-35.7872604,-9.5866524],[-35.7872457,-9.5865936],[-35.7872207,-9.586536],[-35.787205,-9.5865108],[-35.7871729,-9.5864749],[-35.7870687,-9.5863114],[-35.7870446,-9.5862591],[-35.7869533,-9.5861171],[-35.7869392,-9.5860712],[-35.7869158,-9.5859855],[-35.7869114,-9.585897],[-35.7869083,-9.5858446],[-35.786908,-9.5858069],[-35.7869076,-9.5857615],[-35.786917,-9.5856901],[-35.7869695,-9.5855451],[-35.7870097,-9.5854445],[-35.7870717,-9.5853446],[-35.7870965,-9.5852577],[-35.787095,-9.585077],[-35.7871007,-9.5850002],[-35.7871217,-9.5848988],[-35.7871395,-9.5848454],[-35.7871395,-9.5847351],[-35.7871117,-9.5846775],[-35.7870567,-9.584509],[-35.7870052,-9.5844462],[-35.7869363,-9.5843781],[-35.7868905,-9.5843369],[-35.78683,-9.5842895],[-35.7867622,-9.5842286],[-35.7867246,-9.5841928],[-35.7866586,-9.58414],[-35.7866273,-9.5841032],[-35.7865722,-9.5840359],[-35.7865182,-9.583975],[-35.7864196,-9.5838628],[-35.7863518,-9.58381],[-35.7863179,-9.5837796],[-35.7862811,-9.5837501],[-35.7861888,-9.5836803],[-35.786144,-9.5836626],[-35.7861002,-9.5836431],[-35.7860892,-9.583635],[-35.7860525,-9.5836082],[-35.7860232,-9.5835868],[-35.7859481,-9.5835223],[-35.7858355,-9.5834446],[-35.7857997,-9.5834178],[-35.7857247,-9.5833669],[-35.7855472,-9.5832563],[-35.7854721,-9.5832045],[-35.7853871,-9.5831627],[-35.7852894,-9.5831247],[-35.7852127,-9.5830982],[-35.7851725,-9.5830723],[-35.7851277,-9.5830501],[-35.784998,-9.5830014],[-35.7848949,-9.5829688],[-35.7848484,-9.5829575],[-35.7848246,-9.5829459],[-35.7848063,-9.582937],[-35.784681,-9.5828594],[-35.7846353,-9.5828426],[-35.784588,-9.5828385],[-35.7845369,-9.5828217],[-35.7844564,-9.5827808],[-35.7843654,-9.5827834],[-35.7842764,-9.5828031],[-35.7842346,-9.5828196],[-35.7841756,-9.5828328],[-35.784082,-9.5828498],[-35.7839801,-9.5828642],[-35.7839201,-9.5828683],[-35.78383,-9.5828744],[-35.7837873,-9.5828901],[-35.7837275,-9.5829195],[-35.7836622,-9.5829435],[-35.7835737,-9.582966],[-35.783485,-9.5829865],[-35.783395,-9.5829981],[-35.7833286,-9.5830121],[-35.783267,-9.5830406],[-35.783151,-9.5831039],[-35.7830658,-9.5831462],[-35.782934,-9.5831806],[-35.7827529,-9.5831749],[-35.7826656,-9.5831963],[-35.7825446,-9.5832027],[-35.7824606,-9.5831673],[-35.7824068,-9.5831614],[-35.7823113,-9.583163],[-35.7822187,-9.5831954],[-35.7820877,-9.5832037],[-35.7819976,-9.5832153],[-35.7819105,-9.5832394],[-35.7817949,-9.5832485],[-35.7817477,-9.5832615],[-35.7816933,-9.5832864],[-35.7815829,-9.5833704],[-35.7814734,-9.5834517],[-35.7814418,-9.5834853],[-35.7813581,-9.5835917],[-35.7812568,-9.5836811],[-35.7811953,-9.5837231],[-35.7811239,-9.5837878],[-35.781068,-9.5838615],[-35.7809875,-9.5840302],[-35.7809861,-9.5840781],[-35.7809361,-9.5842022],[-35.7808959,-9.584292],[-35.7808774,-9.5843716],[-35.780859,-9.5844603],[-35.7808534,-9.5845507],[-35.7808334,-9.5846656],[-35.7808367,-9.5848535],[-35.7808536,-9.5849076],[-35.7808861,-9.5849877],[-35.780891,-9.5850365],[-35.7809236,-9.5851311],[-35.780938,-9.5852222],[-35.7809275,-9.5852684],[-35.7809261,-9.5854346],[-35.7809396,-9.585524],[-35.7809572,-9.5855654],[-35.7809693,-9.5855888],[-35.7810032,-9.5856192],[-35.7810987,-9.5857233],[-35.7811468,-9.585815],[-35.7811738,-9.5858943],[-35.7811834,-9.5859457],[-35.7811785,-9.5859818],[-35.7811684,-9.58601],[-35.7811447,-9.5860213],[-35.7811158,-9.5860321],[-35.7811171,-9.5860845],[-35.7811284,-9.5861314],[-35.7811424,-9.5861737],[-35.7811701,-9.5862116],[-35.7811991,-9.5862475],[-35.7812189,-9.5862861],[-35.7812854,-9.5864048],[-35.7813077,-9.5864615],[-35.7813342,-9.5865788],[-35.7813418,-9.586623],[-35.7813476,-9.5866663],[-35.7813625,-9.5867105],[-35.7813793,-9.5867528],[-35.7814023,-9.5867914],[-35.781418,-9.5868193],[-35.7814659,-9.5868849],[-35.7815065,-9.5869514],[-35.7815688,-9.5870006],[-35.7815967,-9.5870672],[-35.7815654,-9.5871443],[-35.7815153,-9.5872504],[-35.7814773,-9.5872769],[-35.7814393,-9.5872989],[-35.7814053,-9.5873832],[-35.7813856,-9.5874168],[-35.7813406,-9.5874768],[-35.7812878,-9.587591],[-35.7812481,-9.5876374],[-35.7811984,-9.5876749],[-35.7811559,-9.5877095],[-35.7810953,-9.5877669],[-35.781072,-9.5878069],[-35.7810326,-9.587884],[-35.7809923,-9.5879647],[-35.7809645,-9.5880183],[-35.7809473,-9.5880446],[-35.7809231,-9.5880818],[-35.7808126,-9.5882616],[-35.7807522,-9.5883362],[-35.7807109,-9.5883997],[-35.7806766,-9.5884334],[-35.7806621,-9.5884507],[-35.7806333,-9.5884853],[-35.7806046,-9.5885397],[-35.7805468,-9.5885935],[-35.7804724,-9.5886293],[-35.7803987,-9.5886344],[-35.7802853,-9.5886778],[-35.7801781,-9.5887013],[-35.780031,-9.5887422],[-35.7799668,-9.5888023],[-35.7798825,-9.5888446],[-35.7798539,-9.5889062],[-35.7798472,-9.5889849],[-35.7798086,-9.5890494],[-35.7797518,-9.5891203],[-35.7796464,-9.5892512],[-35.7796113,-9.5892985],[-35.7795609,-9.589373],[-35.7796076,-9.5894033],[-35.7796889,-9.5894442],[-35.7797274,-9.5894683],[-35.7797712,-9.5894806],[-35.7798441,-9.5894999],[-35.7799936,-9.5895249],[-35.7800846,-9.5895215],[-35.7801686,-9.5895524],[-35.7802291,-9.5895971],[-35.7802824,-9.5896545],[-35.7803392,-9.589701],[-35.7803925,-9.5897647],[-35.7804322,-9.5898304],[-35.7804619,-9.5899024],[-35.7804929,-9.5900223],[-35.7805658,-9.5903651],[-35.7805899,-9.5905302],[-35.78058,-9.5906522],[-35.7805597,-9.590731],[-35.7805093,-9.5908019],[-35.7804424,-9.5908602],[-35.7802248,-9.5909641],[-35.7800704,-9.591015],[-35.7798676,-9.591144],[-35.7797672,-9.5912225],[-35.7796958,-9.5912918],[-35.7796855,-9.5912557],[-35.7797086,-9.5911805],[-35.7796618,-9.5911421],[-35.7795999,-9.5911417],[-35.7795558,-9.5912025],[-35.7795549,-9.5912053],[-35.7795274,-9.5912895],[-35.7794979,-9.5913629],[-35.7794639,-9.5914282],[-35.7794188,-9.591481],[-35.7793795,-9.5914587],[-35.7793486,-9.5914626],[-35.779296,-9.5914883],[-35.7792208,-9.5915395],[-35.7791257,-9.5916017],[-35.7790459,-9.5916322],[-35.778934,-9.5916412],[-35.7788566,-9.5916427],[-35.7787782,-9.5916262],[-35.7787087,-9.5915897],[-35.7785407,-9.5915269],[-35.7784961,-9.5915236],[-35.7784005,-9.5915217],[-35.7783337,-9.5914852],[-35.7782468,-9.5914326],[-35.7782031,-9.591423],[-35.7781575,-9.5914179],[-35.7780674,-9.591416],[-35.7780228,-9.5914253],[-35.7779201,-9.5914451],[-35.7778425,-9.5914178],[-35.7778016,-9.5914181],[-35.7777565,-9.5914184],[-35.7776203,-9.5914069],[-35.7774728,-9.591399],[-35.7773087,-9.5913705],[-35.7772302,-9.5913441],[-35.7771536,-9.5913275],[-35.7770334,-9.5913194],[-35.7769014,-9.5913196],[-35.7768166,-9.5913296],[-35.7767023,-9.5913427],[-35.7766393,-9.5913671],[-35.7765734,-9.5913872],[-35.7765104,-9.5914421],[-35.776466,-9.5914451],[-35.776315,-9.5914576],[-35.7750972,-9.5917909],[-35.7750901,-9.5918331],[-35.7750874,-9.5918492],[-35.7749325,-9.5919015],[-35.7748463,-9.5919333],[-35.7746405,-9.5920289],[-35.7745644,-9.5920774],[-35.7745273,-9.5921039],[-35.7744577,-9.5921622],[-35.7742387,-9.5923221],[-35.7740687,-9.5924653],[-35.7739573,-9.5925385],[-35.7738968,-9.5925968],[-35.773828,-9.5926416],[-35.7737656,-9.5926945],[-35.773727,-9.5927554],[-35.7736731,-9.5928461],[-35.7736281,-9.5929061],[-35.7735308,-9.5930352],[-35.7734257,-9.5932068],[-35.7733196,-9.5933694],[-35.7732636,-9.5934195],[-35.7732225,-9.5935246],[-35.7731339,-9.5935976],[-35.7731109,-9.5936728],[-35.7730537,-9.5938133],[-35.7730061,-9.5938905],[-35.7729669,-9.5939902],[-35.7729511,-9.5940617],[-35.7729299,-9.5941495],[-35.7729243,-9.594239],[-35.7729141,-9.5943285],[-35.7729118,-9.59438],[-35.7729319,-9.5944982],[-35.7729262,-9.5945832],[-35.7729022,-9.5946538],[-35.7728689,-9.5948131],[-35.7728259,-9.5948966],[-35.7727961,-9.5949293],[-35.7727136,-9.5949679],[-35.7726564,-9.5949901],[-35.7725948,-9.5950321],[-35.7725216,-9.5950896],[-35.7724985,-9.5951639],[-35.7725273,-9.5952396],[-35.7725544,-9.595318],[-35.772584,-9.5953837],[-35.7726129,-9.5954639],[-35.7727243,-9.5956138],[-35.7727364,-9.5956499],[-35.7727553,-9.5957283],[-35.7727831,-9.5957959],[-35.7728047,-9.5958716],[-35.7728308,-9.5959536],[-35.7728515,-9.596032],[-35.7728593,-9.5960907],[-35.7728818,-9.5961809],[-35.7728976,-9.5962205],[-35.7729198,-9.5962601],[-35.7729465,-9.5962969],[-35.7730746,-9.5964829],[-35.7731003,-9.5965206],[-35.7731942,-9.5966437],[-35.7732283,-9.5966994],[-35.7732405,-9.5967227],[-35.7732654,-9.5967451],[-35.7732902,-9.5967623],[-35.773315,-9.5967866],[-35.7733607,-9.596816],[-35.7734552,-9.5968794],[-35.7735434,-9.596938],[-35.7735923,-9.5969967],[-35.7736071,-9.5970657],[-35.773581,-9.5971469],[-35.7735838,-9.5971984],[-35.7735171,-9.5972784],[-35.7734633,-9.5973422],[-35.7733768,-9.5973776],[-35.7733701,-9.5974463],[-35.7733533,-9.5975079],[-35.773391,-9.5975708],[-35.7733461,-9.5976453],[-35.7732908,-9.5977059],[-35.7732403,-9.5977479],[-35.7731972,-9.5977937],[-35.7731621,-9.59785],[-35.7731435,-9.5979026],[-35.7731294,-9.5979614],[-35.7731134,-9.5980149],[-35.7730985,-9.5980827],[-35.7730771,-9.5981353],[-35.773062,-9.5981878],[-35.7730478,-9.5982304],[-35.7730006,-9.5983573],[-35.7729719,-9.5984153],[-35.7729505,-9.5984661],[-35.7729133,-9.5985893],[-35.7728467,-9.5986811],[-35.7728052,-9.5987329],[-35.7727928,-9.5987533],[-35.7727756,-9.5987819],[-35.7727477,-9.5988318],[-35.772709,-9.5988791],[-35.7726839,-9.5989308],[-35.7726425,-9.5989872],[-35.7726129,-9.599038],[-35.7725694,-9.5990709],[-35.7725316,-9.5991191],[-35.772444,-9.5992029],[-35.7724003,-9.5993162],[-35.7723859,-9.5993407],[-35.7723698,-9.5993688],[-35.7723365,-9.5994161],[-35.7722779,-9.5994852],[-35.7722499,-9.5995216],[-35.7722014,-9.5995978],[-35.7721716,-9.5996315],[-35.7721111,-9.5996925],[-35.7720842,-9.5997352],[-35.7720474,-9.599806],[-35.7720297,-9.5998585],[-35.7719578,-9.5999738],[-35.7719319,-9.6000382],[-35.7718672,-9.6001435],[-35.7718359,-9.6002151],[-35.7718226,-9.6002604],[-35.7717209,-9.6004049],[-35.7716757,-9.6004414],[-35.7716103,-9.6004509],[-35.7715581,-9.6004161],[-35.7715369,-9.600391],[-35.7715002,-9.600347],[-35.7714645,-9.6002962],[-35.7714602,-9.6002979],[-35.7714532,-9.6003006],[-35.7714769,-9.6006128],[-35.7715178,-9.6008466],[-35.7715267,-9.6008899],[-35.7715634,-9.6010684],[-35.7715823,-9.6011513],[-35.7716348,-9.6013416],[-35.7716558,-9.6014634],[-35.7716635,-9.6015085],[-35.7716788,-9.6015969],[-35.7716864,-9.601642],[-35.7716877,-9.6016872],[-35.7716871,-9.6017323],[-35.7716875,-9.6017775],[-35.7716868,-9.601913],[-35.771687,-9.6019392],[-35.7716862,-9.6019582],[-35.7716768,-9.6021381],[-35.7716614,-9.6024533],[-35.7716588,-9.602505],[-35.7716626,-9.6026351],[-35.7716706,-9.6027245],[-35.7716746,-9.6027696],[-35.7716796,-9.6028148],[-35.7716836,-9.6028599],[-35.7716905,-9.6029285],[-35.7717047,-9.6029935],[-35.7717226,-9.603071],[-35.7717504,-9.6031227],[-35.7717734,-9.6031628],[-35.7718229,-9.6032048],[-35.7718895,-9.6032169],[-35.7719279,-9.603241],[-35.7719654,-9.6032651],[-35.7720039,-9.6032901],[-35.7720158,-9.6033036],[-35.7720035,-9.6033215],[-35.7717696,-9.6036646],[-35.771494,-9.6040685],[-35.7715046,-9.6041343],[-35.7715006,-9.6042012],[-35.771481,-9.604252],[-35.7714413,-9.6042966],[-35.771425,-9.6043562],[-35.7713976,-9.6044099],[-35.7713294,-9.6044431],[-35.7711435,-9.6045104],[-35.7710727,-9.6045371],[-35.7709994,-9.6045732],[-35.7709558,-9.604604],[-35.7708979,-9.6046406],[-35.7707102,-9.6047379],[-35.7706444,-9.604766],[-35.7706398,-9.6047679],[-35.7706367,-9.6047692],[-35.7705615,-9.6048078],[-35.7705033,-9.6048209],[-35.7704566,-9.6048588],[-35.7703965,-9.604894],[-35.770335,-9.6049388],[-35.7702648,-9.6050441],[-35.770218,-9.6051059],[-35.7701123,-9.6052107],[-35.7700733,-9.6052568],[-35.7700221,-9.6053126],[-35.7699734,-9.605369],[-35.7699383,-9.6054208],[-35.7698979,-9.6054708],[-35.76986,-9.6055116],[-35.7698403,-9.6055643],[-35.7698158,-9.6056856],[-35.769787,-9.605731],[-35.7697246,-9.605783],[-35.7696769,-9.6058448],[-35.7696389,-9.6059116],[-35.7696132,-9.6059628],[-35.7695808,-9.6060145],[-35.769556,-9.6060996],[-35.7695438,-9.6061558],[-35.7695315,-9.6062119],[-35.7694994,-9.6062934],[-35.7694764,-9.6063858],[-35.769466,-9.6064491],[-35.7694752,-9.6066403],[-35.7694791,-9.6067061],[-35.7694832,-9.6068781],[-35.7694758,-9.6069473],[-35.7694651,-9.6070036],[-35.7694564,-9.6070599],[-35.7694629,-9.6071791],[-35.7694616,-9.6072505],[-35.7694647,-9.6073246],[-35.7694636,-9.6073851],[-35.7694715,-9.6074519],[-35.7694706,-9.6075169],[-35.7694651,-9.6075712],[-35.769483,-9.6076343],[-35.769517,-9.6076761],[-35.7695484,-9.6077377],[-35.7696295,-9.6080509],[-35.7696517,-9.6081338],[-35.7696805,-9.6081983],[-35.7696934,-9.6082501],[-35.7697202,-9.6083084],[-35.7697411,-9.6083632],[-35.7698147,-9.6084794],[-35.7698491,-9.6085457],[-35.7699422,-9.6087097],[-35.7699766,-9.6087769],[-35.7700449,-9.6088983],[-35.7700928,-9.6089629],[-35.7700973,-9.6089672],[-35.770135,-9.6090025],[-35.770256,-9.6090935],[-35.7703778,-9.6091974],[-35.7704282,-9.6092386],[-35.7704934,-9.6092957],[-35.7705328,-9.6093326],[-35.770576,-9.6093828],[-35.7706166,-9.6094247],[-35.7706972,-9.6095183],[-35.7707441,-9.6095676],[-35.7708341,-9.6096699],[-35.7708728,-9.6097247],[-35.7709114,-9.6097695],[-35.7710671,-9.6099951],[-35.7711167,-9.6100444],[-35.771159,-9.6100982],[-35.7712049,-9.6101485],[-35.7713005,-9.6102633],[-35.7713419,-9.610319],[-35.7714111,-9.6104341],[-35.7714371,-9.6104926],[-35.7714303,-9.6105478],[-35.7713979,-9.6105977],[-35.7713352,-9.6106055],[-35.7712104,-9.6106056],[-35.7711312,-9.6105999],[-35.7710665,-9.6105914],[-35.7709089,-9.6105746],[-35.7708389,-9.6105621],[-35.7707684,-9.6105468],[-35.770701,-9.6105296],[-35.7706417,-9.6105189],[-35.7705687,-9.6105041],[-35.7705013,-9.610501],[-35.7703075,-9.6105024],[-35.7702464,-9.6104958],[-35.770177,-9.6104711],[-35.7701194,-9.6104381],[-35.7700619,-9.6104223],[-35.7699937,-9.6104292],[-35.7699585,-9.6104711],[-35.7699172,-9.6105437],[-35.7699567,-9.6105804],[-35.7699307,-9.6106411],[-35.7699047,-9.6106892],[-35.7698752,-9.6107554],[-35.769842,-9.6108108],[-35.7697997,-9.6108662],[-35.7697481,-9.6109073],[-35.7696922,-9.6109674],[-35.7696297,-9.6110158],[-35.7694491,-9.6110919],[-35.7693111,-9.6111294],[-35.7692447,-9.6111309],[-35.7691874,-9.6111404],[-35.7691045,-9.6111392],[-35.7690343,-9.6111226],[-35.7689713,-9.6111042],[-35.7689184,-9.6110856],[-35.7688637,-9.6110817],[-35.7688456,-9.6110889],[-35.7688348,-9.6111089],[-35.7688415,-9.6111343],[-35.7688868,-9.6111803],[-35.7689377,-9.6112192],[-35.7689799,-9.611255],[-35.7690085,-9.6113099],[-35.7690556,-9.6113836],[-35.7691296,-9.6114182],[-35.769199,-9.6114502],[-35.769252,-9.6114778],[-35.7693105,-9.611499],[-35.7693716,-9.6115157],[-35.7694443,-9.6115186],[-35.7695737,-9.6115113],[-35.7697785,-9.6115079],[-35.7698459,-9.61151],[-35.7699206,-9.6115221],[-35.7699937,-9.6115274],[-35.7700643,-9.6114984],[-35.7701169,-9.6114735],[-35.7701869,-9.611463],[-35.7702524,-9.6114598],[-35.7703269,-9.611472],[-35.7703951,-9.6115052],[-35.7704964,-9.6115829],[-35.7705001,-9.6115857],[-35.770547,-9.6116381],[-35.7705901,-9.6116821],[-35.7706288,-9.6117342],[-35.7706747,-9.6117808],[-35.7707268,-9.6118444],[-35.7709319,-9.6120588],[-35.7710337,-9.6121592],[-35.7711015,-9.6122047],[-35.7711573,-9.6122395],[-35.7712526,-9.6123209],[-35.7713186,-9.612384],[-35.7714132,-9.6124696],[-35.7714773,-9.6125206],[-35.7715278,-9.612569],[-35.7715782,-9.6126129],[-35.7716328,-9.6126771],[-35.7716719,-9.6127378],[-35.7716953,-9.6127989],[-35.7717196,-9.6128701],[-35.7717391,-9.6129425],[-35.7717488,-9.6129928],[-35.7717657,-9.6130541],[-35.7717935,-9.6132047],[-35.7718075,-9.6133844],[-35.7718037,-9.6134456],[-35.7717848,-9.6135029],[-35.7717526,-9.6135655],[-35.7716931,-9.613624],[-35.7716414,-9.6136676],[-35.7715525,-9.6137008],[-35.7714835,-9.613724],[-35.7714436,-9.6137478],[-35.7714019,-9.6137689],[-35.7713583,-9.6137837],[-35.7713121,-9.6138031],[-35.7712684,-9.6138043],[-35.7712238,-9.6138332],[-35.7711497,-9.6138766],[-35.771099,-9.613903],[-35.7710622,-9.6139293],[-35.7710306,-9.6139537],[-35.7709595,-9.6140001],[-35.770914,-9.6139951],[-35.7708673,-9.6140202],[-35.770826,-9.6140355],[-35.7707775,-9.6141172],[-35.77073,-9.614134],[-35.7706857,-9.6141525],[-35.7705652,-9.6142066],[-35.7705216,-9.6142223],[-35.7704708,-9.61422],[-35.7704306,-9.6142275],[-35.770337,-9.6142595],[-35.7702918,-9.6142737],[-35.7702554,-9.6142895],[-35.7702109,-9.6143025],[-35.770171,-9.6143227],[-35.7700764,-9.6143343],[-35.7700319,-9.6143446],[-35.7699837,-9.6143477],[-35.7698891,-9.6143629],[-35.7698386,-9.6143638],[-35.769789,-9.6143816],[-35.7697574,-9.6143956],[-35.7697111,-9.6144247],[-35.7696731,-9.6144414],[-35.7696338,-9.614463],[-35.7695425,-9.614503],[-35.7694971,-9.614516],[-35.7694511,-9.6145435],[-35.7694129,-9.6145785],[-35.7693712,-9.6145992],[-35.7693332,-9.6146257],[-35.7692989,-9.6146594],[-35.7692618,-9.6146859],[-35.769229,-9.6147068],[-35.7690969,-9.6147848],[-35.7690584,-9.6148149],[-35.7690245,-9.6148405],[-35.7689865,-9.6148661],[-35.7689451,-9.6149027],[-35.7689101,-9.6149268],[-35.7688482,-9.6149901],[-35.7688103,-9.6150335],[-35.7687887,-9.6150601],[-35.7687644,-9.6151001],[-35.7687311,-9.6151383],[-35.7686967,-9.6151702],[-35.7686691,-9.6152146],[-35.7686257,-9.6152765],[-35.7685171,-9.6153578],[-35.7684654,-9.6153862],[-35.7684128,-9.6154101],[-35.7683339,-9.6154451],[-35.7682986,-9.6154742],[-35.768268,-9.6155088],[-35.7682272,-9.6155381],[-35.7681883,-9.6155628],[-35.7681484,-9.6155857],[-35.7681039,-9.6155969],[-35.7680505,-9.6156127],[-35.7680121,-9.6156202],[-35.7678823,-9.6156915],[-35.7678484,-9.6157142],[-35.7678148,-9.615748],[-35.767783,-9.6157891],[-35.7677611,-9.6158215],[-35.7677258,-9.6158479],[-35.7676947,-9.6158784],[-35.7676533,-9.6159152],[-35.7676223,-9.615935],[-35.7675852,-9.6159615],[-35.7675399,-9.6159799],[-35.7674884,-9.6159934],[-35.767383,-9.6160535],[-35.7673541,-9.6160889],[-35.7673253,-9.6161307],[-35.7672937,-9.6161644],[-35.7672168,-9.6162147],[-35.7671723,-9.6162323],[-35.7671227,-9.6162524],[-35.7670843,-9.6162655],[-35.7670553,-9.6162928],[-35.7670486,-9.6163579],[-35.7669505,-9.616384],[-35.7669043,-9.6164035],[-35.7668602,-9.6164274],[-35.7668144,-9.6164441],[-35.7667753,-9.6164504],[-35.7667314,-9.6164724],[-35.7666983,-9.6164926],[-35.7666803,-9.6165384],[-35.7666671,-9.6165787],[-35.766642,-9.6166205],[-35.7666124,-9.616684],[-35.7665727,-9.6167568],[-35.7665595,-9.6167829],[-35.7665289,-9.6168183],[-35.766484,-9.6168991],[-35.7664524,-9.6169328],[-35.7664199,-9.6169766],[-35.7663894,-9.6170154],[-35.7663408,-9.6170954],[-35.7662703,-9.6171529],[-35.766236,-9.6171866],[-35.7662026,-9.6172176],[-35.7661664,-9.617245],[-35.7661256,-9.6172688],[-35.7660793,-9.6172845],[-35.7660422,-9.6173137],[-35.7656824,-9.61751],[-35.7656327,-9.6175225],[-35.7655933,-9.6175333],[-35.7655479,-9.6175436],[-35.765508,-9.6175665],[-35.7654698,-9.6175901],[-35.7654256,-9.6176123],[-35.765382,-9.6176307],[-35.7653337,-9.617623],[-35.7652784,-9.6176478],[-35.7652376,-9.6176689],[-35.7651207,-9.6177421],[-35.7649958,-9.6178271],[-35.7649494,-9.6178338],[-35.7649077,-9.6178522],[-35.7648807,-9.6178895],[-35.7648481,-9.6179196],[-35.7647997,-9.6179405],[-35.764762,-9.6179591],[-35.7647174,-9.6179685],[-35.7646718,-9.6179544],[-35.7646289,-9.6179385],[-35.7645862,-9.617956],[-35.7645445,-9.6179771],[-35.7644946,-9.6179911],[-35.7644514,-9.6180098],[-35.764408,-9.618021],[-35.7643583,-9.618031],[-35.7643109,-9.6180215],[-35.7642604,-9.6180267],[-35.7642155,-9.6180385],[-35.7641695,-9.6180569],[-35.7641311,-9.6180789],[-35.7640812,-9.6180842],[-35.764033,-9.6180987],[-35.7639877,-9.6181141],[-35.7639458,-9.6181301],[-35.7638977,-9.6181503],[-35.7638491,-9.6181531],[-35.7638058,-9.6181493],[-35.763735,-9.6181788],[-35.7636866,-9.6181897],[-35.7635961,-9.6182196],[-35.7635397,-9.6182483],[-35.7634564,-9.6182831],[-35.763419,-9.6183085],[-35.7633805,-9.6183467],[-35.763347,-9.6183779],[-35.7632972,-9.6184072],[-35.763182,-9.6184596],[-35.7631259,-9.6184703],[-35.7630857,-9.6184848],[-35.762991,-9.6184892],[-35.762941,-9.6184923],[-35.7628936,-9.6184845],[-35.762852,-9.6184504],[-35.7628193,-9.6184219],[-35.7627917,-9.6183851],[-35.762765,-9.6183437],[-35.7627446,-9.6183023],[-35.7627215,-9.61826],[-35.7626948,-9.6182178],[-35.762659,-9.6181874],[-35.7626188,-9.6181642],[-35.762574,-9.6181456],[-35.7625275,-9.6181342],[-35.7624792,-9.6181319],[-35.7624266,-9.6181436],[-35.7623847,-9.6181597],[-35.7623412,-9.6181827],[-35.7622948,-9.6182107],[-35.7622652,-9.6182312],[-35.762229,-9.6182595],[-35.7621918,-9.6182851],[-35.7621683,-9.618297],[-35.7621418,-9.6182846],[-35.7621643,-9.6182609],[-35.7621585,-9.6182504],[-35.7621326,-9.6182091],[-35.7621026,-9.6181792],[-35.7620265,-9.6182114],[-35.7620046,-9.6182061],[-35.761977,-9.6181747],[-35.7619658,-9.6181405],[-35.7619718,-9.6180944],[-35.7619832,-9.6180501],[-35.7619829,-9.6180021],[-35.7619816,-9.6179506],[-35.7619757,-9.6179019],[-35.7619662,-9.6178541],[-35.7619404,-9.6178118],[-35.7618797,-9.6177418],[-35.7618639,-9.6177004],[-35.7618726,-9.6176534],[-35.7619033,-9.6176161],[-35.7619258,-9.6175906],[-35.7619448,-9.6175706],[-35.7619972,-9.6175168],[-35.7620423,-9.617474],[-35.7620867,-9.6174493],[-35.7621491,-9.6173928],[-35.7621853,-9.6173636],[-35.7622343,-9.6173451],[-35.7622741,-9.6173186],[-35.7623002,-9.6172804],[-35.7623226,-9.6172387],[-35.7623168,-9.6171899],[-35.7623191,-9.6171429],[-35.7623498,-9.6171093],[-35.7623706,-9.6170899],[-35.762385,-9.6170765],[-35.7624231,-9.6170491],[-35.7624655,-9.6170117],[-35.7625072,-9.6169797],[-35.7625515,-9.6169486],[-35.762623,-9.6169002],[-35.7630929,-9.6163543],[-35.7641508,-9.6151271],[-35.7641774,-9.6150374],[-35.7641958,-9.6149442],[-35.7642182,-9.6149025],[-35.7642599,-9.6148769],[-35.7643062,-9.6148693],[-35.7643545,-9.6148743],[-35.7643986,-9.6148835],[-35.764446,-9.6148985],[-35.7644877,-9.6149085],[-35.7645321,-9.6149134],[-35.7645775,-9.6149096],[-35.7646233,-9.6148992],[-35.7647012,-9.6148498],[-35.7647181,-9.6148072],[-35.7647226,-9.6147927],[-35.7647213,-9.6147449],[-35.7647037,-9.6146827],[-35.7646839,-9.6146313],[-35.7646944,-9.6145716],[-35.764715,-9.6145308],[-35.7648096,-9.6144162],[-35.7648692,-9.614348],[-35.7649359,-9.6142634],[-35.7649718,-9.6142107],[-35.7649914,-9.6141482],[-35.7650236,-9.6140775],[-35.7650349,-9.6140178],[-35.7650708,-9.613861],[-35.765083,-9.6137716],[-35.7650697,-9.6137121],[-35.7650447,-9.6136527],[-35.7650342,-9.6135968],[-35.7650465,-9.6135424],[-35.7651017,-9.6135141],[-35.7651655,-9.6134849],[-35.7652404,-9.613428],[-35.7652954,-9.6133598],[-35.7653275,-9.6132755],[-35.7653681,-9.6131207],[-35.7654086,-9.6130589],[-35.7654805,-9.6130556],[-35.7655598,-9.6130694],[-35.7656909,-9.6130693],[-35.765774,-9.6130625],[-35.7658318,-9.6130456],[-35.7658779,-9.6130109],[-35.7659284,-9.6129689],[-35.7659736,-9.6129089],[-35.766016,-9.6128616],[-35.7660593,-9.612831],[-35.7660973,-9.6127787],[-35.7661195,-9.6127144],[-35.7661344,-9.6126451],[-35.7661631,-9.6125939],[-35.7661962,-9.6125132],[-35.7662783,-9.6124276],[-35.7663353,-9.6123838],[-35.7663979,-9.6123598],[-35.7664267,-9.6123189],[-35.7664389,-9.6122502],[-35.7664882,-9.6122333],[-35.7665377,-9.6121961],[-35.7665969,-9.6122046],[-35.7666328,-9.612245],[-35.7666707,-9.6122095],[-35.7667066,-9.6121477],[-35.766678,-9.6121019],[-35.766663,-9.6120478],[-35.7666686,-9.6119832],[-35.7666661,-9.6118617],[-35.7666726,-9.6117963],[-35.7666894,-9.6117106],[-35.7667235,-9.6116516],[-35.7667504,-9.6116147],[-35.7667855,-9.6115708],[-35.7668281,-9.6115243],[-35.7668659,-9.6114862],[-35.7668971,-9.6114508],[-35.7669968,-9.6113296],[-35.7670935,-9.6111651],[-35.7669722,-9.6110819],[-35.7669166,-9.6109963],[-35.7669703,-9.6108852],[-35.7669943,-9.6108123],[-35.7670878,-9.6107175],[-35.767233,-9.610617],[-35.7673148,-9.6106123],[-35.7673839,-9.610637],[-35.7674411,-9.6106731],[-35.7674897,-9.6106911],[-35.767548,-9.6106985],[-35.7676116,-9.6107082],[-35.7676519,-9.6106602],[-35.767689,-9.6106213],[-35.7677324,-9.6105521],[-35.7677601,-9.6104878],[-35.7677946,-9.610425],[-35.7678228,-9.6103671],[-35.7678433,-9.6103064],[-35.767883,-9.6101498],[-35.7678779,-9.6100821],[-35.7678465,-9.6100326],[-35.7677888,-9.6099843],[-35.767741,-9.6099368],[-35.7676898,-9.6099011],[-35.7675836,-9.6098378],[-35.7675177,-9.6097904],[-35.767471,-9.609751],[-35.7674156,-9.6097377],[-35.7673569,-9.6097122],[-35.7672966,-9.6096972],[-35.7672418,-9.6096688],[-35.7671182,-9.6095849],[-35.7670604,-9.6095221],[-35.7670362,-9.60946],[-35.7670293,-9.6094013],[-35.7670403,-9.6093537],[-35.7670508,-9.6092867],[-35.7670592,-9.6092163],[-35.7670709,-9.6091462],[-35.7670885,-9.6090656],[-35.7671024,-9.6090203],[-35.7671267,-9.6089452],[-35.7671757,-9.6088228],[-35.7671825,-9.6087551],[-35.7671828,-9.6085671],[-35.7671743,-9.6085382],[-35.7671659,-9.6085085],[-35.7671662,-9.608429],[-35.7671669,-9.6084114]]]]}},
{"type":"Feature","properties":{"ibge_code_municipio":"2704302","name":"Chã de Bebedouro","code":"2704302008"},"geometry":{"type":"MultiPolygon","coordinates":[[[[-35.756075,-9.6225542],[-35.7559848,-9.6226304],[-35.7558278,-9.6227506],[-35.7556648,-9.622865],[-35.7558554,-9.6231649],[-35.7559938,-9.6234211],[-35.7555859,-9.6236709],[-35.7551526,-9.6239229],[-35.7546993,-9.6241559],[-35.7546948,-9.6241581],[-35.754385,-9.6235506],[-35.7535904,-9.6238176],[-35.7528215,-9.6240759],[-35.7525201,-9.6241613],[-35.7524697,-9.6242474],[-35.7523422,-9.6244882],[-35.7522839,-9.6245931],[-35.7522699,-9.6245729],[-35.7522013,-9.6245064],[-35.7521334,-9.6243067],[-35.7520856,-9.6241653],[-35.7519675,-9.6238382],[-35.7518458,-9.6234789],[-35.7518148,-9.6234166],[-35.7517505,-9.6232069],[-35.7517327,-9.6231379],[-35.7517085,-9.622993],[-35.7517041,-9.6229545],[-35.7517081,-9.6228356],[-35.75171,-9.6227821],[-35.7517349,-9.6220963],[-35.7517435,-9.6219743],[-35.7517774,-9.6218376],[-35.7518149,-9.6217442],[-35.7519867,-9.6213944],[-35.7520793,-9.6212298],[-35.7522203,-9.6209866],[-35.752238,-9.6209599],[-35.7523204,-9.6208355],[-35.752431,-9.620695],[-35.7526132,-9.6205519],[-35.7526713,-9.620516],[-35.7527965,-9.6204406],[-35.7530141,-9.6203053],[-35.7531791,-9.6201982],[-35.7532746,-9.620131],[-35.7533235,-9.6200949],[-35.7536986,-9.6197995],[-35.7538189,-9.6196774],[-35.7539357,-9.6195057],[-35.7540879,-9.6192227],[-35.7543055,-9.6187786],[-35.7547832,-9.6176029],[-35.7548203,-9.6175312],[-35.7547709,-9.6174796],[-35.7548732,-9.6175419],[-35.7549432,-9.6174079],[-35.7550439,-9.6172206],[-35.7550616,-9.6171878],[-35.7551114,-9.6170834],[-35.7553288,-9.6166298],[-35.7556432,-9.6159321],[-35.7557091,-9.6158405],[-35.7558532,-9.6156554],[-35.7559023,-9.6156025],[-35.755947,-9.6155543],[-35.7560475,-9.6154305],[-35.7560756,-9.6153959],[-35.7561375,-9.6153008],[-35.7561712,-9.6153136],[-35.7562256,-9.6153325],[-35.7562492,-9.6153404],[-35.7562903,-9.6153438],[-35.7564062,-9.6153243],[-35.7564792,-9.6153172],[-35.7566255,-9.6153105],[-35.7566711,-9.6152982],[-35.7567151,-9.6152759],[-35.7567643,-9.6152841],[-35.7568071,-9.6152851],[-35.7568504,-9.615269],[-35.7568934,-9.615244],[-35.7569241,-9.6152345],[-35.7569669,-9.6152278],[-35.7569952,-9.6152276],[-35.7570678,-9.6152268],[-35.7571715,-9.615218],[-35.7572154,-9.6152083],[-35.7572675,-9.6152021],[-35.7573099,-9.6152007],[-35.7574246,-9.6151998],[-35.7574963,-9.6151946],[-35.757546,-9.6151855],[-35.757637,-9.6151806],[-35.7577944,-9.615184],[-35.7579084,-9.6151764],[-35.7579851,-9.6151664],[-35.7582166,-9.6151547],[-35.7582717,-9.6151515],[-35.7583539,-9.6151368],[-35.7584062,-9.6151266],[-35.7584971,-9.6151027],[-35.7585634,-9.615076],[-35.7586164,-9.6150556],[-35.7586604,-9.6150291],[-35.7587128,-9.6149932],[-35.7587379,-9.6149726],[-35.7588188,-9.6149203],[-35.758864,-9.6148811],[-35.7589214,-9.6148276],[-35.7589903,-9.6147649],[-35.759015,-9.6147426],[-35.7590617,-9.6146717],[-35.7590924,-9.6146381],[-35.7591546,-9.6145631],[-35.7591835,-9.6145298],[-35.7592111,-9.614487],[-35.7592447,-9.6144453],[-35.7592937,-9.6144214],[-35.7593402,-9.6143708],[-35.7593486,-9.6143496],[-35.7593644,-9.6142624],[-35.7594004,-9.6142281],[-35.7594477,-9.6142188],[-35.7594956,-9.6142291],[-35.759523,-9.6142313],[-35.7595597,-9.6142251],[-35.7595894,-9.614219],[-35.7596273,-9.6142534],[-35.7596413,-9.6142967],[-35.7596318,-9.6143424],[-35.759563,-9.6144084],[-35.7595331,-9.6144456],[-35.7595061,-9.6144867],[-35.7594866,-9.6145238],[-35.759439,-9.61461],[-35.759433,-9.614657],[-35.7594351,-9.6147094],[-35.7594411,-9.6147491],[-35.7594786,-9.6147777],[-35.7595206,-9.6147955],[-35.7595654,-9.6148105],[-35.7596548,-9.6148378],[-35.7597048,-9.6148319],[-35.7597547,-9.6148251],[-35.7598008,-9.614828],[-35.7598469,-9.6148308],[-35.7599363,-9.6148626],[-35.7599811,-9.6148794],[-35.7600189,-9.6149052],[-35.7600652,-9.6149294],[-35.7600925,-9.6149399],[-35.760168,-9.6149894],[-35.7601878,-9.6150025],[-35.7602289,-9.6150211],[-35.7602781,-9.615027],[-35.7603297,-9.6150372],[-35.7603758,-9.6150588],[-35.7604284,-9.6150966],[-35.7604675,-9.6151321],[-35.7605084,-9.6151962],[-35.7605606,-9.615275],[-35.7606002,-9.6153111],[-35.7606313,-9.6153594],[-35.7606663,-9.6154052],[-35.7606895,-9.6154565],[-35.760709,-9.6155105],[-35.7607258,-9.6155592],[-35.760759,-9.6156041],[-35.7607993,-9.6156399],[-35.7608482,-9.6156707],[-35.7608698,-9.6156837],[-35.7608935,-9.615697],[-35.7609392,-9.6157359],[-35.7609815,-9.6157704],[-35.761085,-9.6158382],[-35.7610807,-9.6158762],[-35.7610857,-9.6159313],[-35.7611189,-9.6159762],[-35.7611393,-9.6160302],[-35.7611715,-9.616067],[-35.7612109,-9.6161038],[-35.7612657,-9.6161169],[-35.7613132,-9.6161391],[-35.7613474,-9.6161818],[-35.7613813,-9.6162253],[-35.7614291,-9.6162485],[-35.7614817,-9.6162678],[-35.7616217,-9.6163553],[-35.7616707,-9.6163296],[-35.7617263,-9.6163345],[-35.7617828,-9.6163467],[-35.7618358,-9.6163671],[-35.7618589,-9.6164175],[-35.7619047,-9.6164497],[-35.7619559,-9.6164691],[-35.7620086,-9.6164785],[-35.7620652,-9.6164791],[-35.7621225,-9.6164777],[-35.7621762,-9.6164683],[-35.7622307,-9.6164552],[-35.762288,-9.6164448],[-35.7623418,-9.616457],[-35.7623965,-9.6164665],[-35.762452,-9.6164679],[-35.7626877,-9.6164597],[-35.7627342,-9.6164593],[-35.7627806,-9.6164589],[-35.7628339,-9.616444],[-35.7629605,-9.6164087],[-35.7629868,-9.6164049],[-35.7630929,-9.6163543],[-35.762623,-9.6169002],[-35.7625515,-9.6169486],[-35.7625072,-9.6169797],[-35.7624655,-9.6170117],[-35.7624231,-9.6170491],[-35.762385,-9.6170765],[-35.7623706,-9.6170899],[-35.7623498,-9.6171093],[-35.7623191,-9.6171429],[-35.7623168,-9.6171899],[-35.7623226,-9.6172387],[-35.7623002,-9.6172804],[-35.7622741,-9.6173186],[-35.7622343,-9.6173451],[-35.7621853,-9.6173636],[-35.7621491,-9.6173928],[-35.7620867,-9.6174493],[-35.7620423,-9.617474],[-35.7619972,-9.6175168],[-35.7619448,-9.6175706],[-35.7619258,-9.6175906],[-35.7619033,-9.6176161],[-35.7618726,-9.6176534],[-35.7618639,-9.6177004],[-35.7618797,-9.6177418],[-35.7619404,-9.6178118],[-35.7619662,-9.6178541],[-35.7619757,-9.6179019],[-35.7619816,-9.6179506],[-35.7619829,-9.6180021],[-35.7619832,-9.6180501],[-35.7619718,-9.6180944],[-35.7619658,-9.6181405],[-35.761977,-9.6181747],[-35.7620046,-9.6182061],[-35.7620265,-9.6182114],[-35.7621026,-9.6181792],[-35.7621326,-9.6182091],[-35.7621585,-9.6182504],[-35.7621643,-9.6182609],[-35.7621418,-9.6182846],[-35.7621683,-9.618297],[-35.7621918,-9.6182851],[-35.762229,-9.6182595],[-35.7622652,-9.6182312],[-35.7622948,-9.6182107],[-35.7626975,-9.6190029],[-35.7627595,-9.6191307],[-35.7627608,-9.6191759],[-35.7627739,-9.6192227],[-35.7627997,-9.6192623],[-35.7628229,-9.6193109],[-35.7628406,-9.619355],[-35.7628637,-9.6194018],[-35.762885,-9.6194432],[-35.7629153,-9.61948],[-35.7629466,-9.6195177],[-35.7629724,-9.6195563],[-35.7629991,-9.6195968],[-35.7630177,-9.61964],[-35.7630353,-9.6196832],[-35.7630548,-9.6197246],[-35.7630769,-9.6197651],[-35.7630991,-9.6198074],[-35.7631189,-9.6198355],[-35.7626456,-9.6201495],[-35.7624095,-9.6202347],[-35.7618843,-9.6204156],[-35.7616959,-9.6204842],[-35.76161,-9.6205095],[-35.7613454,-9.6206016],[-35.7609438,-9.6207078],[-35.7608381,-9.6207306],[-35.7606704,-9.620777],[-35.760436,-9.6208581],[-35.76032,-9.6208953],[-35.7601066,-9.6209592],[-35.7599787,-9.6210132],[-35.7595946,-9.6211466],[-35.7593816,-9.6212173],[-35.7591665,-9.6212864],[-35.7589599,-9.6213537],[-35.7588227,-9.6213951],[-35.7586448,-9.621458],[-35.7584638,-9.6215257],[-35.7581685,-9.6216247],[-35.7578793,-9.6217327],[-35.7574912,-9.6218558],[-35.7573794,-9.62188],[-35.7572361,-9.6219318],[-35.7571302,-9.62198],[-35.7569879,-9.6220526],[-35.7567374,-9.6221631],[-35.7566366,-9.6222118],[-35.7565246,-9.6222621],[-35.7563168,-9.6223929],[-35.7562421,-9.622437],[-35.7561313,-9.6225141],[-35.756075,-9.6225542]]]]}},
{"type":"Feature","properties":{"ibge_code_municipio":"2704302","name":"Jacarecica","code":"2704302020"},"geometry":{"type":"MultiPolygon","coordinates":[[[[-35.697954,-9.6081959],[-35.6975903,-9.6090042],[-35.6974404,-9.6089134],[-35.6972231,-9.6087922],[-35.6960361,-9.60813],[-35.6954703,-9.6078779],[-35.6947946,-9.6076512],[-35.6945839,-9.6076034],[-35.6943989,-9.6075951],[-35.6941289,-9.6076102],[-35.6940715,-9.607587],[-35.6936628,-9.6076722],[-35.693403,-9.6078105],[-35.693246,-9.6079448],[-35.6931429,-9.6080889],[-35.693041,-9.6082362],[-35.6929568,-9.6084091],[-35.692846,-9.6087027],[-35.6926957,-9.6090774],[-35.6925753,-9.6093955],[-35.6923531,-9.6099811],[-35.6923381,-9.6100233],[-35.6921129,-9.6106164],[-35.6920853,-9.6106783],[-35.6921337,-9.610684],[-35.6921797,-9.6106864],[-35.6922165,-9.6107103],[-35.692314,-9.6108088],[-35.6923549,-9.6108208],[-35.6924344,-9.6107819],[-35.6924792,-9.610779],[-35.692526,-9.6107919],[-35.6925439,-9.6108115],[-35.6925877,-9.6108596],[-35.6926086,-9.6109014],[-35.6926344,-9.6109352],[-35.6926763,-9.6109551],[-35.6926922,-9.6110019],[-35.692732,-9.6110716],[-35.6927589,-9.6111143],[-35.6927868,-9.6111412],[-35.6928444,-9.6112208],[-35.6928763,-9.6112537],[-35.6928941,-9.6112963],[-35.692927,-9.6114278],[-35.6929589,-9.6114626],[-35.6930435,-9.6114975],[-35.6930674,-9.6115303],[-35.6930694,-9.6115791],[-35.6930873,-9.6116189],[-35.6931141,-9.6116517],[-35.6931519,-9.6116786],[-35.6931858,-9.6117114],[-35.6931938,-9.6117582],[-35.6931898,-9.611805],[-35.6931778,-9.6118428],[-35.6931778,-9.6118906],[-35.6932057,-9.6119274],[-35.6932445,-9.6119523],[-35.6932803,-9.6119573],[-35.6933361,-9.6119543],[-35.6933689,-9.6119214],[-35.6934117,-9.6119135],[-35.6934555,-9.6119364],[-35.6934774,-9.6119632],[-35.693505,-9.6120187],[-35.6935412,-9.6120914],[-35.693551,-9.6121333],[-35.6935759,-9.6121732],[-35.6936019,-9.6122069],[-35.6936366,-9.6122399],[-35.6936625,-9.6122787],[-35.6936824,-9.6123176],[-35.6937043,-9.6123603],[-35.6937322,-9.6123952],[-35.6937671,-9.6124171],[-35.6938068,-9.6124419],[-35.6938469,-9.6124884],[-35.6938874,-9.6125354],[-35.6944395,-9.6132607],[-35.6949253,-9.6141297],[-35.6951016,-9.6146605],[-35.695339,-9.6148701],[-35.6958812,-9.6152734],[-35.6962149,-9.6154497],[-35.6966536,-9.6155402],[-35.6991909,-9.6159966],[-35.6995354,-9.6159486],[-35.7003376,-9.6157847],[-35.7018343,-9.6155022],[-35.7020878,-9.6169812],[-35.7020923,-9.6170078],[-35.7019775,-9.617008],[-35.7015834,-9.6170234],[-35.701537,-9.6170209],[-35.7013998,-9.617101],[-35.7012033,-9.617285],[-35.7011721,-9.6173067],[-35.7009565,-9.6174566],[-35.70059,-9.6175981],[-35.7004032,-9.6176928],[-35.7002281,-9.6177815],[-35.6999948,-9.6178673],[-35.6996868,-9.6179343],[-35.6991812,-9.6179641],[-35.6989325,-9.618035],[-35.6986838,-9.6182948],[-35.6984233,-9.6186191],[-35.6984086,-9.6186374],[-35.6983188,-9.6187648],[-35.6982883,-9.6188312],[-35.6983167,-9.6188401],[-35.6983181,-9.6188405],[-35.6985836,-9.6189238],[-35.6985065,-9.6191335],[-35.698623,-9.6192257],[-35.6988158,-9.6194338],[-35.6992468,-9.6197132],[-35.6994422,-9.6197795],[-35.6997738,-9.6198022],[-35.7002313,-9.6196387],[-35.7007793,-9.6195025],[-35.7012105,-9.6194621],[-35.7014564,-9.6194773],[-35.7016411,-9.6196672],[-35.702053,-9.6200909],[-35.7020816,-9.6201202],[-35.7023754,-9.6202092],[-35.7024585,-9.6202429],[-35.7025597,-9.6202502],[-35.7026326,-9.6202686],[-35.7027176,-9.620305],[-35.7028364,-9.6203655],[-35.7029174,-9.6204769],[-35.7030133,-9.620506],[-35.7031542,-9.6204859],[-35.7033091,-9.6204919],[-35.7037093,-9.6205593],[-35.7038627,-9.6206132],[-35.703989,-9.6207071],[-35.7040631,-9.6209238],[-35.7042198,-9.6217877],[-35.7042144,-9.6221068],[-35.7042136,-9.6221518],[-35.7042018,-9.6222667],[-35.7040794,-9.6224565],[-35.7039681,-9.622648],[-35.7039087,-9.622732],[-35.7037421,-9.6229678],[-35.703699,-9.6230386],[-35.7036252,-9.623153],[-35.7036055,-9.6231938],[-35.7035771,-9.6232799],[-35.703561,-9.6233216],[-35.7035216,-9.6234032],[-35.7034952,-9.6234441],[-35.7034218,-9.623534],[-35.7033832,-9.6235873],[-35.7033539,-9.6236168],[-35.7032852,-9.6236752],[-35.70321,-9.623725],[-35.7031811,-9.6237537],[-35.703119,-9.6238237],[-35.7030694,-9.6239028],[-35.7030291,-9.6239835],[-35.7029805,-9.6240598],[-35.7029379,-9.6240746],[-35.70282,-9.6241424],[-35.7027568,-9.624207],[-35.702722,-9.6242877],[-35.7026986,-9.6243267],[-35.7026395,-9.6244492],[-35.7026211,-9.6245379],[-35.702629,-9.6246738],[-35.702638,-9.6247166],[-35.7026511,-9.6247599],[-35.7026663,-9.6248492],[-35.7026652,-9.6249396],[-35.7026578,-9.6250291],[-35.7026552,-9.6251646],[-35.702618,-9.6252941],[-35.7025868,-9.6253784],[-35.7025382,-9.6254547],[-35.7024824,-9.6255265],[-35.7024361,-9.6255991],[-35.7024031,-9.6256364],[-35.7023152,-9.6256823],[-35.7023202,-9.6257473],[-35.6980833,-9.6258269],[-35.696967,-9.6258479],[-35.6968848,-9.6258494],[-35.6967053,-9.6254724],[-35.6962639,-9.6245609],[-35.6960497,-9.6241287],[-35.6959497,-9.6239269],[-35.6957934,-9.6235935],[-35.695728,-9.6236222],[-35.6956367,-9.6236547],[-35.6935388,-9.6236255],[-35.6928864,-9.6237236],[-35.692614,-9.6231723],[-35.6923061,-9.6225425],[-35.69176,-9.6214856],[-35.6914242,-9.6208466],[-35.6909071,-9.6198769],[-35.6903783,-9.6191456],[-35.6903581,-9.61913],[-35.6898878,-9.6184736],[-35.6896578,-9.6181247],[-35.6892404,-9.6176134],[-35.6888351,-9.6170395],[-35.6884523,-9.6165435],[-35.6880105,-9.6158893],[-35.6876089,-9.615358],[-35.6873727,-9.615053],[-35.6871156,-9.6147211],[-35.6868895,-9.6144049],[-35.6864833,-9.6138372],[-35.6857366,-9.6128777],[-35.685137,-9.611957],[-35.6850795,-9.6118686],[-35.6850123,-9.6118141],[-35.684471,-9.6110607],[-35.6844579,-9.6110467],[-35.6839433,-9.6104986],[-35.6832991,-9.6096902],[-35.6823271,-9.6087769],[-35.6820964,-9.6085912],[-35.6814462,-9.608068],[-35.6811802,-9.6078748],[-35.6809254,-9.6076897],[-35.6804102,-9.6072414],[-35.680125,-9.6068671],[-35.6798869,-9.60644],[-35.6797357,-9.6061329],[-35.6795726,-9.6058018],[-35.6793734,-9.6053354],[-35.6791834,-9.6049331],[-35.6788879,-9.6045087],[-35.6786066,-9.6040853],[-35.6783975,-9.6036534],[-35.6781835,-9.6031929],[-35.6780062,-9.6026294],[-35.6779962,-9.6026034],[-35.6783126,-9.6024559],[-35.6785985,-9.6023198],[-35.67864,-9.602297],[-35.6786682,-9.6022641],[-35.6787229,-9.6021898],[-35.6787633,-9.602109],[-35.6788047,-9.6020295],[-35.6788299,-9.6018962],[-35.6788414,-9.6018486],[-35.6788474,-9.6018084],[-35.678844,-9.6017181],[-35.6788469,-9.6016277],[-35.6788559,-9.601538],[-35.6788431,-9.6014949],[-35.6788246,-9.6014526],[-35.678814,-9.6014119],[-35.6788091,-9.6011367],[-35.6788136,-9.6010949],[-35.6788305,-9.601055],[-35.6788594,-9.6010205],[-35.6788698,-9.6009762],[-35.6788775,-9.6009321],[-35.6788882,-9.600842],[-35.6788946,-9.6007518],[-35.6788952,-9.6007076],[-35.6788894,-9.6006624],[-35.678889,-9.6006173],[-35.6788959,-9.6005729],[-35.6789184,-9.6005348],[-35.6789509,-9.6005038],[-35.6789878,-9.6004734],[-35.6790252,-9.6004518],[-35.6791091,-9.6004203],[-35.6791522,-9.600402],[-35.679242,-9.6003579],[-35.6792689,-9.6003461],[-35.6792756,-9.6003432],[-35.6793139,-9.6003102],[-35.679316,-9.6003085],[-35.6793402,-9.6002888],[-35.6794312,-9.600215],[-35.6794772,-9.6001654],[-35.6795088,-9.6001327],[-35.6795423,-9.6001017],[-35.6795803,-9.6000779],[-35.6796231,-9.6000722],[-35.6796668,-9.6000827],[-35.67975,-9.6001191],[-35.6797875,-9.6001441],[-35.679859,-9.6002004],[-35.6798965,-9.6002254],[-35.6799376,-9.6002459],[-35.6799805,-9.6002591],[-35.6800251,-9.600267],[-35.6800698,-9.6002722],[-35.6801143,-9.6002617],[-35.6801543,-9.6002424],[-35.6801941,-9.6002195],[-35.6802313,-9.6001948],[-35.6802665,-9.6001648],[-35.6803009,-9.6001356],[-35.6803345,-9.600107],[-35.6803672,-9.6000749],[-35.6804006,-9.6000451],[-35.6804384,-9.600018],[-35.6804826,-9.5999984],[-35.6805225,-9.599985],[-35.6806545,-9.5999521],[-35.680699,-9.5999391],[-35.6807426,-9.5999271],[-35.6807862,-9.599915],[-35.680828,-9.5998984],[-35.6808669,-9.5998746],[-35.6808956,-9.5998422],[-35.6809219,-9.5998065],[-35.6810222,-9.5997125],[-35.6810538,-9.599678],[-35.6810813,-9.5996448],[-35.6811092,-9.5996067],[-35.6811377,-9.5995716],[-35.681231,-9.5994807],[-35.681272,-9.5994479],[-35.6813089,-9.5994275],[-35.6813554,-9.5994163],[-35.6814465,-9.5994028],[-35.6816213,-9.599361],[-35.6817066,-9.5993409],[-35.6817966,-9.5993108],[-35.6818407,-9.5993015],[-35.6818848,-9.5993007],[-35.6819739,-9.599283],[-35.6821058,-9.5992441],[-35.6821503,-9.5992344],[-35.6822416,-9.5992164],[-35.6822873,-9.5992109],[-35.6824155,-9.5991775],[-35.6824593,-9.5991819],[-35.6825052,-9.5991953],[-35.6825724,-9.5992208],[-35.6826747,-9.599252],[-35.6827047,-9.599255],[-35.6827243,-9.5992551],[-35.6828027,-9.5992223],[-35.6829004,-9.5991378],[-35.6829402,-9.5990959],[-35.6830323,-9.598973],[-35.6830761,-9.5989051],[-35.683113,-9.598847],[-35.6831435,-9.5987926],[-35.6831385,-9.5987558],[-35.6830995,-9.5986718],[-35.6830861,-9.5986251],[-35.6830896,-9.5985838],[-35.6831131,-9.5985434],[-35.6831411,-9.5985097],[-35.683184,-9.5984687],[-35.6832009,-9.5984524],[-35.6832243,-9.5984134],[-35.683245,-9.5983677],[-35.6832526,-9.5983214],[-35.6832402,-9.5982334],[-35.6832234,-9.5981848],[-35.6832152,-9.5981421],[-35.6832343,-9.5980567],[-35.6832189,-9.5980134],[-35.6831849,-9.597964],[-35.6831358,-9.5978926],[-35.6831199,-9.5978693],[-35.6830332,-9.5977631],[-35.6829855,-9.597687],[-35.6829709,-9.5976556],[-35.6829654,-9.5976435],[-35.6829642,-9.5976411],[-35.6829393,-9.5976006],[-35.6828988,-9.597533],[-35.6828766,-9.5974871],[-35.6828467,-9.5973938],[-35.6828387,-9.5973569],[-35.6828284,-9.5972669],[-35.6828336,-9.5972251],[-35.6828455,-9.5971791],[-35.6828609,-9.5971389],[-35.6829014,-9.5970574],[-35.6829001,-9.5970114],[-35.6828861,-9.596964],[-35.682853,-9.5968837],[-35.6828412,-9.5968402],[-35.6828309,-9.5967966],[-35.6828151,-9.5967557],[-35.6827849,-9.5967217],[-35.6827673,-9.5966813],[-35.6827533,-9.596638],[-35.6827557,-9.5965937],[-35.6827617,-9.5965484],[-35.6827803,-9.5964565],[-35.6827743,-9.5964168],[-35.6827923,-9.5962759],[-35.6827864,-9.5962347],[-35.6827694,-9.5961868],[-35.6827074,-9.5960705],[-35.6826647,-9.5959602],[-35.68262,-9.5958989],[-35.6825711,-9.5958507],[-35.6825174,-9.5958162],[-35.682443,-9.5957756],[-35.6824106,-9.5957632],[-35.6822317,-9.5957141],[-35.6821738,-9.5956868],[-35.6821717,-9.5956858],[-35.6824155,-9.5954824],[-35.6824508,-9.5954395],[-35.6825818,-9.5953976],[-35.6827747,-9.5953527],[-35.6829702,-9.5953157],[-35.6831684,-9.5952867],[-35.6833827,-9.5952603],[-35.6835835,-9.5952365],[-35.6837603,-9.5952154],[-35.6839236,-9.5951917],[-35.6839286,-9.5951883],[-35.683946,-9.5951908],[-35.6840092,-9.5951784],[-35.6841546,-9.5951497],[-35.6843078,-9.5950908],[-35.6844871,-9.5950098],[-35.6846477,-9.5949103],[-35.6847896,-9.5948109],[-35.6849092,-9.5947004],[-35.6849951,-9.5946084],[-35.685081,-9.5944905],[-35.6851557,-9.5943284],[-35.6852304,-9.5941259],[-35.685294,-9.5938975],[-35.6853238,-9.5936876],[-35.6853686,-9.5935292],[-35.68539,-9.5935134],[-35.6853833,-9.5934948],[-35.685492,-9.5932],[-35.6856123,-9.5929183],[-35.685704,-9.5927022],[-35.6857868,-9.5924645],[-35.6858739,-9.5922064],[-35.6859376,-9.5920311],[-35.6859968,-9.5918666],[-35.6860204,-9.5918037],[-35.6860934,-9.5916135],[-35.6861351,-9.5915269],[-35.6861768,-9.591449],[-35.6862777,-9.5913019],[-35.686326,-9.5912067],[-35.6863897,-9.5910725],[-35.6864402,-9.5909491],[-35.686444,-9.5909218],[-35.6865858,-9.5904935],[-35.6868101,-9.5899089],[-35.6868555,-9.5897577],[-35.6868712,-9.5895617],[-35.6869953,-9.5890824],[-35.6870867,-9.5887414],[-35.6873277,-9.5878737],[-35.6874252,-9.5876654],[-35.6876604,-9.5870152],[-35.6877847,-9.5866053],[-35.6880552,-9.5860945],[-35.6885979,-9.5851201],[-35.6891036,-9.5841977],[-35.6892442,-9.5839863],[-35.6893612,-9.5838172],[-35.6894803,-9.5836509],[-35.6896636,-9.5834241],[-35.6900946,-9.5829629],[-35.6902407,-9.5828022],[-35.6904337,-9.5826056],[-35.6906963,-9.5822923],[-35.6908461,-9.5821213],[-35.6909257,-9.5820311],[-35.6910441,-9.5818989],[-35.6912267,-9.5816996],[-35.6913984,-9.5815134],[-35.6916422,-9.5812479],[-35.6919851,-9.5808796],[-35.6921803,-9.5806631],[-35.6922305,-9.5805984],[-35.6922532,-9.5805691],[-35.6922724,-9.5805418],[-35.6922964,-9.5805075],[-35.6923141,-9.5804826],[-35.692326,-9.580462],[-35.6923376,-9.580442],[-35.6923563,-9.5804097],[-35.692385,-9.5803405],[-35.6924078,-9.5802826],[-35.6924479,-9.5801805],[-35.6925642,-9.5799141],[-35.6926109,-9.5798625],[-35.6926138,-9.579863],[-35.6926461,-9.5797883],[-35.6928789,-9.5791498],[-35.6929278,-9.5790311],[-35.6929661,-9.5789605],[-35.6930229,-9.5788784],[-35.6931164,-9.5787675],[-35.6932553,-9.5786243],[-35.6933556,-9.5785298],[-35.6935732,-9.5783497],[-35.6940143,-9.5779943],[-35.6940944,-9.5779426],[-35.6941859,-9.5778937],[-35.6942206,-9.57788],[-35.6946317,-9.5776981],[-35.6947825,-9.577647],[-35.6950381,-9.5775775],[-35.6953579,-9.5774949],[-35.6955132,-9.5774864],[-35.6955943,-9.5774933],[-35.6956972,-9.5775139],[-35.6957947,-9.5775468],[-35.6962602,-9.5776814],[-35.6965973,-9.577794],[-35.6969983,-9.5779553],[-35.6973141,-9.5780817],[-35.6975002,-9.5781558],[-35.6977316,-9.5782512],[-35.6979437,-9.5783336],[-35.6980646,-9.5783796],[-35.69832,-9.5784661],[-35.6984243,-9.5784964],[-35.6985603,-9.5785252],[-35.698725,-9.5785472],[-35.6991123,-9.5785623],[-35.6993443,-9.5785568],[-35.6994968,-9.5785581],[-35.6998538,-9.5785224],[-35.7001052,-9.5784765],[-35.7003392,-9.5784195],[-35.7004813,-9.5783789],[-35.7007024,-9.5783041],[-35.7008308,-9.5782485],[-35.7009468,-9.5781901],[-35.7010786,-9.5781146],[-35.7012146,-9.5780116],[-35.7013244,-9.5779155],[-35.7014988,-9.5777549],[-35.7016368,-9.5775934],[-35.701651,-9.5775997],[-35.701729,-9.5776408],[-35.7019258,-9.5777345],[-35.7021469,-9.5778277],[-35.7025582,-9.5779823],[-35.7028996,-9.5781166],[-35.7031129,-9.5782088],[-35.7032354,-9.5782618],[-35.7035551,-9.5783973],[-35.7037902,-9.5784867],[-35.7040921,-9.5786073],[-35.7043165,-9.5787067],[-35.7044765,-9.5788162],[-35.7046447,-9.5789441],[-35.7048285,-9.5791232],[-35.7049764,-9.5793287],[-35.7050889,-9.579527],[-35.7051824,-9.5797498],[-35.7052281,-9.5799743],[-35.7052384,-9.5800708],[-35.7052505,-9.580184],[-35.7052641,-9.580456],[-35.70526,-9.5805638],[-35.7052531,-9.5807478],[-35.7052642,-9.581],[-35.7052714,-9.5812417],[-35.7053257,-9.5815327],[-35.7053509,-9.5816154],[-35.7053552,-9.5816295],[-35.7053695,-9.5816764],[-35.7053831,-9.5816815],[-35.7055152,-9.5817303],[-35.7057105,-9.581707],[-35.7058107,-9.5817054],[-35.7058171,-9.5817311],[-35.7058284,-9.5817753],[-35.705859,-9.5818383],[-35.7058993,-9.5818759],[-35.7060438,-9.5819696],[-35.7062166,-9.5820071],[-35.7064312,-9.5821844],[-35.7066761,-9.5822629],[-35.7068346,-9.5824993],[-35.7069453,-9.5825761],[-35.7069905,-9.5826426],[-35.7070316,-9.5827699],[-35.7071968,-9.5828149],[-35.707407,-9.5827699],[-35.7075736,-9.5827176],[-35.707738,-9.5827705],[-35.7080257,-9.5827782],[-35.7082426,-9.582809],[-35.7084143,-9.5828836],[-35.7086043,-9.5828872],[-35.7086873,-9.5828887],[-35.7087803,-9.5828888],[-35.7089832,-9.582845],[-35.7091784,-9.5828107],[-35.7092992,-9.5827682],[-35.7095103,-9.5826437],[-35.7096194,-9.5826302],[-35.7098019,-9.5826857],[-35.7098749,-9.582696],[-35.7103097,-9.5828895],[-35.7103112,-9.5829654],[-35.710311,-9.5830571],[-35.7103271,-9.5831315],[-35.7103692,-9.583274],[-35.7103619,-9.5834954],[-35.710362,-9.583574],[-35.7103449,-9.5836509],[-35.7104137,-9.5838284],[-35.7104587,-9.5838786],[-35.7105422,-9.5840813],[-35.7105697,-9.584334],[-35.7105996,-9.5844332],[-35.7107245,-9.5845263],[-35.7107898,-9.5847678],[-35.7108239,-9.5848199],[-35.7107982,-9.5850194],[-35.7107748,-9.585058],[-35.710756,-9.5852117],[-35.7108628,-9.5853572],[-35.7109872,-9.5855451],[-35.7109948,-9.5856822],[-35.7112349,-9.5858473],[-35.7113562,-9.5859917],[-35.7114777,-9.586106],[-35.7115202,-9.5862676],[-35.7115502,-9.5864178],[-35.7116703,-9.5865228],[-35.7117904,-9.5866429],[-35.7120158,-9.5867929],[-35.7120456,-9.5868531],[-35.7121507,-9.5870182],[-35.7122858,-9.5872884],[-35.7122645,-9.5875084],[-35.7122719,-9.5876384],[-35.712426,-9.5877782],[-35.7125911,-9.5879377],[-35.7126841,-9.588068],[-35.7127235,-9.5882123],[-35.713095,-9.5885753],[-35.7131268,-9.5886259],[-35.7132015,-9.5887446],[-35.7129877,-9.5903054],[-35.7129737,-9.5904817],[-35.7129989,-9.590627],[-35.7129761,-9.590788],[-35.7128412,-9.5908312],[-35.7127817,-9.5911789],[-35.7129763,-9.5914167],[-35.7129758,-9.5914182],[-35.7127829,-9.591796],[-35.7128238,-9.5918364],[-35.7127781,-9.5920384],[-35.7127901,-9.5922423],[-35.7126937,-9.5924843],[-35.7126789,-9.5925124],[-35.7125188,-9.5926397],[-35.7123967,-9.5927956],[-35.7123221,-9.5929119],[-35.7122905,-9.5930684],[-35.7122914,-9.5932293],[-35.712242,-9.5934953],[-35.7122385,-9.5936842],[-35.7122059,-9.593754],[-35.7122199,-9.5937963],[-35.712232,-9.5938405],[-35.712268,-9.5940173],[-35.7126046,-9.5945604],[-35.7126092,-9.5945684],[-35.7125618,-9.5946036],[-35.7125359,-9.5946426],[-35.7125177,-9.5946665],[-35.7124826,-9.5947008],[-35.7124429,-9.5947485],[-35.7124194,-9.5947811],[-35.7123851,-9.594853],[-35.7123572,-9.594898],[-35.7123337,-9.5949404],[-35.7123174,-9.5949677],[-35.7123009,-9.5949962],[-35.7122941,-9.595016],[-35.7122893,-9.5950536],[-35.7122861,-9.5951099],[-35.7122802,-9.5951494],[-35.7122603,-9.5952303],[-35.7122504,-9.595284],[-35.7122383,-9.5953071],[-35.7122193,-9.5953259],[-35.7121897,-9.5953381],[-35.7121432,-9.5953781],[-35.7120914,-9.5953891],[-35.7120515,-9.5953898],[-35.7120249,-9.5954029],[-35.7119997,-9.595426],[-35.7119707,-9.5954682],[-35.7119645,-9.595482],[-35.7119401,-9.5955169],[-35.7118809,-9.595561],[-35.71183,-9.5955965],[-35.7117817,-9.5956293],[-35.7117471,-9.5956468],[-35.7117206,-9.5956531],[-35.7116361,-9.5956603],[-35.711595,-9.5956369],[-35.7115557,-9.5956251],[-35.7113895,-9.5956226],[-35.7113555,-9.5956273],[-35.7113292,-9.5956441],[-35.7113037,-9.5956686],[-35.7112977,-9.5956854],[-35.7112945,-9.5957227],[-35.7113048,-9.5957759],[-35.7113085,-9.5957989],[-35.7113023,-9.5958644],[-35.7113035,-9.5959335],[-35.7112896,-9.5959937],[-35.7112345,-9.5960393],[-35.7111837,-9.5960705],[-35.7111304,-9.5960944],[-35.7110867,-9.5961268],[-35.7110329,-9.5961547],[-35.7109798,-9.596156],[-35.7109366,-9.5961284],[-35.7108953,-9.5960863],[-35.7108682,-9.5960501],[-35.7108512,-9.5959978],[-35.710784,-9.5959011],[-35.7107562,-9.5958436],[-35.7107156,-9.5957973],[-35.7106531,-9.5957403],[-35.7105911,-9.5957319],[-35.7105382,-9.5957164],[-35.7104593,-9.5957142],[-35.7103918,-9.5957276],[-35.7103242,-9.5957709],[-35.7102692,-9.5957813],[-35.7101448,-9.5957771],[-35.7100685,-9.5957625],[-35.7100012,-9.595763],[-35.7099366,-9.5957525],[-35.7098658,-9.5957627],[-35.709817,-9.5957873],[-35.709762,-9.5958392],[-35.7097327,-9.5958744],[-35.7096852,-9.5959885],[-35.7096549,-9.5960327],[-35.7096049,-9.596081],[-35.7095591,-9.5961491],[-35.7095054,-9.596212],[-35.7094683,-9.5962637],[-35.7094117,-9.5962998],[-35.7093433,-9.5963155],[-35.7092668,-9.5963393],[-35.7092238,-9.5963494],[-35.7091642,-9.5963673],[-35.7091097,-9.5963677],[-35.7090072,-9.5963233],[-35.7089028,-9.5962428],[-35.7088885,-9.5961897],[-35.7088937,-9.5961272],[-35.7088805,-9.5960749],[-35.7088895,-9.5960201],[-35.708921,-9.5959739],[-35.7089346,-9.5959055],[-35.7089364,-9.5958295],[-35.7089516,-9.595761],[-35.7089839,-9.5956929],[-35.7089957,-9.5956478],[-35.709023,-9.5955822],[-35.7090258,-9.5955146],[-35.7090256,-9.5954609],[-35.7089923,-9.5953985],[-35.7089522,-9.5953526],[-35.7088973,-9.5953221],[-35.7088476,-9.5952726],[-35.7087849,-9.5952231],[-35.7087217,-9.5951848],[-35.7086577,-9.5951728],[-35.7085982,-9.5951451],[-35.7085312,-9.5951307],[-35.7084767,-9.5951281],[-35.7084087,-9.5951326],[-35.7083438,-9.5951642],[-35.7082876,-9.5952087],[-35.7082453,-9.5952571],[-35.7082027,-9.5953657],[-35.708165,-9.5954259],[-35.7081366,-9.5954862],[-35.7081183,-9.5955257],[-35.7080715,-9.5955683],[-35.7079905,-9.5956545],[-35.7078917,-9.5957159],[-35.7078376,-9.5957065],[-35.7077442,-9.5956453],[-35.7076899,-9.5956325],[-35.7076298,-9.5956302],[-35.7075864,-9.5955903],[-35.7075237,-9.5955895],[-35.7074659,-9.595592],[-35.7074232,-9.5955593],[-35.7073793,-9.5955136],[-35.7073463,-9.5954707],[-35.7073321,-9.59541],[-35.7073325,-9.5953565],[-35.7073614,-9.595303],[-35.7074026,-9.5952706],[-35.7074576,-9.5952646],[-35.7075194,-9.5952671],[-35.7075858,-9.5952506],[-35.7076208,-9.595194],[-35.7076201,-9.595135],[-35.7076465,-9.5950867],[-35.7076886,-9.5950518],[-35.707708,-9.5949876],[-35.7076875,-9.5949293],[-35.7076727,-9.5948429],[-35.7076648,-9.5948051],[-35.7076337,-9.5947466],[-35.7075634,-9.5947464],[-35.7075189,-9.5947866],[-35.7074685,-9.5948121],[-35.707417,-9.5948046],[-35.7073687,-9.5947925],[-35.7073399,-9.5947386],[-35.7073194,-9.5946842],[-35.7072498,-9.5946182],[-35.7072292,-9.5945947],[-35.7072059,-9.594552],[-35.7072047,-9.5944969],[-35.7071924,-9.5944477],[-35.7071882,-9.5943892],[-35.7071766,-9.5943303],[-35.7071207,-9.5942835],[-35.7070671,-9.5942615],[-35.7069804,-9.594237],[-35.706896,-9.5942229],[-35.7068555,-9.5941945],[-35.7067913,-9.5941622],[-35.7066745,-9.5941245],[-35.7065574,-9.5941184],[-35.7064946,-9.5941411],[-35.7064313,-9.594183],[-35.7063936,-9.5942186],[-35.7063337,-9.5942385],[-35.7062895,-9.5942438],[-35.7061967,-9.5942423],[-35.7061433,-9.5942775],[-35.7061132,-9.5942891],[-35.7060416,-9.5943064],[-35.7059159,-9.5943046],[-35.7058645,-9.5943349],[-35.7058064,-9.5943512],[-35.7057646,-9.5943777],[-35.7057155,-9.5944002],[-35.7056805,-9.5944138],[-35.705562,-9.5944465],[-35.7054948,-9.5944744],[-35.7054387,-9.5945044],[-35.7053325,-9.5945459],[-35.7053092,-9.5945567],[-35.7052145,-9.5946114],[-35.7051098,-9.5946799],[-35.7050782,-9.5947179],[-35.7050678,-9.5947401],[-35.7050463,-9.5948023],[-35.7049993,-9.5949079],[-35.7049609,-9.5949714],[-35.7049166,-9.5950235],[-35.7048856,-9.5950635],[-35.7048546,-9.5951207],[-35.7047916,-9.5952124],[-35.7047445,-9.5952799],[-35.7046954,-9.595365],[-35.7046342,-9.5954816],[-35.7046101,-9.5955201],[-35.704568,-9.5956045],[-35.7045277,-9.5956861],[-35.7045193,-9.5957058],[-35.7044812,-9.5957528],[-35.7044108,-9.5958314],[-35.7043591,-9.5958979],[-35.704346,-9.5959073],[-35.7043175,-9.5959165],[-35.7042541,-9.5959236],[-35.7042306,-9.5959381],[-35.7042136,-9.5959613],[-35.7042026,-9.5960154],[-35.7041609,-9.5961579],[-35.7041253,-9.5962675],[-35.7041034,-9.5963531],[-35.7040821,-9.5964465],[-35.7040639,-9.5965526],[-35.7040578,-9.5965781],[-35.704027,-9.5966253],[-35.7040129,-9.5966589],[-35.7039744,-9.5967234],[-35.70391,-9.5968354],[-35.703825,-9.5969878],[-35.7037792,-9.5970837],[-35.7037634,-9.5971124],[-35.7037445,-9.5971361],[-35.7037045,-9.597206],[-35.7036895,-9.5972648],[-35.7036642,-9.5973558],[-35.7036569,-9.5974404],[-35.7036563,-9.5975146],[-35.7036643,-9.5975653],[-35.7037277,-9.5977849],[-35.7037693,-9.5979089],[-35.7038165,-9.598016],[-35.7038333,-9.5981044],[-35.7038869,-9.5982215],[-35.7039383,-9.5982592],[-35.7040116,-9.5982778],[-35.7040461,-9.5982975],[-35.7041144,-9.5984315],[-35.7041387,-9.5985027],[-35.7041307,-9.5985957],[-35.7042516,-9.5987411],[-35.7043324,-9.598809],[-35.7044546,-9.5988822],[-35.7045317,-9.5989489],[-35.7045353,-9.5990679],[-35.7045019,-9.5992735],[-35.7045143,-9.5993625],[-35.7046484,-9.5995134],[-35.7046975,-9.5995414],[-35.7047256,-9.5995957],[-35.7047741,-9.5997394],[-35.7047819,-9.5998268],[-35.7047343,-9.5999345],[-35.7047013,-9.6001219],[-35.7046379,-9.6004103],[-35.7046246,-9.6010231],[-35.704569,-9.6011231],[-35.7045095,-9.6012725],[-35.7044196,-9.601406],[-35.7043384,-9.6014937],[-35.704196,-9.6015722],[-35.7039125,-9.6016875],[-35.703858,-9.6017701],[-35.703821,-9.6019432],[-35.7038144,-9.6020649],[-35.7037987,-9.6022436],[-35.7037864,-9.6022988],[-35.7037024,-9.602405],[-35.7035253,-9.6025491],[-35.7034586,-9.6026471],[-35.7033878,-9.6028077],[-35.7033301,-9.6029518],[-35.7032107,-9.6031157],[-35.7030773,-9.6032928],[-35.7030057,-9.603376],[-35.702911,-9.6035242],[-35.7027651,-9.6036192],[-35.7026552,-9.6036696],[-35.7026643,-9.6037098],[-35.7026694,-9.6037393],[-35.7026434,-9.6037715],[-35.702572,-9.603814],[-35.7024508,-9.6039726],[-35.7024151,-9.6040434],[-35.7023897,-9.6041266],[-35.702324,-9.6042331],[-35.7022164,-9.6043548],[-35.7021303,-9.6044217],[-35.7020725,-9.6044788],[-35.7020168,-9.6045613],[-35.7019631,-9.6045829],[-35.7019153,-9.6045713],[-35.7018761,-9.6045045],[-35.701837,-9.6044766],[-35.7018188,-9.6044903],[-35.7017989,-9.6045285],[-35.7017932,-9.6046231],[-35.7017767,-9.6046635],[-35.7017216,-9.6047029],[-35.7016639,-9.604706],[-35.7015594,-9.6046817],[-35.7015177,-9.6046661],[-35.7014824,-9.604746],[-35.701494,-9.6048371],[-35.7014716,-9.6048876],[-35.7014267,-9.6049175],[-35.7013005,-9.6048979],[-35.7013098,-9.6049711],[-35.7013354,-9.6050166],[-35.7013624,-9.6050554],[-35.7013752,-9.6051003],[-35.7013742,-9.6051596],[-35.7013584,-9.6051825],[-35.7012919,-9.6052377],[-35.7012771,-9.6052929],[-35.7012953,-9.6053822],[-35.7013124,-9.6054666],[-35.7012864,-9.6055147],[-35.7011922,-9.6055675],[-35.7011234,-9.6056142],[-35.7009496,-9.6057487],[-35.7009261,-9.6057768],[-35.700897,-9.6058247],[-35.7008433,-9.6058922],[-35.700743,-9.6059914],[-35.7007206,-9.6060305],[-35.7007019,-9.606083],[-35.7006722,-9.6061405],[-35.7006354,-9.6061628],[-35.7005828,-9.6061811],[-35.7003639,-9.6062113],[-35.700307,-9.6062102],[-35.7002532,-9.606222],[-35.7002169,-9.6062395],[-35.7001778,-9.6062609],[-35.7001305,-9.6063716],[-35.700106,-9.6064888],[-35.7000758,-9.6065812],[-35.7000673,-9.6066034],[-35.7000408,-9.6066402],[-35.6999829,-9.6066922],[-35.6999093,-9.6067117],[-35.6997881,-9.6067265],[-35.6996741,-9.606784],[-35.6996169,-9.6068322],[-35.6995391,-9.6069086],[-35.6993189,-9.6071058],[-35.6992371,-9.6071904],[-35.6990949,-9.6073321],[-35.6988465,-9.6075286],[-35.6987558,-9.6076274],[-35.6986767,-9.6077341],[-35.6984113,-9.6078757],[-35.6982708,-9.6080229],[-35.6981263,-9.6081236],[-35.697954,-9.6081959]]]]}},
{"type":"Feature","properties":{"ibge_code_municipio":"2704302","name":"Poço","code":"2704302034"},"geometry":{"type":"MultiPolygon","coordinates":[[[[-35.7127347,-9.656362],[-35.7127909,-9.6563625],[-35.7142375,-9.6563461],[-35.7147061,-9.6563424],[-35.7151747,-9.6563364],[-35.7157053,-9.6563334],[-35.7161861,-9.6563263],[-35.7170562,-9.6563231],[-35.7175852,-9.6563212],[-35.7178026,-9.6563217],[-35.7180623,-9.6563158],[-35.7181274,-9.6563193],[-35.7181148,-9.6562685],[-35.7181098,-9.6560283],[-35.7181155,-9.6558829],[-35.7187378,-9.655877],[-35.7198158,-9.6558685],[-35.7203608,-9.6558633],[-35.7205601,-9.6558632],[-35.721187,-9.6558631],[-35.7214135,-9.6560628],[-35.7218992,-9.6565051],[-35.7223105,-9.6568797],[-35.7224105,-9.6569674],[-35.7225838,-9.6571242],[-35.7226274,-9.657154],[-35.7227865,-9.6573085],[-35.7228976,-9.6574113],[-35.7228901,-9.6573259],[-35.7229023,-9.6572743],[-35.7229364,-9.6572222],[-35.7230405,-9.657133],[-35.7231921,-9.6570386],[-35.7233001,-9.657092],[-35.7235903,-9.6570266],[-35.7236697,-9.6570193],[-35.7237406,-9.6570025],[-35.7240471,-9.6569918],[-35.7242736,-9.6569805],[-35.7244902,-9.6569681],[-35.7246388,-9.6569595],[-35.7246546,-9.6569664],[-35.7247323,-9.6569617],[-35.7247626,-9.6569931],[-35.7247818,-9.6570066],[-35.7248065,-9.6570234],[-35.7248424,-9.6570674],[-35.7248601,-9.6571125],[-35.7248587,-9.6571658],[-35.7248817,-9.6572026],[-35.724924,-9.6572439],[-35.7249643,-9.6572824],[-35.7250292,-9.6573099],[-35.7250806,-9.6573525],[-35.7251264,-9.6573959],[-35.7251696,-9.6574443],[-35.7251954,-9.6574839],[-35.7252186,-9.6575343],[-35.7252563,-9.6575783],[-35.7253015,-9.6576176],[-35.7253524,-9.6576616],[-35.7254084,-9.6577072],[-35.7254507,-9.6577538],[-35.725466,-9.6578143],[-35.725488,-9.6578646],[-35.7255331,-9.6579212],[-35.7255629,-9.6579868],[-35.7255744,-9.6580406],[-35.7255855,-9.6580915],[-35.725619,-9.6581048],[-35.7256439,-9.6581146],[-35.7256434,-9.6580531],[-35.7256335,-9.6579932],[-35.7256084,-9.6578845],[-35.7256059,-9.6578059],[-35.7256072,-9.6577444],[-35.7256206,-9.6577037],[-35.7256521,-9.6576647],[-35.7257035,-9.6576409],[-35.7257208,-9.6576853],[-35.7257876,-9.6578069],[-35.7258902,-9.6579829],[-35.7259863,-9.6581477],[-35.7261059,-9.6583797],[-35.7261315,-9.6585238],[-35.7261274,-9.6586525],[-35.7260865,-9.658768],[-35.7260199,-9.6588746],[-35.7260767,-9.6588777],[-35.7260911,-9.6588727],[-35.726937,-9.6588727],[-35.7269396,-9.6588743],[-35.7269413,-9.6588746],[-35.7269594,-9.6588739],[-35.7269609,-9.6588562],[-35.7270031,-9.6583822],[-35.7270371,-9.658095],[-35.7270377,-9.65809],[-35.7270684,-9.6579379],[-35.7270595,-9.6578892],[-35.7270541,-9.6578595],[-35.7270655,-9.6576594],[-35.7270958,-9.6572764],[-35.7273582,-9.657296],[-35.7277717,-9.6573308],[-35.7279555,-9.6573463],[-35.7280417,-9.6573555],[-35.7285159,-9.657406],[-35.7286441,-9.6573996],[-35.7286465,-9.6574006],[-35.7287609,-9.6574487],[-35.7288392,-9.6574641],[-35.7288452,-9.6574377],[-35.7288537,-9.6573068],[-35.7288398,-9.6571873],[-35.7288229,-9.6571321],[-35.7287913,-9.6570256],[-35.7287599,-9.6569196],[-35.7286222,-9.6564699],[-35.7286093,-9.6564277],[-35.7285367,-9.6561598],[-35.7286683,-9.6561316],[-35.7286917,-9.6561265],[-35.728717,-9.6561211],[-35.7288021,-9.6561072],[-35.7289952,-9.6560812],[-35.7292711,-9.656043],[-35.7292773,-9.6560699],[-35.729355,-9.6560595],[-35.7293743,-9.6560563],[-35.729638,-9.6560347],[-35.7296465,-9.6560331],[-35.7298701,-9.6559915],[-35.7299689,-9.6559697],[-35.7300707,-9.6559418],[-35.7303021,-9.6558505],[-35.73042,-9.6557954],[-35.7306973,-9.6556242],[-35.7310142,-9.6554012],[-35.7308676,-9.6556265],[-35.7307828,-9.6557256],[-35.7306635,-9.6558395],[-35.730595,-9.6559246],[-35.7305581,-9.6559768],[-35.7305276,-9.6560241],[-35.7305023,-9.6560603],[-35.730457,-9.6560851],[-35.7302194,-9.6561252],[-35.7301624,-9.6561398],[-35.7300563,-9.6561877],[-35.7299038,-9.6562458],[-35.7298588,-9.6563103],[-35.7298519,-9.656361],[-35.7298578,-9.6564133],[-35.7298728,-9.6564683],[-35.7298932,-9.6565169],[-35.7299405,-9.6566223],[-35.7299546,-9.6566791],[-35.7299711,-9.6568449],[-35.729952,-9.6571435],[-35.7298846,-9.6573271],[-35.7298372,-9.6574778],[-35.729651,-9.6577594],[-35.7296051,-9.6577769],[-35.7295354,-9.6577849],[-35.7294477,-9.6577949],[-35.7293419,-9.6578089],[-35.7292982,-9.6578587],[-35.7292481,-9.6579225],[-35.7291988,-9.6579707],[-35.729162,-9.6580066],[-35.7291609,-9.6580079],[-35.729118,-9.6580563],[-35.7290692,-9.6581055],[-35.7290497,-9.6581394],[-35.7290306,-9.6581727],[-35.7290265,-9.6582206],[-35.7290377,-9.6583112],[-35.7290655,-9.6584549],[-35.7291143,-9.6586174],[-35.7291867,-9.6587867],[-35.7291972,-9.6588426],[-35.7292052,-9.6589311],[-35.7292038,-9.6589834],[-35.7292025,-9.6590322],[-35.7292012,-9.659081],[-35.729206,-9.659142],[-35.7292127,-9.6592273],[-35.7292185,-9.6593011],[-35.7292261,-9.6593968],[-35.7292364,-9.6595281],[-35.7293505,-9.6597145],[-35.729424,-9.6597435],[-35.7293864,-9.6597648],[-35.7292489,-9.6598984],[-35.7292034,-9.6599455],[-35.7291662,-9.6599996],[-35.7290676,-9.6601918],[-35.7290413,-9.6602951],[-35.729028,-9.6603473],[-35.729024,-9.660395],[-35.729012,-9.6605385],[-35.7289673,-9.6608185],[-35.7288839,-9.6611624],[-35.7286949,-9.661589],[-35.7286867,-9.6616074],[-35.7286423,-9.662026],[-35.7287946,-9.662653],[-35.7293043,-9.6628841],[-35.7295073,-9.6630131],[-35.7295974,-9.6630782],[-35.7296254,-9.6631835],[-35.7296114,-9.6634247],[-35.7295784,-9.6643548],[-35.729518,-9.6657941],[-35.7294734,-9.6667443],[-35.7294703,-9.6669675],[-35.7292631,-9.6669766],[-35.7291363,-9.6669819],[-35.7286551,-9.6670064],[-35.7281966,-9.6670297],[-35.7277316,-9.6670538],[-35.7277295,-9.6670538],[-35.7275344,-9.6670615],[-35.7271739,-9.6670779],[-35.726981,-9.6670885],[-35.7267636,-9.6670989],[-35.7265572,-9.6671094],[-35.7259888,-9.667137],[-35.7258638,-9.6671428],[-35.7253654,-9.6671663],[-35.7251404,-9.6671762],[-35.7250771,-9.6671783],[-35.7250208,-9.6671778],[-35.7248477,-9.6671875],[-35.7246959,-9.6671955],[-35.7243213,-9.6672152],[-35.7237313,-9.6672426],[-35.7231736,-9.6672704],[-35.7229951,-9.6672807],[-35.722886,-9.6672853],[-35.7227724,-9.6672919],[-35.7226346,-9.6672915],[-35.7226274,-9.6672917],[-35.7225547,-9.6672972],[-35.7223914,-9.6673097],[-35.7222962,-9.6673162],[-35.7222581,-9.6673191],[-35.7222101,-9.6673224],[-35.7222082,-9.6673225],[-35.7221129,-9.6673345],[-35.7221102,-9.6673348],[-35.7220293,-9.6673494],[-35.7219919,-9.6673559],[-35.7219577,-9.6673617],[-35.7218923,-9.6673727],[-35.7218203,-9.6673883],[-35.7217533,-9.6674027],[-35.7217224,-9.667412],[-35.7216915,-9.6674213],[-35.7216728,-9.6674267],[-35.7216334,-9.667438],[-35.7215889,-9.6674555],[-35.7215171,-9.6674814],[-35.7214924,-9.6674932],[-35.7214364,-9.66752],[-35.7213859,-9.6675405],[-35.7213132,-9.6675779],[-35.7212414,-9.6676146],[-35.7211825,-9.6676512],[-35.7211156,-9.6676932],[-35.7210774,-9.6677171],[-35.7209779,-9.6677919],[-35.7209451,-9.667818],[-35.7208584,-9.6678868],[-35.7208445,-9.6678988],[-35.7208159,-9.6679233],[-35.7207956,-9.6679429],[-35.7207753,-9.6679625],[-35.7207702,-9.6679678],[-35.720731,-9.668008],[-35.720712,-9.6680262],[-35.7206931,-9.6680445],[-35.7206498,-9.6680927],[-35.7205992,-9.6681518],[-35.720556,-9.6682073],[-35.7205245,-9.668247],[-35.7204969,-9.6682863],[-35.7204696,-9.6683248],[-35.7204323,-9.6683704],[-35.7203984,-9.6684281],[-35.7203509,-9.6685098],[-35.7203139,-9.6685736],[-35.7202838,-9.6686326],[-35.7202619,-9.6686218],[-35.7201123,-9.6685484],[-35.7196715,-9.6683348],[-35.7196723,-9.6679533],[-35.7196711,-9.6675335],[-35.7196741,-9.6673652],[-35.7196488,-9.6663888],[-35.7196214,-9.6659041],[-35.7195932,-9.6654301],[-35.719544,-9.6645476],[-35.7195132,-9.6640894],[-35.7195599,-9.6637307],[-35.7196154,-9.6633396],[-35.7196371,-9.6631762],[-35.7197174,-9.6626261],[-35.7197183,-9.6626202],[-35.7197607,-9.6623363],[-35.7193877,-9.6623344],[-35.7190704,-9.6623362],[-35.7186934,-9.6623424],[-35.7184441,-9.6623366],[-35.7178153,-9.6623398],[-35.7175195,-9.6623413],[-35.7173252,-9.662344],[-35.7173075,-9.6623443],[-35.7163286,-9.6623347],[-35.7149345,-9.6623327],[-35.7144682,-9.6623262],[-35.7140092,-9.6623139],[-35.7136342,-9.6623068],[-35.7130138,-9.6622824],[-35.712437,-9.6622436],[-35.71176,-9.6621959],[-35.7117689,-9.6621255],[-35.7117713,-9.6616555],[-35.7117714,-9.6616344],[-35.7117702,-9.6615557],[-35.7117652,-9.6612468],[-35.7117604,-9.6609466],[-35.7117554,-9.6601637],[-35.711217,-9.6601554],[-35.7108824,-9.6601471],[-35.710676,-9.6597807],[-35.7105426,-9.6595511],[-35.7104853,-9.6594117],[-35.7104277,-9.659287],[-35.7103716,-9.6591507],[-35.7102908,-9.6589453],[-35.7102832,-9.6589081],[-35.7102826,-9.6586641],[-35.7102829,-9.658306],[-35.7102803,-9.6576492],[-35.7102813,-9.657308],[-35.7102796,-9.6570495],[-35.7102632,-9.6566855],[-35.7102476,-9.6563899],[-35.7102484,-9.6563777],[-35.7114506,-9.6563687],[-35.7117672,-9.656367],[-35.7127347,-9.656362]]]]}},
{"type":"Feature","properties":{"ibge_code_municipio":"2704302","name":"Antares","code":"2704302001"},"geometry":{"type":"MultiPolygon","coordinates":[[[[-35.7418743,-9.5806166],[-35.7418482,-9.5806493],[-35.74183,-9.5806558],[-35.7418028,-9.580666],[-35.7417541,-9.5807197],[-35.7417152,-9.5807543],[-35.7417017,-9.5807698],[-35.7416821,-9.580825],[-35.7416862,-9.5808765],[-35.7416849,-9.5809407],[-35.7416662,-9.580995],[-35.7416511,-9.5810466],[-35.7416515,-9.5810963],[-35.7416292,-9.5811552],[-35.7416041,-9.5812033],[-35.74158,-9.5812613],[-35.7415533,-9.581332],[-35.7415246,-9.5813855],[-35.7414858,-9.5814374],[-35.7414244,-9.5814893],[-35.7413809,-9.5815168],[-35.7413411,-9.5815469],[-35.7413104,-9.5815851],[-35.7412753,-9.5816288],[-35.7412374,-9.5816706],[-35.741204,-9.5817124],[-35.7411761,-9.5817497],[-35.7411193,-9.5818143],[-35.7410723,-9.5818617],[-35.7410272,-9.5819126],[-35.7409938,-9.5819463],[-35.7409522,-9.5819755],[-35.740927,-9.5820137],[-35.7409056,-9.5820717],[-35.740888,-9.5821459],[-35.7408775,-9.5821957],[-35.7408697,-9.5822518],[-35.7408557,-9.5823214],[-35.7408354,-9.5823957],[-35.740816,-9.5824799],[-35.7408037,-9.5825306],[-35.7407877,-9.5825786],[-35.7407466,-9.5826792],[-35.7407243,-9.5827327],[-35.7407039,-9.5827979],[-35.7406879,-9.5828423],[-35.7406747,-9.5829065],[-35.7406534,-9.5829763],[-35.7406374,-9.5830216],[-35.7406079,-9.5830914],[-35.7405821,-9.5831557],[-35.7405535,-9.5832228],[-35.7405185,-9.5832872],[-35.7404825,-9.5833372],[-35.740429,-9.5833729],[-35.7403693,-9.5834203],[-35.7403197,-9.5834749],[-35.7402855,-9.5835204],[-35.7402733,-9.5835927],[-35.740272,-9.5836551],[-35.7402744,-9.5837274],[-35.7402759,-9.5837987],[-35.7402838,-9.5838755],[-35.7402933,-9.5839224],[-35.7403173,-9.5839637],[-35.7403304,-9.5840088],[-35.7403344,-9.5840558],[-35.740335,-9.5841344],[-35.7403346,-9.5841976],[-35.7403097,-9.5842629],[-35.7402865,-9.5843231],[-35.7402633,-9.5843834],[-35.7402221,-9.5844641],[-35.7401825,-9.5845295],[-35.7401564,-9.5845685],[-35.7401331,-9.5846121],[-35.7401274,-9.584628],[-35.7401064,-9.5846864],[-35.7400958,-9.5847525],[-35.7400911,-9.5848167],[-35.7400888,-9.5848719],[-35.7400756,-9.5849351],[-35.7401018,-9.5849796],[-35.7401311,-9.585034],[-35.740171,-9.5851286],[-35.740186,-9.5851935],[-35.7401667,-9.5852759],[-35.7401497,-9.5853203],[-35.7401494,-9.5853917],[-35.7401427,-9.5854613],[-35.7401269,-9.5855373],[-35.7401255,-9.5855943],[-35.7401369,-9.5856439],[-35.7401836,-9.585686],[-35.7402076,-9.5857246],[-35.740219,-9.5857887],[-35.7402177,-9.5858474],[-35.7402147,-9.5859333],[-35.740216,-9.585982],[-35.7402256,-9.5860344],[-35.7402269,-9.5860913],[-35.740231,-9.5861418],[-35.7402341,-9.5861915],[-35.7402374,-9.5862574],[-35.7402378,-9.5863144],[-35.7402392,-9.586374],[-35.7402469,-9.5864209],[-35.740263,-9.5865003],[-35.740268,-9.5865517],[-35.7402675,-9.5866078],[-35.7402579,-9.5866593],[-35.7402476,-9.5867353],[-35.7402453,-9.5867859],[-35.7402475,-9.586841],[-35.7402579,-9.586887],[-35.7402757,-9.586951],[-35.7402716,-9.5870026],[-35.7402593,-9.5870623],[-35.7402416,-9.5871193],[-35.7402147,-9.5871711],[-35.7401805,-9.5872246],[-35.7401755,-9.5872753],[-35.7401768,-9.5873268],[-35.7401773,-9.5873864],[-35.7401886,-9.5874423],[-35.7402037,-9.5874991],[-35.7402077,-9.5875461],[-35.740208,-9.5875921],[-35.7402094,-9.5876427],[-35.7402097,-9.5876888],[-35.740212,-9.587743],[-35.7402171,-9.5878071],[-35.7402239,-9.5878649],[-35.7402268,-9.5878829],[-35.7402306,-9.5879109],[-35.7402327,-9.5879389],[-35.7402354,-9.5880125],[-35.7402516,-9.5880705],[-35.7402672,-9.588129],[-35.74028,-9.5881686],[-35.7403135,-9.5882746],[-35.7403452,-9.5883736],[-35.7403544,-9.5884718],[-35.7403429,-9.5885744],[-35.7403331,-9.5886619],[-35.7403232,-9.5887499],[-35.740311,-9.5888608],[-35.7403011,-9.588949],[-35.7402995,-9.5889753],[-35.7402945,-9.5890655],[-35.7403043,-9.5891285],[-35.7403137,-9.589172],[-35.7403357,-9.5892209],[-35.7403414,-9.5892305],[-35.7403669,-9.5892738],[-35.7403857,-9.5893038],[-35.7403859,-9.5893427],[-35.7403917,-9.5893829],[-35.7403938,-9.5894203],[-35.740405,-9.5894634],[-35.7404114,-9.5895071],[-35.7404189,-9.5895658],[-35.7404264,-9.5896168],[-35.7404355,-9.5896596],[-35.7404526,-9.5897156],[-35.740463,-9.5897521],[-35.7404793,-9.5897843],[-35.7404862,-9.5898232],[-35.740488,-9.5898584],[-35.7404884,-9.5898676],[-35.7404817,-9.5899155],[-35.7404559,-9.589958],[-35.7404468,-9.5899996],[-35.7404448,-9.5900362],[-35.7404442,-9.5900484],[-35.7404442,-9.5900892],[-35.7404518,-9.5902332],[-35.7404539,-9.5902738],[-35.7404663,-9.5903274],[-35.7404838,-9.5904169],[-35.7404998,-9.5904983],[-35.7406456,-9.5906454],[-35.7406889,-9.5907542],[-35.7408448,-9.5908968],[-35.7410346,-9.591005],[-35.7412389,-9.5911106],[-35.7414967,-9.5912216],[-35.7417111,-9.5914337],[-35.7420102,-9.5917485],[-35.7424255,-9.5921972],[-35.742642,-9.5924071],[-35.7427347,-9.5927241],[-35.7428876,-9.5930043],[-35.743026,-9.5930914],[-35.7432337,-9.5932957],[-35.7434134,-9.5935669],[-35.7433475,-9.5940212],[-35.7437293,-9.594499],[-35.7439852,-9.5947776],[-35.7439542,-9.5948263],[-35.7439119,-9.5948992],[-35.7438719,-9.594987],[-35.7438486,-9.5950382],[-35.7438319,-9.5950748],[-35.7438267,-9.5953529],[-35.7438214,-9.5955105],[-35.7440471,-9.5956784],[-35.7440329,-9.5959047],[-35.7394464,-9.593629],[-35.7382314,-9.5930427],[-35.7381942,-9.5930276],[-35.7353177,-9.5915637],[-35.7352497,-9.5915968],[-35.7351989,-9.591618],[-35.7350772,-9.5916551],[-35.7349382,-9.5916851],[-35.7348809,-9.5916928],[-35.7348254,-9.5917013],[-35.7347646,-9.5917235],[-35.7347001,-9.5917339],[-35.7346401,-9.5917516],[-35.7345138,-9.5917743],[-35.7344555,-9.5917756],[-35.7344008,-9.5917616],[-35.7343496,-9.5917349],[-35.7342884,-9.5917101],[-35.7342282,-9.5916916],[-35.7341761,-9.5916712],[-35.7341159,-9.5916509],[-35.7340638,-9.591626],[-35.7340018,-9.5916111],[-35.7339453,-9.5916107],[-35.7339056,-9.591649],[-35.7338748,-9.5916745],[-35.7338653,-9.5916213],[-35.7338494,-9.5915672],[-35.7338471,-9.5915104],[-35.7338476,-9.5914533],[-35.7338362,-9.5913965],[-35.7338275,-9.5913388],[-35.7338252,-9.5912764],[-35.7338229,-9.591215],[-35.7338105,-9.5911455],[-35.7337963,-9.5910824],[-35.7337785,-9.5910148],[-35.7337689,-9.5909498],[-35.7337511,-9.5908957],[-35.7337343,-9.5908372],[-35.7337165,-9.5907731],[-35.7337124,-9.5907172],[-35.7337046,-9.5906594],[-35.7336842,-9.5906053],[-35.7336663,-9.5905368],[-35.7336675,-9.5904492],[-35.7336679,-9.5903877],[-35.7336546,-9.5903273],[-35.7336187,-9.5902661],[-35.7335908,-9.590204],[-35.7335694,-9.5901409],[-35.7335562,-9.5900823],[-35.7335874,-9.5900388],[-35.7336256,-9.5899914],[-35.7336242,-9.5899345],[-35.7336183,-9.5898795],[-35.733616,-9.5898198],[-35.7336037,-9.5897648],[-35.733575,-9.5897099],[-35.7335755,-9.5896548],[-35.7335595,-9.5895899],[-35.7335518,-9.5895303],[-35.7335221,-9.58947],[-35.7334789,-9.5894143],[-35.7334366,-9.5893578],[-35.733398,-9.5893102],[-35.7333748,-9.5892625],[-35.733347,-9.5892013],[-35.7333092,-9.5891401],[-35.7332896,-9.5890815],[-35.7332719,-9.5890302],[-35.7332587,-9.5889716],[-35.733231,-9.5889185],[-35.7332033,-9.5888708],[-35.7331755,-9.5888186],[-35.7331397,-9.5887719],[-35.7331057,-9.5887259],[-35.7330683,-9.5886722],[-35.7330329,-9.588621],[-35.733001,-9.5885083],[-35.732996,-9.5884532],[-35.7329537,-9.5884039],[-35.7329124,-9.5883608],[-35.7328693,-9.5883151],[-35.7328189,-9.5882253],[-35.7327899,-9.5881784],[-35.7327486,-9.5881426],[-35.7327011,-9.5880969],[-35.7326669,-9.5880556],[-35.7326347,-9.5880106],[-35.7325996,-9.5879522],[-35.7325932,-9.5879432],[-35.7325637,-9.5879001],[-35.7325441,-9.5878334],[-35.7325227,-9.5877784],[-35.7325004,-9.5877244],[-35.7324863,-9.5876712],[-35.7324532,-9.5876245],[-35.7324164,-9.5875787],[-35.7323944,-9.5875563],[-35.7323541,-9.5875349],[-35.7323086,-9.5875298],[-35.7322711,-9.587503],[-35.7322444,-9.5874662],[-35.7322199,-9.5873688],[-35.7322028,-9.5872759],[-35.7321814,-9.5872173],[-35.7321501,-9.5871724],[-35.732136,-9.5871264],[-35.7320873,-9.5870502],[-35.732078,-9.5870375],[-35.732028,-9.5869704],[-35.7319352,-9.5868456],[-35.7318712,-9.5867596],[-35.7313684,-9.5871846],[-35.7304871,-9.5879163],[-35.7304692,-9.5877968],[-35.7304576,-9.5877188],[-35.7305216,-9.5876367],[-35.7305821,-9.5875796],[-35.7309185,-9.5872977],[-35.7310186,-9.5871867],[-35.7310852,-9.5870814],[-35.7311234,-9.5869664],[-35.7311956,-9.5868218],[-35.7312522,-9.5867237],[-35.7312701,-9.5866445],[-35.7312597,-9.5865976],[-35.7312211,-9.5865545],[-35.731158,-9.5865116],[-35.7309225,-9.5866246],[-35.7307444,-9.5867082],[-35.730673,-9.5867639],[-35.730608,-9.5868385],[-35.7305292,-9.5868888],[-35.7304222,-9.586933],[-35.7303285,-9.5869509],[-35.7302276,-9.5869608],[-35.7301376,-9.5869768],[-35.7300357,-9.5869885],[-35.7299437,-9.5869802],[-35.7298543,-9.5869583],[-35.7297548,-9.5869283],[-35.7296662,-9.5868902],[-35.7295758,-9.5868457],[-35.7294953,-9.5868021],[-35.7294157,-9.5867521],[-35.7293415,-9.5866994],[-35.7292583,-9.5866477],[-35.7291697,-9.5866095],[-35.7290738,-9.5865723],[-35.7289888,-9.5865287],[-35.72892,-9.5864642],[-35.7288729,-9.5863778],[-35.7288294,-9.5862914],[-35.7287778,-9.5862132],[-35.7287117,-9.5861478],[-35.7286321,-9.5860906],[-35.728548,-9.5860506],[-35.7284611,-9.5860034],[-35.7283669,-9.5859463],[-35.7282819,-9.5859027],[-35.7281888,-9.5858664],[-35.7280993,-9.58584],[-35.7280072,-9.585819],[-35.7279124,-9.585799],[-35.7278256,-9.585759],[-35.7277432,-9.585701],[-35.7276565,-9.5856736],[-35.7275705,-9.5856228],[-35.7275044,-9.5855529],[-35.7274474,-9.5854819],[-35.7273605,-9.5854248],[-35.7272827,-9.5853766],[-35.7272122,-9.5853193],[-35.7271569,-9.5852348],[-35.7270917,-9.5851685],[-35.7270175,-9.5851113],[-35.726965,-9.5850304],[-35.7269133,-9.5849467],[-35.7268634,-9.5848532],[-35.7268162,-9.5847605],[-35.7267682,-9.5846705],[-35.7267156,-9.5845797],[-35.7266775,-9.5844833],[-35.7266404,-9.5843968],[-35.7265453,-9.5842377],[-35.7264928,-9.5841595],[-35.7264412,-9.5840813],[-35.7263905,-9.5840022],[-35.7262949,-9.5838791],[-35.7262424,-9.5838028],[-35.7261717,-9.5837283],[-35.7260966,-9.5836702],[-35.726026,-9.5836057],[-35.7259544,-9.583543],[-35.7258838,-9.5834731],[-35.7258212,-9.5833895],[-35.7257361,-9.5833315],[-35.7256842,-9.5833355],[-35.7252959,-9.5833376],[-35.7251736,-9.5833549],[-35.7243402,-9.5833994],[-35.7241997,-9.5833567],[-35.724214,-9.583218],[-35.7242048,-9.5832026],[-35.7241937,-9.5831828],[-35.724187,-9.5831395],[-35.7241931,-9.5831006],[-35.7242063,-9.5830848],[-35.7243311,-9.582945],[-35.7243462,-9.5829024],[-35.7243495,-9.58285],[-35.7243274,-9.5828203],[-35.7242934,-9.5827772],[-35.724254,-9.5827486],[-35.7242164,-9.58272],[-35.7241897,-9.5826832],[-35.7241851,-9.5826769],[-35.7241564,-9.5826157],[-35.7241352,-9.5825752],[-35.7241148,-9.5825347],[-35.7240915,-9.5824941],[-35.724056,-9.5824629],[-35.7240229,-9.5824261],[-35.7240216,-9.5823791],[-35.7240213,-9.582333],[-35.7240227,-9.5822824],[-35.7240295,-9.5822264],[-35.7240472,-9.5821657],[-35.7240699,-9.5820834],[-35.7241024,-9.5819703],[-35.7240962,-9.5818761],[-35.7241005,-9.5817677],[-35.7240832,-9.5816558],[-35.7240755,-9.5815972],[-35.7240656,-9.5815006],[-35.7240785,-9.5814092],[-35.7240677,-9.5813135],[-35.724067,-9.5812186],[-35.724069,-9.5811238],[-35.7240595,-9.5810769],[-35.7240482,-9.5810318],[-35.7240423,-9.580983],[-35.7240311,-9.580937],[-35.7240161,-9.5808929],[-35.7240048,-9.5808424],[-35.7239845,-9.580801],[-35.7239774,-9.5807762],[-35.7239704,-9.5807514],[-35.7239582,-9.5807037],[-35.7239378,-9.5806595],[-35.7239184,-9.5806181],[-35.7239025,-9.5805703],[-35.7238903,-9.5805225],[-35.7238771,-9.5804675],[-35.7238767,-9.5804106],[-35.7238826,-9.5803636],[-35.7238914,-9.5803183],[-35.7238901,-9.5802723],[-35.7238843,-9.5802262],[-35.7238693,-9.5801785],[-35.723858,-9.580127],[-35.7238602,-9.5800611],[-35.7238653,-9.5800131],[-35.7238649,-9.579968],[-35.723866,-9.5798722],[-35.7238328,-9.5798255],[-35.7238079,-9.5797837],[-35.7237857,-9.5797418],[-35.7237742,-9.5797175],[-35.7237385,-9.5796437],[-35.7237263,-9.5795941],[-35.7237286,-9.5795453],[-35.7237282,-9.5794947],[-35.7237151,-9.5794487],[-35.7236965,-9.5793992],[-35.7236716,-9.5793542],[-35.723644,-9.5793147],[-35.7236082,-9.5792833],[-35.7235668,-9.5792249],[-35.7235646,-9.5791834],[-35.7235834,-9.5791371],[-35.7235703,-9.579093],[-35.72353,-9.5790599],[-35.7234997,-9.579033],[-35.7234538,-9.57899],[-35.723441,-9.5789801],[-35.7234145,-9.5789587],[-35.7233814,-9.5789255],[-35.7233611,-9.5788832],[-35.7233545,-9.5788652],[-35.7233276,-9.5787922],[-35.7233045,-9.5787526],[-35.7232713,-9.578705],[-35.7232364,-9.5786583],[-35.723206,-9.5786197],[-35.7232075,-9.5785736],[-35.7232171,-9.5785256],[-35.7232277,-9.5784795],[-35.7232501,-9.5784386],[-35.7232771,-9.5783987],[-35.7232994,-9.5783434],[-35.7233154,-9.5782999],[-35.7233278,-9.5782537],[-35.7233265,-9.5782076],[-35.7233189,-9.5781607],[-35.7233139,-9.5781065],[-35.7233108,-9.5780587],[-35.7233122,-9.5780117],[-35.7233383,-9.5779681],[-35.7233488,-9.577922],[-35.7233685,-9.5778793],[-35.7234019,-9.5778456],[-35.7234354,-9.5778129],[-35.723477,-9.5777872],[-35.7235278,-9.577767],[-35.7235916,-9.5777665],[-35.7236416,-9.5777624],[-35.7236652,-9.5777596],[-35.7237108,-9.5777592],[-35.7237353,-9.577759],[-35.723779,-9.5777496],[-35.7237951,-9.5777197],[-35.7237874,-9.5776673],[-35.7237906,-9.5776158],[-35.7237327,-9.5775458],[-35.7236741,-9.5775065],[-35.723655,-9.5774985],[-35.7236461,-9.5774987],[-35.7236183,-9.5774717],[-35.7236015,-9.5774203],[-35.7236084,-9.5773697],[-35.7236416,-9.5773365],[-35.7236799,-9.5773238],[-35.7237172,-9.5773065],[-35.7238019,-9.5773176],[-35.7238946,-9.5772933],[-35.7239855,-9.5772782],[-35.7240822,-9.577283],[-35.7241672,-9.5772388],[-35.724218,-9.5771599],[-35.7242791,-9.5771003],[-35.7243747,-9.5769411],[-35.7244469,-9.5769271],[-35.7244838,-9.5768201],[-35.7244246,-9.5767548],[-35.7244668,-9.5766853],[-35.7245347,-9.5766378],[-35.7245841,-9.5766591],[-35.7246221,-9.5767464],[-35.7247239,-9.5767303],[-35.7248101,-9.5766916],[-35.7248558,-9.5766055],[-35.7248586,-9.5765188],[-35.7248051,-9.5763246],[-35.7248607,-9.5762683],[-35.7249356,-9.5762235],[-35.7250134,-9.576166],[-35.7250712,-9.5760969],[-35.7251098,-9.5760824],[-35.7251507,-9.5760591],[-35.725205,-9.5759838],[-35.7252288,-9.5758888],[-35.7252837,-9.5758151],[-35.725338,-9.5757732],[-35.7253517,-9.5757618],[-35.7254399,-9.5757678],[-35.7255315,-9.5757518],[-35.725608,-9.5757295],[-35.7256208,-9.5757276],[-35.7256436,-9.5757409],[-35.7256588,-9.5757488],[-35.7256712,-9.5757481],[-35.7258289,-9.5756835],[-35.7258678,-9.5756588],[-35.7259058,-9.5756296],[-35.7259367,-9.575623],[-35.7260013,-9.5756116],[-35.72611,-9.5755593],[-35.726135,-9.575485],[-35.7261099,-9.5754256],[-35.7260832,-9.5753896],[-35.7260571,-9.5753121],[-35.7260743,-9.5752689],[-35.726091,-9.5752269],[-35.7261585,-9.5750078],[-35.7261581,-9.5749626],[-35.7262238,-9.5747488],[-35.726244,-9.574661],[-35.7262582,-9.5746185],[-35.7263456,-9.5745076],[-35.7263929,-9.5745027],[-35.7264268,-9.5745205],[-35.7264625,-9.5745473],[-35.726564,-9.5744732],[-35.7265683,-9.574467],[-35.7266362,-9.5744167],[-35.7266807,-9.5744019],[-35.7267116,-9.5743963],[-35.7267605,-9.574367],[-35.7267986,-9.574345],[-35.7268112,-9.5742958],[-35.7268215,-9.5742535],[-35.7268212,-9.5742165],[-35.7268209,-9.5741713],[-35.7268078,-9.5740115],[-35.7268553,-9.5739262],[-35.7268865,-9.5737551],[-35.7268777,-9.5736559],[-35.7268701,-9.5736108],[-35.72682,-9.5734973],[-35.7267698,-9.5733586],[-35.7267676,-9.5733161],[-35.7267635,-9.5732708],[-35.7267596,-9.5732258],[-35.7267586,-9.5732096],[-35.7267576,-9.5731636],[-35.726757,-9.5731342],[-35.726756,-9.5731138],[-35.7267619,-9.5730551],[-35.7267626,-9.5730431],[-35.7267667,-9.5728562],[-35.7267772,-9.5728065],[-35.7267969,-9.572762],[-35.726872,-9.5727027],[-35.7268912,-9.5727152],[-35.7270047,-9.5726791],[-35.7270317,-9.5726427],[-35.7270688,-9.5726181],[-35.7271072,-9.5725202],[-35.7271216,-9.5725038],[-35.7271551,-9.5724746],[-35.7271789,-9.5724589],[-35.7272701,-9.5724023],[-35.72736,-9.5723754],[-35.7273826,-9.5722433],[-35.7274004,-9.572198],[-35.7274285,-9.5721797],[-35.7274904,-9.5721326],[-35.7275468,-9.5720896],[-35.7276122,-9.5720419],[-35.7276466,-9.5720145],[-35.7276665,-9.5719945],[-35.7277017,-9.5719608],[-35.7277478,-9.5719224],[-35.7277794,-9.5718897],[-35.7278114,-9.5718603],[-35.727829,-9.5718442],[-35.7278463,-9.5718286],[-35.7278682,-9.5718089],[-35.7278716,-9.5718058],[-35.7278799,-9.5717978],[-35.7278961,-9.571782],[-35.7279122,-9.5717657],[-35.7279744,-9.5716275],[-35.7279846,-9.5716016],[-35.7279945,-9.5715799],[-35.7280062,-9.5715617],[-35.7280208,-9.5714541],[-35.7280472,-9.5714127],[-35.7280622,-9.5713905],[-35.7282158,-9.5713613],[-35.7282659,-9.5713672],[-35.7283043,-9.571392],[-35.7284223,-9.5714681],[-35.7285454,-9.571375],[-35.7286344,-9.5712838],[-35.7287413,-9.571171],[-35.7290857,-9.5708885],[-35.7292894,-9.5707605],[-35.7296048,-9.5705416],[-35.7297034,-9.5704732],[-35.7297749,-9.5704184],[-35.7297949,-9.5703975],[-35.7298371,-9.5703536],[-35.7298561,-9.5703338],[-35.7298778,-9.5703092],[-35.7299175,-9.5702709],[-35.7299509,-9.5702391],[-35.7300207,-9.5702015],[-35.7300869,-9.5701621],[-35.7302202,-9.5700809],[-35.7302695,-9.5700184],[-35.7303515,-9.5699216],[-35.7304003,-9.5698499],[-35.7304034,-9.5697948],[-35.7303806,-9.5697366],[-35.7303806,-9.5696982],[-35.7303983,-9.5696578],[-35.7304347,-9.5696214],[-35.7304882,-9.5695596],[-35.7305225,-9.5695294],[-35.7305766,-9.569491],[-35.7306265,-9.5694411],[-35.7306462,-9.5693923],[-35.7306639,-9.5693278],[-35.7306452,-9.5692811],[-35.7306202,-9.5692052],[-35.7305849,-9.5691179],[-35.7305537,-9.5690426],[-35.730548,-9.5690067],[-35.7305636,-9.5689672],[-35.7305948,-9.5689204],[-35.7306415,-9.5688524],[-35.7306784,-9.5688035],[-35.7306956,-9.5687739],[-35.7307132,-9.5687329],[-35.7307299,-9.5686861],[-35.7307382,-9.5686404],[-35.7307403,-9.5685894],[-35.7307288,-9.5685375],[-35.7307226,-9.568471],[-35.7307247,-9.5684242],[-35.7307247,-9.5683847],[-35.7307216,-9.5683431],[-35.730706,-9.5682881],[-35.7306925,-9.5682402],[-35.730681,-9.5682018],[-35.7306649,-9.5681535],[-35.7306519,-9.5680958],[-35.7306519,-9.5680469],[-35.7306519,-9.5679919],[-35.7306706,-9.5679108],[-35.7306883,-9.5678526],[-35.7307018,-9.5678245],[-35.7307351,-9.5677788],[-35.7307621,-9.5677445],[-35.7307943,-9.5676936],[-35.7308192,-9.5676479],[-35.7308192,-9.5676136],[-35.7307985,-9.5675606],[-35.7307993,-9.5675274],[-35.7307508,-9.5674417],[-35.7307625,-9.5673829],[-35.7308264,-9.5673104],[-35.7308704,-9.5673038],[-35.7309382,-9.5672469],[-35.7309608,-9.5672032],[-35.730964,-9.5671627],[-35.7309601,-9.5671042],[-35.7309507,-9.5670489],[-35.7309304,-9.5669959],[-35.7308895,-9.566944],[-35.7308576,-9.5669144],[-35.7308202,-9.5668716],[-35.73081,-9.5667983],[-35.7308022,-9.5667523],[-35.7307894,-9.5666954],[-35.7301984,-9.566546],[-35.7302274,-9.5664589],[-35.7302617,-9.5663586],[-35.7302987,-9.5662636],[-35.7303356,-9.5661422],[-35.7303726,-9.5659891],[-35.7303831,-9.5658888],[-35.7303963,-9.5657713],[-35.7309124,-9.565894],[-35.7310364,-9.5659178],[-35.7310866,-9.5658637],[-35.7312093,-9.565737],[-35.7312661,-9.5656855],[-35.731328,-9.5656494],[-35.7313749,-9.5656424],[-35.7314215,-9.5656354],[-35.7314807,-9.5656432],[-35.7315446,-9.5656533],[-35.7315704,-9.5656619],[-35.7316296,-9.5656806],[-35.7317052,-9.5657203],[-35.7317917,-9.5657577],[-35.7318736,-9.565799],[-35.7319398,-9.5658162],[-35.7320237,-9.56583],[-35.7321081,-9.5658412],[-35.7321972,-9.5658518],[-35.7323206,-9.5658597],[-35.73238,-9.5658492],[-35.7324546,-9.565832],[-35.73258,-9.5658082],[-35.7326459,-9.565795],[-35.7326803,-9.5657739],[-35.7327528,-9.5657159],[-35.7328729,-9.5656274],[-35.7329139,-9.5656142],[-35.7331791,-9.565576],[-35.733224,-9.5655654],[-35.7333613,-9.5654809],[-35.7333877,-9.5654466],[-35.7334233,-9.565378],[-35.7334576,-9.565308],[-35.7334946,-9.5652737],[-35.7336671,-9.5652209],[-35.7336843,-9.5652222],[-35.7338295,-9.56531],[-35.7338506,-9.565316],[-35.7338856,-9.5653173],[-35.7339531,-9.565317],[-35.7340314,-9.5653186],[-35.7340961,-9.5653193],[-35.73417,-9.5653206],[-35.7341951,-9.5653186],[-35.7342287,-9.5653087],[-35.7342974,-9.5652889],[-35.7343567,-9.565276],[-35.7343977,-9.5652694],[-35.7344223,-9.5652649],[-35.7344719,-9.5652539],[-35.7345392,-9.5652374],[-35.7345742,-9.5652189],[-35.7346045,-9.5651952],[-35.7346441,-9.5651662],[-35.73473,-9.5650863],[-35.7347597,-9.5650553],[-35.7347789,-9.5650309],[-35.7348039,-9.5649906],[-35.7348257,-9.564953],[-35.7348574,-9.5648989],[-35.7349221,-9.5648045],[-35.7349796,-9.5647309],[-35.7349691,-9.5644643],[-35.7349803,-9.5643033],[-35.7349856,-9.564238],[-35.7349915,-9.5641014],[-35.7349955,-9.5640341],[-35.7350027,-9.5639463],[-35.7350093,-9.5638658],[-35.7350133,-9.5638229],[-35.7350252,-9.5637754],[-35.7350463,-9.5636837],[-35.7350502,-9.5636672],[-35.7350753,-9.563656],[-35.7351215,-9.5636414],[-35.7351644,-9.5636335],[-35.7352172,-9.5636249],[-35.7352641,-9.5636197],[-35.7352842,-9.5636088],[-35.7353238,-9.5635349],[-35.7353568,-9.5634491],[-35.7354782,-9.5632168],[-35.7356699,-9.5629192],[-35.735761,-9.5627766],[-35.7358124,-9.5627017],[-35.7361019,-9.5627862],[-35.7362449,-9.5628268],[-35.7372879,-9.5617573],[-35.7380336,-9.560986],[-35.738079,-9.5609385],[-35.7386366,-9.5603964],[-35.7388114,-9.5601953],[-35.7395037,-9.5594926],[-35.739946,-9.5590424],[-35.7403007,-9.558666],[-35.7405959,-9.5583756],[-35.7410451,-9.5579314],[-35.741205,-9.5577709],[-35.7413111,-9.5576954],[-35.741751,-9.5580865],[-35.7421539,-9.5584495],[-35.7428567,-9.5591012],[-35.7431462,-9.5593628],[-35.7441163,-9.560272],[-35.7446253,-9.5607684],[-35.7449127,-9.5610441],[-35.7450067,-9.5611498],[-35.7450821,-9.5612566],[-35.7456145,-9.5622994],[-35.7457058,-9.5625822],[-35.745924,-9.5630042],[-35.7461585,-9.5634232],[-35.7465689,-9.56421],[-35.7468012,-9.5646631],[-35.7469437,-9.5649375],[-35.7470034,-9.565055],[-35.7470458,-9.5651425],[-35.7470887,-9.5651958],[-35.7473007,-9.5655893],[-35.7474093,-9.5657925],[-35.7474239,-9.5658199],[-35.7478817,-9.5667027],[-35.7479301,-9.5667622],[-35.7481204,-9.567144],[-35.7483586,-9.5675778],[-35.7487453,-9.5683389],[-35.749033,-9.5688764],[-35.7491387,-9.5690585],[-35.7492339,-9.5692572],[-35.7495493,-9.5698118],[-35.749658,-9.5700186],[-35.7497094,-9.5701152],[-35.7499425,-9.5705622],[-35.7499995,-9.5706546],[-35.7504474,-9.5715047],[-35.7503477,-9.571459],[-35.7498334,-9.5713476],[-35.7498172,-9.5713441],[-35.7493989,-9.5712267],[-35.7488115,-9.5710789],[-35.7487201,-9.5710569],[-35.7484374,-9.5716647],[-35.7483495,-9.5718683],[-35.7483104,-9.5719368],[-35.7481779,-9.5722252],[-35.7478804,-9.5727945],[-35.7477407,-9.5730664],[-35.7477095,-9.5730883],[-35.7476493,-9.5731826],[-35.7475791,-9.5732926],[-35.7474596,-9.5734723],[-35.7474361,-9.5735003],[-35.7473638,-9.5735863],[-35.7473252,-9.5736388],[-35.7469354,-9.5742184],[-35.746767,-9.5744829],[-35.7467021,-9.5745603],[-35.7466346,-9.5745841],[-35.7465044,-9.5745678],[-35.7463637,-9.5745156],[-35.7463552,-9.5745325],[-35.7461975,-9.5748469],[-35.7461841,-9.5748987],[-35.7461225,-9.5750102],[-35.7460101,-9.5752555],[-35.7458408,-9.5754978],[-35.7457973,-9.575546],[-35.7456062,-9.5758437],[-35.7454364,-9.5760922],[-35.7452629,-9.5763568],[-35.7446465,-9.5770655],[-35.7442181,-9.5775402],[-35.7440344,-9.5777558],[-35.7439719,-9.577823],[-35.7438232,-9.5779828],[-35.7432527,-9.5785963],[-35.7432404,-9.578647],[-35.7432271,-9.5786941],[-35.7432284,-9.578742],[-35.7432333,-9.5787889],[-35.7432381,-9.5788241],[-35.7432392,-9.5788377],[-35.7432423,-9.5788901],[-35.7432472,-9.5789352],[-35.7432439,-9.5789804],[-35.7432325,-9.5790275],[-35.743231,-9.5790736],[-35.7432396,-9.5791187],[-35.7433136,-9.5793801],[-35.7432683,-9.579403],[-35.7432205,-9.5794345],[-35.7432148,-9.5794378],[-35.7431705,-9.5794689],[-35.7431288,-9.5794972],[-35.7430863,-9.5795219],[-35.7430392,-9.5795512],[-35.7429876,-9.5795878],[-35.7429451,-9.5796297],[-35.7429045,-9.5796743],[-35.7428775,-9.579716],[-35.7428151,-9.5797894],[-35.7428009,-9.5798061],[-35.7427748,-9.5798506],[-35.7427251,-9.579888],[-35.7426843,-9.5799145],[-35.7426408,-9.5799374],[-35.7425973,-9.5799559],[-35.7425474,-9.5799843],[-35.7425076,-9.5800162],[-35.7424742,-9.5800472],[-35.7424353,-9.5800773],[-35.7423846,-9.5801139],[-35.7423756,-9.5801202],[-35.7423303,-9.5801486],[-35.7422869,-9.5801833],[-35.7422398,-9.5802126],[-35.7421963,-9.5802391],[-35.7421464,-9.5802594],[-35.7421075,-9.5802913],[-35.7420723,-9.5803323],[-35.7420426,-9.580375],[-35.7420165,-9.5804131],[-35.7419996,-9.5804566],[-35.741968,-9.5804957],[-35.7419356,-9.5805366],[-35.7419005,-9.5805839],[-35.7418743,-9.5806166]]]]}},
{"type":"Feature","properties":{"ibge_code_municipio":"2704302","name":"Canaã","code":"2704302006"},"geometry":{"type":"MultiPolygon","coordinates":[[[[-35.7350703,-9.6022118],[-35.7350888,-9.6022084],[-35.7351078,-9.6022123],[-35.7351241,-9.6022174],[-35.7351415,-9.6022241],[-35.7351639,-9.6022303],[-35.7351841,-9.6022336],[-35.7352138,-9.6022325],[-35.7352508,-9.602232],[-35.7352884,-9.602223],[-35.7353304,-9.6022141],[-35.7353729,-9.6021812],[-35.7354011,-9.6021747],[-35.7354367,-9.6021916],[-35.735468,-9.6022329],[-35.7354993,-9.6022679],[-35.735543,-9.6022756],[-35.7355712,-9.6022691],[-35.7356329,-9.6022487],[-35.7356856,-9.6022357],[-35.7357473,-9.6022045],[-35.7358606,-9.6021866],[-35.7359272,-9.602166],[-35.7359782,-9.6021602],[-35.7360926,-9.6021222],[-35.7361886,-9.6020627],[-35.7362521,-9.6020333],[-35.7363574,-9.6019982],[-35.73645,-9.6019712],[-35.7365273,-9.6019598],[-35.7366066,-9.6019637],[-35.7366704,-9.6019803],[-35.7367052,-9.6019972],[-35.7369439,-9.6020306],[-35.7370205,-9.6020381],[-35.7370823,-9.6020295],[-35.7371213,-9.6020075],[-35.73715,-9.6019612],[-35.7371899,-9.6018208],[-35.737205,-9.6017773],[-35.7372392,-9.6017228],[-35.7372933,-9.6016655],[-35.7373438,-9.6016064],[-35.7375319,-9.6014522],[-35.7376388,-9.6013854],[-35.7377206,-9.6012612],[-35.7377536,-9.6012269],[-35.7378266,-9.6011906],[-35.7379026,-9.6011285],[-35.7379487,-9.6010866],[-35.7381154,-9.600994],[-35.7381856,-9.600998],[-35.738265,-9.6010208],[-35.7383335,-9.601051],[-35.7383709,-9.6010643],[-35.7384155,-9.6010639],[-35.7384591,-9.6010527],[-35.7384916,-9.6010145],[-35.7385309,-9.6009212],[-35.7385502,-9.6008392],[-35.7385951,-9.6007562],[-35.7386108,-9.6007023],[-35.7386307,-9.6006502],[-35.7386658,-9.6006084],[-35.7387203,-9.6005818],[-35.7387883,-9.6005595],[-35.7388645,-9.6005237],[-35.7389388,-9.6004788],[-35.739035,-9.6004329],[-35.7392232,-9.6002977],[-35.7394266,-9.6001172],[-35.7394882,-9.6000797],[-35.7395589,-9.6000448],[-35.7396178,-9.6000109],[-35.7396823,-9.5999896],[-35.7397965,-9.5999209],[-35.7398515,-9.5998572],[-35.7399212,-9.5998124],[-35.7400063,-9.5997557],[-35.7400796,-9.5997115],[-35.7401096,-9.5996935],[-35.7401208,-9.5997744],[-35.7401296,-9.5999144],[-35.740137,-9.6000137],[-35.7401118,-9.6001121],[-35.7397003,-9.6008511],[-35.7396386,-9.6009836],[-35.7396021,-9.6011176],[-35.7395877,-9.6012988],[-35.7396427,-9.6014315],[-35.7397396,-9.6015651],[-35.7430555,-9.6043375],[-35.7430768,-9.6043555],[-35.7432162,-9.6044636],[-35.7432929,-9.6045282],[-35.7433269,-9.6045568],[-35.7430609,-9.6046985],[-35.7429383,-9.6047717],[-35.7426977,-9.6049262],[-35.7423775,-9.6051636],[-35.7421841,-9.6053255],[-35.7419258,-9.6055739],[-35.7417399,-9.6057737],[-35.741601,-9.605942],[-35.7415493,-9.6060118],[-35.7413811,-9.6062381],[-35.7411995,-9.6065066],[-35.7410255,-9.6068018],[-35.7408779,-9.6070988],[-35.74074,-9.6074332],[-35.7407094,-9.6075186],[-35.7406031,-9.6078319],[-35.7405503,-9.608026],[-35.7405033,-9.6082323],[-35.7404702,-9.6083901],[-35.7404442,-9.6085536],[-35.7404214,-9.6087042],[-35.74025,-9.6102307],[-35.7402132,-9.6101821],[-35.7401575,-9.6101084],[-35.7400309,-9.6099635],[-35.7390966,-9.609199],[-35.737677,-9.6080142],[-35.7356846,-9.6063269],[-35.7348289,-9.6055813],[-35.7344675,-9.6052726],[-35.7341908,-9.6050519],[-35.733671,-9.6046459],[-35.733578,-9.6046972],[-35.7334514,-9.6045782],[-35.7331764,-9.6043446],[-35.7329061,-9.604056],[-35.7329857,-9.6039443],[-35.7331311,-9.603864],[-35.7331731,-9.6038094],[-35.7331506,-9.6037415],[-35.7330897,-9.6036977],[-35.7330321,-9.6036041],[-35.7329624,-9.6034432],[-35.7329529,-9.6033009],[-35.733005,-9.6031337],[-35.7330879,-9.603035],[-35.7332248,-9.6029644],[-35.7332797,-9.6028915],[-35.7333705,-9.6027906],[-35.7334277,-9.6027479],[-35.7334917,-9.6027379],[-35.7335578,-9.602739],[-35.7336108,-9.6027682],[-35.7336427,-9.6027917],[-35.7336604,-9.6028066],[-35.7336803,-9.6028239],[-35.7337016,-9.6028511],[-35.7337336,-9.6028736],[-35.73377,-9.6028832],[-35.7338163,-9.602887],[-35.733841,-9.6028876],[-35.733884,-9.6028842],[-35.7339378,-9.6028809],[-35.7339995,-9.6028702],[-35.7340494,-9.6028562],[-35.7340785,-9.6028405],[-35.7340976,-9.6028273],[-35.7341248,-9.6028001],[-35.7341341,-9.6027912],[-35.7341384,-9.602774],[-35.7341393,-9.6027439],[-35.7341372,-9.6026988],[-35.7341277,-9.6026555],[-35.7341164,-9.6026113],[-35.7341052,-9.6025671],[-35.7340984,-9.6025229],[-35.7340972,-9.6024777],[-35.7340681,-9.6023423],[-35.7341085,-9.6023243],[-35.7341418,-9.6023016],[-35.7341856,-9.6022803],[-35.7342259,-9.6022545],[-35.7342607,-9.6022276],[-35.7343134,-9.6022007],[-35.734356,-9.6021805],[-35.734393,-9.6021637],[-35.7344345,-9.6021491],[-35.7344951,-9.6021334],[-35.7345436,-9.6021213],[-35.7345932,-9.6021261],[-35.7346319,-9.6021396],[-35.7346785,-9.6021659],[-35.7347064,-9.6021826],[-35.7347422,-9.6021972],[-35.7347837,-9.6022039],[-35.7348264,-9.6022078],[-35.7348819,-9.6022106],[-35.7349733,-9.6022174],[-35.7350703,-9.6022118]]]]}}
]
}
